# Blender 5.2.2 LTS
# www.blender.org
mtllib pöytä.mtl
o Cylinder
v -0.697983 -0.306711 -2.923231
v -0.697983 1.450941 -2.923231
v -0.629448 -0.306711 -2.917435
v -0.629448 1.450941 -2.917435
v -0.563546 -0.306711 -2.900270
v -0.563546 1.450941 -2.900270
v -0.502811 -0.306711 -2.872395
v -0.502811 1.450941 -2.872395
v -0.449577 -0.306711 -2.834882
v -0.449577 1.450941 -2.834882
v -0.405888 -0.306711 -2.789172
v -0.405888 1.450941 -2.789172
v -0.373425 -0.306711 -2.737021
v -0.373425 1.450941 -2.737021
v -0.353434 -0.306711 -2.680435
v -0.353434 1.450941 -2.680435
v -0.346683 -0.306711 -2.621587
v -0.346683 1.450941 -2.621587
v -0.353434 -0.306711 -2.562739
v -0.353434 1.450941 -2.562739
v -0.373425 -0.306711 -2.506153
v -0.373425 1.450941 -2.506153
v -0.405888 -0.306711 -2.454002
v -0.405888 1.450941 -2.454002
v -0.449577 -0.306711 -2.408292
v -0.449577 1.450941 -2.408292
v -0.502811 -0.306711 -2.370779
v -0.502811 1.450941 -2.370779
v -0.563546 -0.306711 -2.342904
v -0.563546 1.450941 -2.342904
v -0.629448 -0.306711 -2.325739
v -0.629448 1.450941 -2.325739
v -0.697983 -0.306711 -2.319943
v -0.697983 1.450941 -2.319943
v -0.766518 -0.306711 -2.325739
v -0.766518 1.450941 -2.325739
v -0.832419 -0.306711 -2.342904
v -0.832419 1.450941 -2.342904
v -0.893154 -0.306711 -2.370779
v -0.893154 1.450941 -2.370779
v -0.946389 -0.306711 -2.408292
v -0.946389 1.450941 -2.408292
v -0.990077 -0.306711 -2.454002
v -0.990077 1.450941 -2.454002
v -1.022541 -0.306711 -2.506153
v -1.022541 1.450941 -2.506153
v -1.042532 -0.306711 -2.562739
v -1.042532 1.450941 -2.562739
v -1.049282 -0.306711 -2.621587
v -1.049282 1.450941 -2.621587
v -1.042532 -0.306711 -2.680435
v -1.042532 1.450941 -2.680435
v -1.022541 -0.306711 -2.737021
v -1.022541 1.450941 -2.737021
v -0.990077 -0.306711 -2.789172
v -0.990077 1.450941 -2.789172
v -0.946389 -0.306711 -2.834882
v -0.946389 1.450941 -2.834882
v -0.893154 -0.306711 -2.872395
v -0.893154 1.450941 -2.872395
v -0.832419 -0.306711 -2.900270
v -0.832419 1.450941 -2.900270
v -0.766518 -0.306711 -2.917435
v -0.766518 1.450941 -2.917435
v 1.252153 -0.306711 -2.923220
v 1.252153 1.450941 -2.923220
v 1.320745 -0.306711 -2.917941
v 1.320745 1.450941 -2.917941
v 1.386819 -0.306711 -2.901274
v 1.386819 1.450941 -2.901274
v 1.447837 -0.306711 -2.873858
v 1.447837 1.450941 -2.873858
v 1.501454 -0.306711 -2.836748
v 1.501454 1.450941 -2.836748
v 1.545609 -0.306711 -2.791369
v 1.545609 1.450941 -2.791369
v 1.578604 -0.306711 -2.739466
v 1.578604 1.450941 -2.739466
v 1.599174 -0.306711 -2.683033
v 1.599174 1.450941 -2.683033
v 1.606526 -0.306711 -2.624238
v 1.606526 1.450941 -2.624238
v 1.600379 -0.306711 -2.565342
v 1.600379 1.450941 -2.565342
v 1.580968 -0.306711 -2.508607
v 1.580968 1.450941 -2.508607
v 1.549039 -0.306711 -2.456213
v 1.549039 1.450941 -2.456213
v 1.505820 -0.306711 -2.410175
v 1.505820 1.450941 -2.410175
v 1.452972 -0.306711 -2.372262
v 1.452972 1.450941 -2.372262
v 1.392524 -0.306711 -2.343929
v 1.392524 1.450941 -2.343929
v 1.326801 -0.306711 -2.326267
v 1.326801 1.450941 -2.326267
v 1.258328 -0.306711 -2.319954
v 1.258328 1.450941 -2.319954
v 1.189736 -0.306711 -2.325233
v 1.189736 1.450941 -2.325233
v 1.123662 -0.306711 -2.341900
v 1.123662 1.450941 -2.341900
v 1.062644 -0.306711 -2.369316
v 1.062644 1.450941 -2.369316
v 1.009027 -0.306711 -2.406426
v 1.009027 1.450941 -2.406426
v 0.964873 -0.306711 -2.451805
v 0.964873 1.450941 -2.451805
v 0.931877 -0.306711 -2.503708
v 0.931877 1.450941 -2.503708
v 0.911307 -0.306711 -2.560141
v 0.911307 1.450941 -2.560141
v 0.903955 -0.306711 -2.618936
v 0.903955 1.450941 -2.618936
v 0.910103 -0.306711 -2.677832
v 0.910103 1.450941 -2.677832
v 0.929514 -0.306711 -2.734567
v 0.929514 1.450941 -2.734567
v 0.961442 -0.306711 -2.786961
v 0.961442 1.450941 -2.786961
v 1.004661 -0.306711 -2.832999
v 1.004661 1.450941 -2.832999
v 1.057509 -0.306711 -2.870913
v 1.057509 1.450941 -2.870913
v 1.117957 -0.306711 -2.899245
v 1.117957 1.450941 -2.899245
v 1.183680 -0.306711 -2.916907
v 1.183680 1.450941 -2.916907
v 1.875147 2.612120 -3.056440
v 1.875147 1.290915 -3.056440
v 1.875147 2.612120 1.529099
v 1.875147 1.290915 1.529099
v -1.272962 2.612120 -3.056440
v -1.272962 1.290915 -3.056440
v -1.272962 2.612120 1.529099
v -1.272962 1.290915 1.529099
v -0.637685 -0.362276 0.746540
v -0.637685 1.395377 0.746540
v -0.569150 -0.362276 0.752336
v -0.569150 1.395377 0.752336
v -0.503249 -0.362276 0.769501
v -0.503249 1.395377 0.769501
v -0.442514 -0.362276 0.797376
v -0.442514 1.395377 0.797376
v -0.389279 -0.362276 0.834889
v -0.389279 1.395377 0.834889
v -0.345591 -0.362276 0.880599
v -0.345591 1.395377 0.880599
v -0.313127 -0.362276 0.932750
v -0.313127 1.395377 0.932750
v -0.293136 -0.362276 0.989336
v -0.293136 1.395377 0.989336
v -0.286386 -0.362276 1.048184
v -0.286386 1.395377 1.048184
v -0.293136 -0.362276 1.107032
v -0.293136 1.395377 1.107032
v -0.313127 -0.362276 1.163618
v -0.313127 1.395377 1.163618
v -0.345591 -0.362276 1.215769
v -0.345591 1.395377 1.215769
v -0.389279 -0.362276 1.261478
v -0.389279 1.395377 1.261478
v -0.442514 -0.362276 1.298992
v -0.442514 1.395377 1.298992
v -0.503249 -0.362276 1.326867
v -0.503249 1.395377 1.326867
v -0.569150 -0.362276 1.344032
v -0.569150 1.395377 1.344032
v -0.637685 -0.362276 1.349828
v -0.637685 1.395377 1.349828
v -0.706220 -0.362276 1.344032
v -0.706220 1.395377 1.344032
v -0.772122 -0.362276 1.326867
v -0.772122 1.395377 1.326867
v -0.832857 -0.362276 1.298992
v -0.832857 1.395377 1.298992
v -0.886091 -0.362276 1.261478
v -0.886091 1.395377 1.261478
v -0.929780 -0.362276 1.215769
v -0.929780 1.395377 1.215769
v -0.962243 -0.362276 1.163618
v -0.962243 1.395377 1.163618
v -0.982234 -0.362276 1.107032
v -0.982234 1.395377 1.107032
v -0.988984 -0.362276 1.048184
v -0.988984 1.395377 1.048184
v -0.982234 -0.362276 0.989336
v -0.982234 1.395377 0.989336
v -0.962243 -0.362276 0.932750
v -0.962243 1.395377 0.932750
v -0.929780 -0.362276 0.880599
v -0.929780 1.395377 0.880599
v -0.886091 -0.362276 0.834889
v -0.886091 1.395377 0.834889
v -0.832857 -0.362276 0.797376
v -0.832857 1.395377 0.797376
v -0.772122 -0.362276 0.769501
v -0.772122 1.395377 0.769501
v -0.706220 -0.362276 0.752336
v -0.706220 1.395377 0.752336
v 1.312450 -0.362276 0.746551
v 1.312450 1.395377 0.746551
v 1.381042 -0.362276 0.751830
v 1.381042 1.395377 0.751830
v 1.447117 -0.362276 0.768497
v 1.447117 1.395377 0.768497
v 1.508135 -0.362276 0.795913
v 1.508135 1.395377 0.795913
v 1.561751 -0.362276 0.833023
v 1.561751 1.395377 0.833023
v 1.605906 -0.362276 0.878401
v 1.605906 1.395377 0.878401
v 1.638902 -0.362276 0.930305
v 1.638902 1.395377 0.930305
v 1.659471 -0.362276 0.986738
v 1.659471 1.395377 0.986738
v 1.666824 -0.362276 1.045533
v 1.666824 1.395377 1.045533
v 1.660676 -0.362276 1.104429
v 1.660676 1.395377 1.104429
v 1.641265 -0.362276 1.161164
v 1.641265 1.395377 1.161164
v 1.609337 -0.362276 1.213557
v 1.609337 1.395377 1.213557
v 1.566118 -0.362276 1.259596
v 1.566118 1.395377 1.259596
v 1.513269 -0.362276 1.297509
v 1.513269 1.395377 1.297509
v 1.452822 -0.362276 1.325842
v 1.452822 1.395377 1.325842
v 1.387099 -0.362276 1.343503
v 1.387099 1.395377 1.343503
v 1.318625 -0.362276 1.349816
v 1.318625 1.395377 1.349816
v 1.250034 -0.362276 1.344538
v 1.250034 1.395377 1.344538
v 1.183959 -0.362276 1.327871
v 1.183959 1.395377 1.327871
v 1.122941 -0.362276 1.300455
v 1.122941 1.395377 1.300455
v 1.069325 -0.362276 1.263345
v 1.069325 1.395377 1.263345
v 1.025170 -0.362276 1.217966
v 1.025170 1.395377 1.217966
v 0.992174 -0.362276 1.166063
v 0.992174 1.395377 1.166063
v 0.971605 -0.362276 1.109630
v 0.971605 1.395377 1.109630
v 0.964252 -0.362276 1.050835
v 0.964252 1.395377 1.050835
v 0.970400 -0.362276 0.991939
v 0.970400 1.395377 0.991939
v 0.989811 -0.362276 0.935203
v 0.989811 1.395377 0.935203
v 1.021739 -0.362276 0.882810
v 1.021739 1.395377 0.882810
v 1.064958 -0.362276 0.836772
v 1.064958 1.395377 0.836772
v 1.117807 -0.362276 0.798858
v 1.117807 1.395377 0.798858
v 1.178254 -0.362276 0.770526
v 1.178254 1.395377 0.770526
v 1.243977 -0.362276 0.752864
v 1.243977 1.395377 0.752864
v 0.136112 2.028986 -1.191281
v 0.136112 2.464419 -1.191281
v 0.136112 2.028986 -2.977188
v 0.136112 2.464419 -2.977188
v 1.922020 2.028986 -1.191281
v 1.922020 2.464419 -1.191281
v 1.922020 2.028986 -2.977188
v 1.922020 2.464419 -2.977188
v 0.136112 2.464419 -1.191281
v 0.136112 2.464419 -2.977188
v 1.922020 2.464419 -1.191281
v 1.922020 2.464419 -2.977188
v 1.799631 2.464419 -2.854799
v 0.258501 2.464419 -2.854799
v 0.258501 2.464419 -1.313670
v 1.799631 2.464419 -1.313670
v 1.799631 2.464419 -2.854799
v 0.258501 2.464419 -2.854799
v 0.258501 2.464419 -1.313670
v 1.799631 2.464419 -1.313670
v 0.136112 1.535388 -1.191281
v 0.136112 1.970821 -1.191281
v 0.136112 1.535388 -2.977188
v 0.136112 1.970821 -2.977188
v 1.922020 1.535388 -1.191281
v 1.922020 1.970821 -1.191281
v 1.922020 1.535388 -2.977188
v 1.922020 1.970821 -2.977188
v 0.136112 1.970821 -1.191281
v 0.136112 1.970821 -2.977188
v 1.922020 1.970821 -1.191281
v 1.922020 1.970821 -2.977188
v 1.799631 1.970821 -2.854799
v 0.258501 1.970821 -2.854799
v 0.258501 1.970821 -1.313670
v 1.799631 1.970821 -1.313670
v 1.799631 1.970821 -2.854799
v 0.258501 1.970821 -2.854799
v 0.258501 1.970821 -1.313670
v 1.799631 1.970821 -1.313670
v 0.156086 2.028986 1.445586
v 0.156086 2.464419 1.445586
v 0.156086 2.028986 -0.340322
v 0.156086 2.464419 -0.340322
v 1.941994 2.028986 1.445586
v 1.941994 2.464419 1.445586
v 1.941994 2.028986 -0.340322
v 1.941994 2.464419 -0.340322
v 0.156086 2.464419 1.445586
v 0.156086 2.464419 -0.340322
v 1.941994 2.464419 1.445586
v 1.941994 2.464419 -0.340322
v 1.819605 2.464419 -0.217933
v 0.278475 2.464419 -0.217933
v 0.278475 2.464419 1.323197
v 1.819605 2.464419 1.323197
v 1.819605 2.464419 -0.217933
v 0.278475 2.464419 -0.217933
v 0.278475 2.464419 1.323197
v 1.819605 2.464419 1.323197
v 0.156086 1.535091 1.445586
v 0.156086 1.970524 1.445586
v 0.156086 1.535091 -0.340322
v 0.156086 1.970524 -0.340322
v 1.941994 1.535091 1.445586
v 1.941994 1.970524 1.445586
v 1.941994 1.535091 -0.340322
v 1.941994 1.970524 -0.340322
v 0.156086 1.970524 1.445586
v 0.156086 1.970524 -0.340322
v 1.941994 1.970524 1.445586
v 1.941994 1.970524 -0.340322
v 1.819605 1.970524 -0.217933
v 0.278475 1.970524 -0.217933
v 0.278475 1.970524 1.323197
v 1.819605 1.970524 1.323197
v 1.819605 1.970524 -0.217933
v 0.278475 1.970524 -0.217933
v 0.278475 1.970524 1.323197
v 1.819605 1.970524 1.323197
v 2.014974 2.342939 0.554737
v 2.014974 2.326810 0.480775
v 2.014974 2.300406 0.444044
v 2.014974 2.265908 0.424166
v 2.014974 2.247237 0.421608
v 2.014974 2.228566 0.424166
v 2.014974 2.194068 0.444044
v 2.014974 2.151535 0.554737
v 2.018057 2.341100 0.529264
v 2.021022 2.335654 0.504770
v 2.023754 2.326810 0.482196
v 2.026149 2.314909 0.462410
v 2.028114 2.300406 0.446171
v 2.029575 2.283861 0.434105
v 2.030474 2.265908 0.426675
v 2.030778 2.247237 0.424166
v 2.030474 2.228566 0.426675
v 2.029575 2.210613 0.434105
v 2.028114 2.194068 0.446171
v 2.026149 2.179565 0.462410
v 2.023754 2.167664 0.482196
v 2.021022 2.158820 0.504770
v 2.018057 2.153374 0.529264
v 2.021022 2.341100 0.530742
v 2.026837 2.335654 0.507669
v 2.032197 2.326810 0.486405
v 2.036895 2.314909 0.467766
v 2.040750 2.300406 0.452470
v 2.043615 2.283861 0.441105
v 2.045379 2.265908 0.434105
v 2.045974 2.247237 0.431742
v 2.045379 2.228566 0.434105
v 2.043615 2.210613 0.441105
v 2.040750 2.194068 0.452470
v 2.036895 2.179565 0.467766
v 2.032197 2.167664 0.486405
v 2.026837 2.158820 0.507669
v 2.021022 2.153374 0.530742
v 2.023754 2.341100 0.533142
v 2.032197 2.335654 0.512377
v 2.039978 2.326810 0.493240
v 2.046798 2.314909 0.476466
v 2.052395 2.300406 0.462700
v 2.056554 2.283861 0.452470
v 2.059115 2.265908 0.446171
v 2.059980 2.247237 0.444045
v 2.059115 2.228566 0.446171
v 2.056554 2.210613 0.452470
v 2.052395 2.194068 0.462700
v 2.046798 2.179565 0.476466
v 2.039978 2.167664 0.493240
v 2.032197 2.158820 0.512377
v 2.023754 2.153374 0.533142
v 2.026149 2.341100 0.536372
v 2.036895 2.335654 0.518713
v 2.046798 2.326810 0.502438
v 2.055478 2.314909 0.488173
v 2.062602 2.300406 0.476466
v 2.067895 2.283861 0.467766
v 2.071155 2.265908 0.462410
v 2.072256 2.247237 0.460601
v 2.071155 2.228566 0.462410
v 2.067895 2.210613 0.467766
v 2.062602 2.194068 0.476466
v 2.055478 2.179565 0.488173
v 2.046798 2.167664 0.502438
v 2.036895 2.158820 0.518713
v 2.026149 2.153374 0.536372
v 2.028114 2.341100 0.540308
v 2.040750 2.335654 0.526433
v 2.052395 2.326810 0.513646
v 2.062602 2.314909 0.502438
v 2.070979 2.300406 0.493240
v 2.077203 2.283861 0.486405
v 2.081036 2.265908 0.482196
v 2.082330 2.247237 0.480775
v 2.081036 2.228566 0.482196
v 2.077203 2.210613 0.486405
v 2.070979 2.194068 0.493240
v 2.062602 2.179565 0.502438
v 2.052395 2.167664 0.513646
v 2.040750 2.158820 0.526433
v 2.028114 2.153374 0.540308
v 2.029575 2.341100 0.544798
v 2.043615 2.335654 0.535241
v 2.056554 2.326810 0.526433
v 2.067895 2.314909 0.518713
v 2.077203 2.300406 0.512377
v 2.084119 2.283861 0.507669
v 2.088378 2.265908 0.504770
v 2.089816 2.247237 0.503791
v 2.088378 2.228566 0.504770
v 2.084119 2.210613 0.507669
v 2.077203 2.194068 0.512377
v 2.067895 2.179565 0.518713
v 2.056554 2.167664 0.526433
v 2.043615 2.158820 0.535241
v 2.029575 2.153374 0.544798
v 2.030474 2.341100 0.549670
v 2.045379 2.335654 0.544798
v 2.059115 2.326810 0.540308
v 2.071155 2.314909 0.536372
v 2.081036 2.300406 0.533142
v 2.088378 2.283861 0.530742
v 2.092899 2.265908 0.529264
v 2.094426 2.247237 0.528765
v 2.092899 2.228566 0.529264
v 2.088378 2.210613 0.530742
v 2.081036 2.194068 0.533142
v 2.071155 2.179565 0.536372
v 2.059115 2.167664 0.540308
v 2.045379 2.158820 0.544798
v 2.030474 2.153374 0.549670
v 2.030778 2.341100 0.554737
v 2.045974 2.335654 0.554737
v 2.059980 2.326810 0.554737
v 2.072256 2.314909 0.554737
v 2.082330 2.300406 0.554737
v 2.089816 2.283861 0.554737
v 2.094426 2.265908 0.554737
v 2.095983 2.247237 0.554737
v 2.094426 2.228566 0.554737
v 2.089816 2.210613 0.554737
v 2.082330 2.194068 0.554737
v 2.072256 2.179565 0.554737
v 2.059980 2.167664 0.554737
v 2.045974 2.158820 0.554737
v 2.030778 2.153374 0.554737
v 2.030474 2.341100 0.559804
v 2.045379 2.335654 0.564676
v 2.059115 2.326810 0.569167
v 2.071155 2.314909 0.573102
v 2.081036 2.300406 0.576332
v 2.088378 2.283861 0.578732
v 2.092899 2.265908 0.580210
v 2.094426 2.247237 0.580709
v 2.092899 2.228566 0.580210
v 2.088378 2.210613 0.578732
v 2.081036 2.194068 0.576332
v 2.071155 2.179565 0.573102
v 2.059115 2.167664 0.569167
v 2.045379 2.158820 0.564676
v 2.030474 2.153374 0.559804
v 2.029575 2.341100 0.564676
v 2.043615 2.335654 0.574234
v 2.056554 2.326810 0.583041
v 2.067895 2.314909 0.590762
v 2.077203 2.300406 0.597098
v 2.084119 2.283861 0.601805
v 2.088378 2.265908 0.604705
v 2.089816 2.247237 0.605684
v 2.088378 2.228566 0.604705
v 2.084119 2.210613 0.601805
v 2.077203 2.194068 0.597098
v 2.067895 2.179565 0.590762
v 2.056554 2.167664 0.583041
v 2.043615 2.158820 0.574234
v 2.029575 2.153374 0.564676
v 2.028114 2.341100 0.569167
v 2.040750 2.335654 0.583041
v 2.052395 2.326810 0.595829
v 2.062602 2.314909 0.607037
v 2.070979 2.300406 0.616235
v 2.077203 2.283861 0.623070
v 2.081036 2.265908 0.627279
v 2.082330 2.247237 0.628700
v 2.081036 2.228566 0.627279
v 2.077203 2.210613 0.623070
v 2.070979 2.194068 0.616235
v 2.062602 2.179565 0.607037
v 2.052395 2.167664 0.595829
v 2.040750 2.158820 0.583041
v 2.028114 2.153374 0.569167
v 2.026149 2.341100 0.573102
v 2.036895 2.335654 0.590762
v 2.046798 2.326810 0.607037
v 2.055478 2.314909 0.621302
v 2.062602 2.300406 0.633009
v 2.067895 2.283861 0.641708
v 2.071155 2.265908 0.647065
v 2.072256 2.247237 0.648874
v 2.071155 2.228566 0.647065
v 2.067895 2.210613 0.641708
v 2.062602 2.194068 0.633009
v 2.055478 2.179565 0.621302
v 2.046798 2.167664 0.607037
v 2.036895 2.158820 0.590762
v 2.026149 2.153374 0.573102
v 2.023754 2.341100 0.576332
v 2.032197 2.335654 0.597098
v 2.039978 2.326810 0.616235
v 2.046798 2.314909 0.633009
v 2.052395 2.300406 0.646775
v 2.056554 2.283861 0.657004
v 2.059115 2.265908 0.663303
v 2.059980 2.247237 0.665430
v 2.059115 2.228566 0.663303
v 2.056554 2.210613 0.657004
v 2.052395 2.194068 0.646775
v 2.046798 2.179565 0.633009
v 2.039978 2.167664 0.616235
v 2.032197 2.158820 0.597098
v 2.023754 2.153374 0.576332
v 2.021022 2.341100 0.578732
v 2.026837 2.335654 0.601805
v 2.032197 2.326810 0.623070
v 2.036895 2.314909 0.641708
v 2.040750 2.300406 0.657004
v 2.043615 2.283861 0.668370
v 2.045379 2.265908 0.675369
v 2.045974 2.247237 0.677732
v 2.045379 2.228566 0.675369
v 2.043615 2.210613 0.668370
v 2.040750 2.194068 0.657004
v 2.036895 2.179565 0.641708
v 2.032197 2.167664 0.623070
v 2.026837 2.158820 0.601805
v 2.021022 2.153374 0.578732
v 2.018057 2.341100 0.580210
v 2.021022 2.335654 0.604705
v 2.023754 2.326810 0.627279
v 2.026149 2.314909 0.647065
v 2.028114 2.300406 0.663303
v 2.029575 2.283861 0.675369
v 2.030474 2.265908 0.682799
v 2.030778 2.247237 0.685308
v 2.030474 2.228566 0.682799
v 2.029575 2.210613 0.675369
v 2.028114 2.194068 0.663303
v 2.026149 2.179565 0.647065
v 2.023754 2.167664 0.627279
v 2.021022 2.158820 0.604705
v 2.018057 2.153374 0.580210
v 2.014974 2.341100 0.580709
v 2.014974 2.335654 0.605684
v 2.014974 2.326810 0.628700
v 2.014974 2.314909 0.648874
v 2.014974 2.300406 0.665430
v 2.014974 2.283861 0.677732
v 2.014974 2.265908 0.685308
v 2.014974 2.247237 0.687866
v 2.014974 2.228566 0.685308
v 2.014974 2.210613 0.677732
v 2.014974 2.194068 0.665430
v 2.014974 2.179565 0.648874
v 2.014974 2.167664 0.628700
v 2.014974 2.158820 0.605684
v 2.014974 2.153374 0.580709
v 2.011891 2.341100 0.580210
v 2.008926 2.335654 0.604705
v 2.006194 2.326810 0.627279
v 2.003799 2.314909 0.647065
v 2.001833 2.300406 0.663303
v 2.000373 2.283861 0.675369
v 1.999473 2.265908 0.682799
v 1.999170 2.247237 0.685308
v 1.999473 2.228566 0.682799
v 2.000373 2.210613 0.675369
v 2.001833 2.194068 0.663303
v 2.003799 2.179565 0.647065
v 2.006194 2.167664 0.627279
v 2.008926 2.158820 0.604705
v 2.011891 2.153374 0.580210
v 2.008926 2.341100 0.578732
v 2.003110 2.335654 0.601805
v 1.997751 2.326810 0.623070
v 1.993053 2.314909 0.641708
v 1.989198 2.300406 0.657004
v 1.986333 2.283861 0.668370
v 1.984569 2.265908 0.675369
v 1.983973 2.247237 0.677732
v 1.984569 2.228566 0.675369
v 1.986333 2.210613 0.668370
v 1.989198 2.194068 0.657004
v 1.993053 2.179565 0.641708
v 1.997751 2.167664 0.623070
v 2.003110 2.158820 0.601805
v 2.008926 2.153374 0.578732
v 2.006194 2.341100 0.576332
v 1.997751 2.335654 0.597098
v 1.989970 2.326810 0.616235
v 1.983150 2.314909 0.633009
v 1.977553 2.300406 0.646775
v 1.973394 2.283861 0.657004
v 1.970833 2.265908 0.663303
v 1.969968 2.247237 0.665430
v 1.970833 2.228566 0.663303
v 1.973394 2.210613 0.657004
v 1.977553 2.194068 0.646775
v 1.983150 2.179565 0.633009
v 1.989970 2.167664 0.616235
v 1.997751 2.158820 0.597098
v 2.006194 2.153374 0.576332
v 2.003799 2.341100 0.573102
v 1.993053 2.335654 0.590762
v 1.983150 2.326810 0.607037
v 1.974469 2.314909 0.621302
v 1.967346 2.300406 0.633009
v 1.962052 2.283861 0.641708
v 1.958793 2.265908 0.647065
v 1.957692 2.247237 0.648874
v 1.958793 2.228566 0.647065
v 1.962052 2.210613 0.641708
v 1.967346 2.194068 0.633009
v 1.974469 2.179565 0.621302
v 1.983150 2.167664 0.607037
v 1.993053 2.158820 0.590762
v 2.003799 2.153374 0.573102
v 2.001833 2.341100 0.569167
v 1.989198 2.335654 0.583041
v 1.977553 2.326810 0.595829
v 1.967346 2.314909 0.607037
v 1.958969 2.300406 0.616235
v 1.952745 2.283861 0.623070
v 1.948912 2.265908 0.627279
v 1.947618 2.247237 0.628700
v 1.948912 2.228566 0.627279
v 1.952745 2.210613 0.623070
v 1.958969 2.194068 0.616235
v 1.967346 2.179565 0.607037
v 1.977553 2.167664 0.595829
v 1.989198 2.158820 0.583041
v 2.001833 2.153374 0.569167
v 2.000373 2.341100 0.564676
v 1.986333 2.335654 0.574234
v 1.973394 2.326810 0.583041
v 1.962052 2.314909 0.590762
v 1.952745 2.300406 0.597097
v 1.945828 2.283861 0.601805
v 1.941570 2.265908 0.604705
v 1.940131 2.247237 0.605683
v 1.941570 2.228566 0.604705
v 1.945828 2.210613 0.601805
v 1.952745 2.194068 0.597097
v 1.962052 2.179565 0.590762
v 1.973394 2.167664 0.583041
v 1.986333 2.158820 0.574234
v 2.000373 2.153374 0.564676
v 1.999474 2.341100 0.559804
v 1.984569 2.335654 0.564676
v 1.970833 2.326810 0.569167
v 1.958793 2.314909 0.573102
v 1.948912 2.300406 0.576332
v 1.941570 2.283861 0.578732
v 1.937048 2.265908 0.580210
v 1.935522 2.247237 0.580709
v 1.937048 2.228566 0.580210
v 1.941570 2.210613 0.578732
v 1.948912 2.194068 0.576332
v 1.958793 2.179565 0.573102
v 1.970833 2.167664 0.569167
v 1.984569 2.158820 0.564676
v 1.999474 2.153374 0.559804
v 1.999170 2.341100 0.554737
v 1.983973 2.335654 0.554737
v 1.969968 2.326810 0.554737
v 1.957692 2.314909 0.554737
v 1.947618 2.300406 0.554737
v 1.940131 2.283861 0.554737
v 1.935522 2.265908 0.554737
v 1.933965 2.247237 0.554737
v 1.935522 2.228566 0.554737
v 1.940131 2.210613 0.554737
v 1.947618 2.194068 0.554737
v 1.957692 2.179565 0.554737
v 1.969968 2.167664 0.554737
v 1.983973 2.158820 0.554737
v 1.999170 2.153374 0.554737
v 1.999474 2.341100 0.549670
v 1.984569 2.335654 0.544798
v 1.970833 2.326810 0.540308
v 1.958793 2.314909 0.536372
v 1.948912 2.300406 0.533142
v 1.941570 2.283861 0.530742
v 1.937048 2.265908 0.529264
v 1.935522 2.247237 0.528765
v 1.937048 2.228566 0.529264
v 1.941570 2.210613 0.530742
v 1.948912 2.194068 0.533142
v 1.958793 2.179565 0.536372
v 1.970833 2.167664 0.540308
v 1.984569 2.158820 0.544798
v 1.999474 2.153374 0.549670
v 2.000373 2.341100 0.544798
v 1.986333 2.335654 0.535241
v 1.973394 2.326810 0.526433
v 1.962052 2.314909 0.518713
v 1.952745 2.300406 0.512377
v 1.945828 2.283861 0.507669
v 1.941570 2.265908 0.504770
v 1.940131 2.247237 0.503791
v 1.941570 2.228566 0.504770
v 1.945828 2.210613 0.507669
v 1.952745 2.194068 0.512377
v 1.962052 2.179565 0.518713
v 1.973394 2.167664 0.526433
v 1.986333 2.158820 0.535241
v 2.000373 2.153374 0.544798
v 2.001833 2.341100 0.540308
v 1.989198 2.335654 0.526433
v 1.977553 2.326810 0.513646
v 1.967346 2.314909 0.502438
v 1.958969 2.300406 0.493240
v 1.952745 2.283861 0.486405
v 1.948912 2.265908 0.482196
v 1.947618 2.247237 0.480775
v 1.948912 2.228566 0.482196
v 1.952745 2.210613 0.486405
v 1.958969 2.194068 0.493240
v 1.967346 2.179565 0.502438
v 1.977553 2.167664 0.513646
v 1.989198 2.158820 0.526433
v 2.001833 2.153374 0.540308
v 2.003799 2.341100 0.536372
v 1.993053 2.335654 0.518713
v 1.983150 2.326810 0.502438
v 1.974469 2.314909 0.488173
v 1.967346 2.300406 0.476466
v 1.962052 2.283861 0.467767
v 1.958793 2.265908 0.462410
v 1.957692 2.247237 0.460601
v 1.958793 2.228566 0.462410
v 1.962052 2.210613 0.467767
v 1.967346 2.194068 0.476466
v 1.974469 2.179565 0.488173
v 1.983150 2.167664 0.502438
v 1.993053 2.158820 0.518713
v 2.003799 2.153374 0.536372
v 2.006194 2.341100 0.533142
v 1.997751 2.335654 0.512377
v 1.989970 2.326810 0.493240
v 1.983150 2.314909 0.476466
v 1.977553 2.300406 0.462700
v 1.973394 2.283861 0.452471
v 1.970833 2.265908 0.446171
v 1.969968 2.247237 0.444045
v 1.970833 2.228566 0.446171
v 1.973394 2.210613 0.452471
v 1.977553 2.194068 0.462700
v 1.983150 2.179565 0.476466
v 1.989970 2.167664 0.493240
v 1.997751 2.158820 0.512377
v 2.006194 2.153374 0.533142
v 2.008926 2.341100 0.530742
v 2.003110 2.335654 0.507669
v 1.997751 2.326810 0.486405
v 1.993053 2.314909 0.467767
v 1.989198 2.300406 0.452471
v 1.986333 2.283861 0.441105
v 1.984569 2.265908 0.434105
v 1.983973 2.247237 0.431742
v 1.984569 2.228566 0.434105
v 1.986333 2.210613 0.441105
v 1.989198 2.194068 0.452471
v 1.993053 2.179565 0.467767
v 1.997751 2.167664 0.486405
v 2.003110 2.158820 0.507669
v 2.008926 2.153374 0.530742
v 2.011891 2.341100 0.529264
v 2.008926 2.335654 0.504770
v 2.006194 2.326810 0.482196
v 2.003799 2.314909 0.462410
v 2.001833 2.300406 0.446171
v 2.000373 2.283861 0.434105
v 1.999474 2.265908 0.426675
v 1.999170 2.247237 0.424166
v 1.999474 2.228566 0.426675
v 2.000373 2.210613 0.434105
v 2.001833 2.194068 0.446171
v 2.003799 2.179565 0.462410
v 2.006194 2.167664 0.482196
v 2.008926 2.158820 0.504770
v 2.011891 2.153374 0.529264
v 2.014974 2.341100 0.528765
v 2.014974 2.335654 0.503791
v 2.014974 2.314909 0.460601
v 2.014974 2.283861 0.431742
v 2.014974 2.210613 0.431742
v 2.014974 2.179565 0.460601
v 2.014974 2.167664 0.480775
v 2.014974 2.158820 0.503791
v 2.014974 2.153374 0.528765
v 2.014974 1.849044 0.554737
v 2.014974 1.832915 0.480775
v 2.014974 1.806511 0.444044
v 2.014974 1.772012 0.424166
v 2.014974 1.753342 0.421608
v 2.014974 1.734671 0.424166
v 2.014974 1.700172 0.444044
v 2.014974 1.657639 0.554737
v 2.018057 1.847205 0.529264
v 2.021022 1.841759 0.504770
v 2.023754 1.832915 0.482196
v 2.026149 1.821013 0.462410
v 2.028114 1.806511 0.446171
v 2.029575 1.789965 0.434105
v 2.030474 1.772012 0.426675
v 2.030778 1.753342 0.424166
v 2.030474 1.734671 0.426675
v 2.029575 1.716718 0.434105
v 2.028114 1.700172 0.446171
v 2.026149 1.685670 0.462410
v 2.023754 1.673768 0.482196
v 2.021022 1.664924 0.504770
v 2.018057 1.659478 0.529264
v 2.021022 1.847205 0.530742
v 2.026837 1.841759 0.507669
v 2.032197 1.832915 0.486405
v 2.036895 1.821013 0.467766
v 2.040750 1.806511 0.452470
v 2.043615 1.789965 0.441105
v 2.045379 1.772012 0.434105
v 2.045974 1.753342 0.431742
v 2.045379 1.734671 0.434105
v 2.043615 1.716718 0.441105
v 2.040750 1.700172 0.452470
v 2.036895 1.685670 0.467766
v 2.032197 1.673768 0.486405
v 2.026837 1.664924 0.507669
v 2.021022 1.659478 0.530742
v 2.023754 1.847205 0.533142
v 2.032197 1.841759 0.512377
v 2.039978 1.832915 0.493240
v 2.046798 1.821013 0.476466
v 2.052395 1.806511 0.462700
v 2.056554 1.789965 0.452470
v 2.059115 1.772012 0.446171
v 2.059980 1.753342 0.444045
v 2.059115 1.734671 0.446171
v 2.056554 1.716718 0.452470
v 2.052395 1.700172 0.462700
v 2.046798 1.685670 0.476466
v 2.039978 1.673768 0.493240
v 2.032197 1.664924 0.512377
v 2.023754 1.659478 0.533142
v 2.026149 1.847205 0.536372
v 2.036895 1.841759 0.518713
v 2.046798 1.832915 0.502438
v 2.055478 1.821013 0.488173
v 2.062602 1.806511 0.476466
v 2.067895 1.789965 0.467766
v 2.071155 1.772012 0.462410
v 2.072256 1.753342 0.460601
v 2.071155 1.734671 0.462410
v 2.067895 1.716718 0.467766
v 2.062602 1.700172 0.476466
v 2.055478 1.685670 0.488173
v 2.046798 1.673768 0.502438
v 2.036895 1.664924 0.518713
v 2.026149 1.659478 0.536372
v 2.028114 1.847205 0.540308
v 2.040750 1.841759 0.526433
v 2.052395 1.832915 0.513646
v 2.062602 1.821013 0.502438
v 2.070979 1.806511 0.493240
v 2.077203 1.789965 0.486405
v 2.081036 1.772012 0.482196
v 2.082330 1.753342 0.480775
v 2.081036 1.734671 0.482196
v 2.077203 1.716718 0.486405
v 2.070979 1.700172 0.493240
v 2.062602 1.685670 0.502438
v 2.052395 1.673768 0.513646
v 2.040750 1.664924 0.526433
v 2.028114 1.659478 0.540308
v 2.029575 1.847205 0.544798
v 2.043615 1.841759 0.535241
v 2.056554 1.832915 0.526433
v 2.067895 1.821013 0.518713
v 2.077203 1.806511 0.512377
v 2.084119 1.789965 0.507669
v 2.088378 1.772012 0.504770
v 2.089816 1.753342 0.503791
v 2.088378 1.734671 0.504770
v 2.084119 1.716718 0.507669
v 2.077203 1.700172 0.512377
v 2.067895 1.685670 0.518713
v 2.056554 1.673768 0.526433
v 2.043615 1.664924 0.535241
v 2.029575 1.659478 0.544798
v 2.030474 1.847205 0.549670
v 2.045379 1.841759 0.544798
v 2.059115 1.832915 0.540308
v 2.071155 1.821013 0.536372
v 2.081036 1.806511 0.533142
v 2.088378 1.789965 0.530742
v 2.092899 1.772012 0.529264
v 2.094426 1.753342 0.528765
v 2.092899 1.734671 0.529264
v 2.088378 1.716718 0.530742
v 2.081036 1.700172 0.533142
v 2.071155 1.685670 0.536372
v 2.059115 1.673768 0.540308
v 2.045379 1.664924 0.544798
v 2.030474 1.659478 0.549670
v 2.030778 1.847205 0.554737
v 2.045974 1.841759 0.554737
v 2.059980 1.832915 0.554737
v 2.072256 1.821013 0.554737
v 2.082330 1.806511 0.554737
v 2.089816 1.789965 0.554737
v 2.094426 1.772012 0.554737
v 2.095983 1.753342 0.554737
v 2.094426 1.734671 0.554737
v 2.089816 1.716718 0.554737
v 2.082330 1.700172 0.554737
v 2.072256 1.685670 0.554737
v 2.059980 1.673768 0.554737
v 2.045974 1.664924 0.554737
v 2.030778 1.659478 0.554737
v 2.030474 1.847205 0.559804
v 2.045379 1.841759 0.564676
v 2.059115 1.832915 0.569167
v 2.071155 1.821013 0.573102
v 2.081036 1.806511 0.576332
v 2.088378 1.789965 0.578732
v 2.092899 1.772012 0.580210
v 2.094426 1.753342 0.580709
v 2.092899 1.734671 0.580210
v 2.088378 1.716718 0.578732
v 2.081036 1.700172 0.576332
v 2.071155 1.685670 0.573102
v 2.059115 1.673768 0.569167
v 2.045379 1.664924 0.564676
v 2.030474 1.659478 0.559804
v 2.029575 1.847205 0.564676
v 2.043615 1.841759 0.574234
v 2.056554 1.832915 0.583041
v 2.067895 1.821013 0.590762
v 2.077203 1.806511 0.597098
v 2.084119 1.789965 0.601805
v 2.088378 1.772012 0.604705
v 2.089816 1.753342 0.605684
v 2.088378 1.734671 0.604705
v 2.084119 1.716718 0.601805
v 2.077203 1.700172 0.597098
v 2.067895 1.685670 0.590762
v 2.056554 1.673768 0.583041
v 2.043615 1.664924 0.574234
v 2.029575 1.659478 0.564676
v 2.028114 1.847205 0.569167
v 2.040750 1.841759 0.583041
v 2.052395 1.832915 0.595829
v 2.062602 1.821013 0.607037
v 2.070979 1.806511 0.616235
v 2.077203 1.789965 0.623070
v 2.081036 1.772012 0.627279
v 2.082330 1.753342 0.628700
v 2.081036 1.734671 0.627279
v 2.077203 1.716718 0.623070
v 2.070979 1.700172 0.616235
v 2.062602 1.685670 0.607037
v 2.052395 1.673768 0.595829
v 2.040750 1.664924 0.583041
v 2.028114 1.659478 0.569167
v 2.026149 1.847205 0.573102
v 2.036895 1.841759 0.590762
v 2.046798 1.832915 0.607037
v 2.055478 1.821013 0.621302
v 2.062602 1.806511 0.633009
v 2.067895 1.789965 0.641708
v 2.071155 1.772012 0.647065
v 2.072256 1.753342 0.648874
v 2.071155 1.734671 0.647065
v 2.067895 1.716718 0.641708
v 2.062602 1.700172 0.633009
v 2.055478 1.685670 0.621302
v 2.046798 1.673768 0.607037
v 2.036895 1.664924 0.590762
v 2.026149 1.659478 0.573102
v 2.023754 1.847205 0.576332
v 2.032197 1.841759 0.597098
v 2.039978 1.832915 0.616235
v 2.046798 1.821013 0.633009
v 2.052395 1.806511 0.646775
v 2.056554 1.789965 0.657004
v 2.059115 1.772012 0.663303
v 2.059980 1.753342 0.665430
v 2.059115 1.734671 0.663303
v 2.056554 1.716718 0.657004
v 2.052395 1.700172 0.646775
v 2.046798 1.685670 0.633009
v 2.039978 1.673768 0.616235
v 2.032197 1.664924 0.597098
v 2.023754 1.659478 0.576332
v 2.021022 1.847205 0.578732
v 2.026837 1.841759 0.601805
v 2.032197 1.832915 0.623070
v 2.036895 1.821013 0.641708
v 2.040750 1.806511 0.657004
v 2.043615 1.789965 0.668370
v 2.045379 1.772012 0.675369
v 2.045974 1.753342 0.677732
v 2.045379 1.734671 0.675369
v 2.043615 1.716718 0.668370
v 2.040750 1.700172 0.657004
v 2.036895 1.685670 0.641708
v 2.032197 1.673768 0.623070
v 2.026837 1.664924 0.601805
v 2.021022 1.659478 0.578732
v 2.018057 1.847205 0.580210
v 2.021022 1.841759 0.604705
v 2.023754 1.832915 0.627279
v 2.026149 1.821013 0.647065
v 2.028114 1.806511 0.663303
v 2.029575 1.789965 0.675369
v 2.030474 1.772012 0.682799
v 2.030778 1.753342 0.685308
v 2.030474 1.734671 0.682799
v 2.029575 1.716718 0.675369
v 2.028114 1.700172 0.663303
v 2.026149 1.685670 0.647065
v 2.023754 1.673768 0.627279
v 2.021022 1.664924 0.604705
v 2.018057 1.659478 0.580210
v 2.014974 1.847205 0.580709
v 2.014974 1.841759 0.605684
v 2.014974 1.832915 0.628700
v 2.014974 1.821013 0.648874
v 2.014974 1.806511 0.665430
v 2.014974 1.789965 0.677732
v 2.014974 1.772012 0.685308
v 2.014974 1.753342 0.687866
v 2.014974 1.734671 0.685308
v 2.014974 1.716718 0.677732
v 2.014974 1.700172 0.665430
v 2.014974 1.685670 0.648874
v 2.014974 1.673768 0.628700
v 2.014974 1.664924 0.605684
v 2.014974 1.659478 0.580709
v 2.011891 1.847205 0.580210
v 2.008926 1.841759 0.604705
v 2.006194 1.832915 0.627279
v 2.003799 1.821013 0.647065
v 2.001833 1.806511 0.663303
v 2.000373 1.789965 0.675369
v 1.999473 1.772012 0.682799
v 1.999170 1.753342 0.685308
v 1.999473 1.734671 0.682799
v 2.000373 1.716718 0.675369
v 2.001833 1.700172 0.663303
v 2.003799 1.685670 0.647065
v 2.006194 1.673768 0.627279
v 2.008926 1.664924 0.604705
v 2.011891 1.659478 0.580210
v 2.008926 1.847205 0.578732
v 2.003110 1.841759 0.601805
v 1.997751 1.832915 0.623070
v 1.993053 1.821013 0.641708
v 1.989198 1.806511 0.657004
v 1.986333 1.789965 0.668370
v 1.984569 1.772012 0.675369
v 1.983973 1.753342 0.677732
v 1.984569 1.734671 0.675369
v 1.986333 1.716718 0.668370
v 1.989198 1.700172 0.657004
v 1.993053 1.685670 0.641708
v 1.997751 1.673768 0.623070
v 2.003110 1.664924 0.601805
v 2.008926 1.659478 0.578732
v 2.006194 1.847205 0.576332
v 1.997751 1.841759 0.597098
v 1.989970 1.832915 0.616235
v 1.983150 1.821013 0.633009
v 1.977553 1.806511 0.646775
v 1.973394 1.789965 0.657004
v 1.970833 1.772012 0.663303
v 1.969968 1.753342 0.665430
v 1.970833 1.734671 0.663303
v 1.973394 1.716718 0.657004
v 1.977553 1.700172 0.646775
v 1.983150 1.685670 0.633009
v 1.989970 1.673768 0.616235
v 1.997751 1.664924 0.597098
v 2.006194 1.659478 0.576332
v 2.003799 1.847205 0.573102
v 1.993053 1.841759 0.590762
v 1.983150 1.832915 0.607037
v 1.974469 1.821013 0.621302
v 1.967346 1.806511 0.633009
v 1.962052 1.789965 0.641708
v 1.958793 1.772012 0.647065
v 1.957692 1.753342 0.648874
v 1.958793 1.734671 0.647065
v 1.962052 1.716718 0.641708
v 1.967346 1.700172 0.633009
v 1.974469 1.685670 0.621302
v 1.983150 1.673768 0.607037
v 1.993053 1.664924 0.590762
v 2.003799 1.659478 0.573102
v 2.001833 1.847205 0.569167
v 1.989198 1.841759 0.583041
v 1.977553 1.832915 0.595829
v 1.967346 1.821013 0.607037
v 1.958969 1.806511 0.616235
v 1.952745 1.789965 0.623070
v 1.948912 1.772012 0.627279
v 1.947618 1.753342 0.628700
v 1.948912 1.734671 0.627279
v 1.952745 1.716718 0.623070
v 1.958969 1.700172 0.616235
v 1.967346 1.685670 0.607037
v 1.977553 1.673768 0.595829
v 1.989198 1.664924 0.583041
v 2.001833 1.659478 0.569167
v 2.000373 1.847205 0.564676
v 1.986333 1.841759 0.574234
v 1.973394 1.832915 0.583041
v 1.962052 1.821013 0.590762
v 1.952745 1.806511 0.597097
v 1.945828 1.789965 0.601805
v 1.941570 1.772012 0.604705
v 1.940131 1.753342 0.605683
v 1.941570 1.734671 0.604705
v 1.945828 1.716718 0.601805
v 1.952745 1.700172 0.597097
v 1.962052 1.685670 0.590762
v 1.973394 1.673768 0.583041
v 1.986333 1.664924 0.574234
v 2.000373 1.659478 0.564676
v 1.999474 1.847205 0.559804
v 1.984569 1.841759 0.564676
v 1.970833 1.832915 0.569167
v 1.958793 1.821013 0.573102
v 1.948912 1.806511 0.576332
v 1.941570 1.789965 0.578732
v 1.937048 1.772012 0.580210
v 1.935522 1.753342 0.580709
v 1.937048 1.734671 0.580210
v 1.941570 1.716718 0.578732
v 1.948912 1.700172 0.576332
v 1.958793 1.685670 0.573102
v 1.970833 1.673768 0.569167
v 1.984569 1.664924 0.564676
v 1.999474 1.659478 0.559804
v 1.999170 1.847205 0.554737
v 1.983973 1.841759 0.554737
v 1.969968 1.832915 0.554737
v 1.957692 1.821013 0.554737
v 1.947618 1.806511 0.554737
v 1.940131 1.789965 0.554737
v 1.935522 1.772012 0.554737
v 1.933965 1.753342 0.554737
v 1.935522 1.734671 0.554737
v 1.940131 1.716718 0.554737
v 1.947618 1.700172 0.554737
v 1.957692 1.685670 0.554737
v 1.969968 1.673768 0.554737
v 1.983973 1.664924 0.554737
v 1.999170 1.659478 0.554737
v 1.999474 1.847205 0.549670
v 1.984569 1.841759 0.544798
v 1.970833 1.832915 0.540308
v 1.958793 1.821013 0.536372
v 1.948912 1.806511 0.533142
v 1.941570 1.789965 0.530742
v 1.937048 1.772012 0.529264
v 1.935522 1.753342 0.528765
v 1.937048 1.734671 0.529264
v 1.941570 1.716718 0.530742
v 1.948912 1.700172 0.533142
v 1.958793 1.685670 0.536372
v 1.970833 1.673768 0.540308
v 1.984569 1.664924 0.544798
v 1.999474 1.659478 0.549670
v 2.000373 1.847205 0.544798
v 1.986333 1.841759 0.535241
v 1.973394 1.832915 0.526433
v 1.962052 1.821013 0.518713
v 1.952745 1.806511 0.512377
v 1.945828 1.789965 0.507669
v 1.941570 1.772012 0.504770
v 1.940131 1.753342 0.503791
v 1.941570 1.734671 0.504770
v 1.945828 1.716718 0.507669
v 1.952745 1.700172 0.512377
v 1.962052 1.685670 0.518713
v 1.973394 1.673768 0.526433
v 1.986333 1.664924 0.535241
v 2.000373 1.659478 0.544798
v 2.001833 1.847205 0.540308
v 1.989198 1.841759 0.526433
v 1.977553 1.832915 0.513646
v 1.967346 1.821013 0.502438
v 1.958969 1.806511 0.493240
v 1.952745 1.789965 0.486405
v 1.948912 1.772012 0.482196
v 1.947618 1.753342 0.480775
v 1.948912 1.734671 0.482196
v 1.952745 1.716718 0.486405
v 1.958969 1.700172 0.493240
v 1.967346 1.685670 0.502438
v 1.977553 1.673768 0.513646
v 1.989198 1.664924 0.526433
v 2.001833 1.659478 0.540308
v 2.003799 1.847205 0.536372
v 1.993053 1.841759 0.518713
v 1.983150 1.832915 0.502438
v 1.974469 1.821013 0.488173
v 1.967346 1.806511 0.476466
v 1.962052 1.789965 0.467767
v 1.958793 1.772012 0.462410
v 1.957692 1.753342 0.460601
v 1.958793 1.734671 0.462410
v 1.962052 1.716718 0.467767
v 1.967346 1.700172 0.476466
v 1.974469 1.685670 0.488173
v 1.983150 1.673768 0.502438
v 1.993053 1.664924 0.518713
v 2.003799 1.659478 0.536372
v 2.006194 1.847205 0.533142
v 1.997751 1.841759 0.512377
v 1.989970 1.832915 0.493240
v 1.983150 1.821013 0.476466
v 1.977553 1.806511 0.462700
v 1.973394 1.789965 0.452471
v 1.970833 1.772012 0.446171
v 1.969968 1.753342 0.444045
v 1.970833 1.734671 0.446171
v 1.973394 1.716718 0.452471
v 1.977553 1.700172 0.462700
v 1.983150 1.685670 0.476466
v 1.989970 1.673768 0.493240
v 1.997751 1.664924 0.512377
v 2.006194 1.659478 0.533142
v 2.008926 1.847205 0.530742
v 2.003110 1.841759 0.507669
v 1.997751 1.832915 0.486405
v 1.993053 1.821013 0.467767
v 1.989198 1.806511 0.452471
v 1.986333 1.789965 0.441105
v 1.984569 1.772012 0.434105
v 1.983973 1.753342 0.431742
v 1.984569 1.734671 0.434105
v 1.986333 1.716718 0.441105
v 1.989198 1.700172 0.452471
v 1.993053 1.685670 0.467767
v 1.997751 1.673768 0.486405
v 2.003110 1.664924 0.507669
v 2.008926 1.659478 0.530742
v 2.011891 1.847205 0.529264
v 2.008926 1.841759 0.504770
v 2.006194 1.832915 0.482196
v 2.003799 1.821013 0.462410
v 2.001833 1.806511 0.446171
v 2.000373 1.789965 0.434105
v 1.999474 1.772012 0.426675
v 1.999170 1.753342 0.424166
v 1.999474 1.734671 0.426675
v 2.000373 1.716718 0.434105
v 2.001833 1.700172 0.446171
v 2.003799 1.685670 0.462410
v 2.006194 1.673768 0.482196
v 2.008926 1.664924 0.504770
v 2.011891 1.659478 0.529264
v 2.014974 1.847205 0.528765
v 2.014974 1.841759 0.503791
v 2.014974 1.821013 0.460601
v 2.014974 1.789965 0.431742
v 2.014974 1.716718 0.431742
v 2.014974 1.685670 0.460601
v 2.014974 1.673768 0.480775
v 2.014974 1.664924 0.503791
v 2.014974 1.659478 0.528765
v 1.995000 2.342939 -2.082129
v 1.995000 2.326810 -2.156092
v 1.995000 2.300406 -2.192822
v 1.995000 2.265908 -2.212700
v 1.995000 2.247237 -2.215259
v 1.995000 2.228566 -2.212700
v 1.995000 2.194068 -2.192822
v 1.995000 2.151535 -2.082129
v 1.998083 2.341100 -2.107603
v 2.001048 2.335654 -2.132097
v 2.003780 2.326810 -2.154671
v 2.006175 2.314909 -2.174457
v 2.008140 2.300406 -2.190695
v 2.009601 2.283861 -2.202761
v 2.010500 2.265908 -2.210191
v 2.010804 2.247237 -2.212700
v 2.010500 2.228566 -2.210191
v 2.009601 2.210613 -2.202761
v 2.008140 2.194068 -2.190695
v 2.006175 2.179565 -2.174457
v 2.003780 2.167664 -2.154671
v 2.001048 2.158820 -2.132097
v 1.998083 2.153374 -2.107603
v 2.001048 2.341100 -2.106125
v 2.006863 2.335654 -2.129198
v 2.012223 2.326810 -2.150462
v 2.016920 2.314909 -2.169100
v 2.020776 2.300406 -2.184396
v 2.023641 2.283861 -2.195762
v 2.025405 2.265908 -2.202761
v 2.026000 2.247237 -2.205125
v 2.025405 2.228566 -2.202761
v 2.023641 2.210613 -2.195762
v 2.020776 2.194068 -2.184396
v 2.016920 2.179565 -2.169100
v 2.012223 2.167664 -2.150462
v 2.006863 2.158820 -2.129198
v 2.001048 2.153374 -2.106125
v 2.003780 2.341100 -2.103724
v 2.012223 2.335654 -2.124490
v 2.020004 2.326810 -2.143627
v 2.026824 2.314909 -2.160401
v 2.032421 2.300406 -2.174167
v 2.036580 2.283861 -2.184396
v 2.039141 2.265908 -2.190695
v 2.040006 2.247237 -2.192822
v 2.039141 2.228566 -2.190695
v 2.036580 2.210613 -2.184396
v 2.032421 2.194068 -2.174167
v 2.026824 2.179565 -2.160401
v 2.020004 2.167664 -2.143627
v 2.012223 2.158820 -2.124490
v 2.003780 2.153374 -2.103724
v 2.006175 2.341100 -2.100495
v 2.016920 2.335654 -2.118154
v 2.026824 2.326810 -2.134429
v 2.035504 2.314909 -2.148694
v 2.042628 2.300406 -2.160401
v 2.047921 2.283861 -2.169100
v 2.051181 2.265908 -2.174457
v 2.052281 2.247237 -2.176266
v 2.051181 2.228566 -2.174457
v 2.047921 2.210613 -2.169100
v 2.042628 2.194068 -2.160401
v 2.035504 2.179565 -2.148694
v 2.026824 2.167664 -2.134429
v 2.016920 2.158820 -2.118154
v 2.006175 2.153374 -2.100495
v 2.008140 2.341100 -2.096559
v 2.020776 2.335654 -2.110434
v 2.032421 2.326810 -2.123221
v 2.042628 2.314909 -2.134429
v 2.051004 2.300406 -2.143627
v 2.057229 2.283861 -2.150462
v 2.061062 2.265908 -2.154671
v 2.062356 2.247237 -2.156092
v 2.061062 2.228566 -2.154671
v 2.057229 2.210613 -2.150462
v 2.051004 2.194068 -2.143627
v 2.042628 2.179565 -2.134429
v 2.032421 2.167664 -2.123221
v 2.020776 2.158820 -2.110434
v 2.008140 2.153374 -2.096559
v 2.009601 2.341100 -2.092069
v 2.023641 2.335654 -2.101626
v 2.036580 2.326810 -2.110434
v 2.047921 2.314909 -2.118154
v 2.057229 2.300406 -2.124490
v 2.064145 2.283861 -2.129198
v 2.068404 2.265908 -2.132097
v 2.069842 2.247237 -2.133076
v 2.068404 2.228566 -2.132097
v 2.064145 2.210613 -2.129198
v 2.057229 2.194068 -2.124490
v 2.047921 2.179565 -2.118154
v 2.036580 2.167664 -2.110434
v 2.023641 2.158820 -2.101626
v 2.009601 2.153374 -2.092069
v 2.010500 2.341100 -2.087196
v 2.025405 2.335654 -2.092069
v 2.039141 2.326810 -2.096559
v 2.051181 2.314909 -2.100495
v 2.061062 2.300406 -2.103724
v 2.068404 2.283861 -2.106125
v 2.072925 2.265908 -2.107603
v 2.074452 2.247237 -2.108102
v 2.072925 2.228566 -2.107603
v 2.068404 2.210613 -2.106125
v 2.061062 2.194068 -2.103724
v 2.051181 2.179565 -2.100495
v 2.039141 2.167664 -2.096559
v 2.025405 2.158820 -2.092069
v 2.010500 2.153374 -2.087196
v 2.010804 2.341100 -2.082129
v 2.026000 2.335654 -2.082129
v 2.040006 2.326810 -2.082129
v 2.052281 2.314909 -2.082129
v 2.062356 2.300406 -2.082129
v 2.069842 2.283861 -2.082129
v 2.074452 2.265908 -2.082129
v 2.076008 2.247237 -2.082129
v 2.074452 2.228566 -2.082129
v 2.069842 2.210613 -2.082129
v 2.062356 2.194068 -2.082129
v 2.052281 2.179565 -2.082129
v 2.040006 2.167664 -2.082129
v 2.026000 2.158820 -2.082129
v 2.010804 2.153374 -2.082129
v 2.010500 2.341100 -2.077063
v 2.025405 2.335654 -2.072190
v 2.039141 2.326810 -2.067700
v 2.051181 2.314909 -2.063764
v 2.061062 2.300406 -2.060534
v 2.068404 2.283861 -2.058134
v 2.072925 2.265908 -2.056656
v 2.074452 2.247237 -2.056157
v 2.072925 2.228566 -2.056656
v 2.068404 2.210613 -2.058134
v 2.061062 2.194068 -2.060534
v 2.051181 2.179565 -2.063764
v 2.039141 2.167664 -2.067700
v 2.025405 2.158820 -2.072190
v 2.010500 2.153374 -2.077063
v 2.009601 2.341100 -2.072190
v 2.023641 2.335654 -2.062633
v 2.036580 2.326810 -2.053825
v 2.047921 2.314909 -2.046105
v 2.057229 2.300406 -2.039769
v 2.064145 2.283861 -2.035061
v 2.068404 2.265908 -2.032162
v 2.069842 2.247237 -2.031183
v 2.068404 2.228566 -2.032162
v 2.064145 2.210613 -2.035061
v 2.057229 2.194068 -2.039769
v 2.047921 2.179565 -2.046105
v 2.036580 2.167664 -2.053825
v 2.023641 2.158820 -2.062633
v 2.009601 2.153374 -2.072190
v 2.008140 2.341100 -2.067700
v 2.020776 2.335654 -2.053825
v 2.032421 2.326810 -2.041038
v 2.042628 2.314909 -2.029830
v 2.051004 2.300406 -2.020632
v 2.057229 2.283861 -2.013797
v 2.061062 2.265908 -2.009588
v 2.062356 2.247237 -2.008167
v 2.061062 2.228566 -2.009588
v 2.057229 2.210613 -2.013797
v 2.051004 2.194068 -2.020632
v 2.042628 2.179565 -2.029830
v 2.032421 2.167664 -2.041038
v 2.020776 2.158820 -2.053825
v 2.008140 2.153374 -2.067700
v 2.006175 2.341100 -2.063764
v 2.016920 2.335654 -2.046105
v 2.026824 2.326810 -2.029830
v 2.035504 2.314909 -2.015565
v 2.042628 2.300406 -2.003858
v 2.047921 2.283861 -1.995159
v 2.051181 2.265908 -1.989802
v 2.052281 2.247237 -1.987993
v 2.051181 2.228566 -1.989802
v 2.047921 2.210613 -1.995159
v 2.042628 2.194068 -2.003858
v 2.035504 2.179565 -2.015565
v 2.026824 2.167664 -2.029830
v 2.016920 2.158820 -2.046105
v 2.006175 2.153374 -2.063764
v 2.003780 2.341100 -2.060534
v 2.012223 2.335654 -2.039769
v 2.020004 2.326810 -2.020632
v 2.026824 2.314909 -2.003858
v 2.032421 2.300406 -1.990092
v 2.036580 2.283861 -1.979863
v 2.039141 2.265908 -1.973564
v 2.040006 2.247237 -1.971437
v 2.039141 2.228566 -1.973564
v 2.036580 2.210613 -1.979863
v 2.032421 2.194068 -1.990092
v 2.026824 2.179565 -2.003858
v 2.020004 2.167664 -2.020632
v 2.012223 2.158820 -2.039769
v 2.003780 2.153374 -2.060534
v 2.001048 2.341100 -2.058134
v 2.006863 2.335654 -2.035061
v 2.012223 2.326810 -2.013797
v 2.016920 2.314909 -1.995159
v 2.020776 2.300406 -1.979863
v 2.023641 2.283861 -1.968497
v 2.025405 2.265908 -1.961498
v 2.026000 2.247237 -1.959134
v 2.025405 2.228566 -1.961498
v 2.023641 2.210613 -1.968497
v 2.020776 2.194068 -1.979863
v 2.016920 2.179565 -1.995159
v 2.012223 2.167664 -2.013797
v 2.006863 2.158820 -2.035061
v 2.001048 2.153374 -2.058134
v 1.998083 2.341100 -2.056656
v 2.001048 2.335654 -2.032162
v 2.003780 2.326810 -2.009588
v 2.006175 2.314909 -1.989802
v 2.008140 2.300406 -1.973564
v 2.009601 2.283861 -1.961498
v 2.010500 2.265908 -1.954067
v 2.010804 2.247237 -1.951558
v 2.010500 2.228566 -1.954067
v 2.009601 2.210613 -1.961498
v 2.008140 2.194068 -1.973564
v 2.006175 2.179565 -1.989802
v 2.003780 2.167664 -2.009588
v 2.001048 2.158820 -2.032162
v 1.998083 2.153374 -2.056656
v 1.995000 2.341100 -2.056157
v 1.995000 2.335654 -2.031183
v 1.995000 2.326810 -2.008167
v 1.995000 2.314909 -1.987993
v 1.995000 2.300406 -1.971437
v 1.995000 2.283861 -1.959134
v 1.995000 2.265908 -1.951558
v 1.995000 2.247237 -1.949000
v 1.995000 2.228566 -1.951558
v 1.995000 2.210613 -1.959134
v 1.995000 2.194068 -1.971437
v 1.995000 2.179565 -1.987993
v 1.995000 2.167664 -2.008167
v 1.995000 2.158820 -2.031183
v 1.995000 2.153374 -2.056157
v 1.991916 2.341100 -2.056656
v 1.988952 2.335654 -2.032162
v 1.986219 2.326810 -2.009588
v 1.983824 2.314909 -1.989802
v 1.981859 2.300406 -1.973564
v 1.980399 2.283861 -1.961498
v 1.979499 2.265908 -1.954067
v 1.979196 2.247237 -1.951559
v 1.979499 2.228566 -1.954067
v 1.980399 2.210613 -1.961498
v 1.981859 2.194068 -1.973564
v 1.983824 2.179565 -1.989802
v 1.986219 2.167664 -2.009588
v 1.988952 2.158820 -2.032162
v 1.991916 2.153374 -2.056656
v 1.988952 2.341100 -2.058134
v 1.983136 2.335654 -2.035061
v 1.977777 2.326810 -2.013797
v 1.973079 2.314909 -1.995159
v 1.969223 2.300406 -1.979863
v 1.966359 2.283861 -1.968497
v 1.964595 2.265908 -1.961498
v 1.963999 2.247237 -1.959134
v 1.964595 2.228566 -1.961498
v 1.966359 2.210613 -1.968497
v 1.969223 2.194068 -1.979863
v 1.973079 2.179565 -1.995159
v 1.977777 2.167664 -2.013797
v 1.983136 2.158820 -2.035061
v 1.988952 2.153374 -2.058134
v 1.986219 2.341100 -2.060534
v 1.977777 2.335654 -2.039769
v 1.969995 2.326810 -2.020632
v 1.963176 2.314909 -2.003858
v 1.957578 2.300406 -1.990092
v 1.953419 2.283861 -1.979863
v 1.950858 2.265908 -1.973564
v 1.949994 2.247237 -1.971437
v 1.950858 2.228566 -1.973564
v 1.953419 2.210613 -1.979863
v 1.957578 2.194068 -1.990092
v 1.963176 2.179565 -2.003858
v 1.969995 2.167664 -2.020632
v 1.977777 2.158820 -2.039769
v 1.986219 2.153374 -2.060534
v 1.983824 2.341100 -2.063764
v 1.973079 2.335654 -2.046105
v 1.963176 2.326810 -2.029830
v 1.954495 2.314909 -2.015565
v 1.947371 2.300406 -2.003858
v 1.942078 2.283861 -1.995159
v 1.938818 2.265908 -1.989802
v 1.937718 2.247237 -1.987993
v 1.938818 2.228566 -1.989802
v 1.942078 2.210613 -1.995159
v 1.947371 2.194068 -2.003858
v 1.954495 2.179565 -2.015565
v 1.963176 2.167664 -2.029830
v 1.973079 2.158820 -2.046105
v 1.983824 2.153374 -2.063764
v 1.981859 2.341100 -2.067700
v 1.969223 2.335654 -2.053825
v 1.957578 2.326810 -2.041038
v 1.947371 2.314909 -2.029830
v 1.938995 2.300406 -2.020632
v 1.932770 2.283861 -2.013797
v 1.928937 2.265908 -2.009588
v 1.927643 2.247237 -2.008167
v 1.928937 2.228566 -2.009588
v 1.932770 2.210613 -2.013797
v 1.938995 2.194068 -2.020632
v 1.947371 2.179565 -2.029830
v 1.957578 2.167664 -2.041038
v 1.969223 2.158820 -2.053825
v 1.981859 2.153374 -2.067700
v 1.980399 2.341100 -2.072190
v 1.966359 2.335654 -2.062633
v 1.953419 2.326810 -2.053825
v 1.942078 2.314909 -2.046105
v 1.932770 2.300406 -2.039769
v 1.925854 2.283861 -2.035061
v 1.921595 2.265908 -2.032162
v 1.920157 2.247237 -2.031183
v 1.921595 2.228566 -2.032162
v 1.925854 2.210613 -2.035061
v 1.932770 2.194068 -2.039769
v 1.942078 2.179565 -2.046105
v 1.953419 2.167664 -2.053825
v 1.966359 2.158820 -2.062633
v 1.980399 2.153374 -2.072190
v 1.979499 2.341100 -2.077063
v 1.964595 2.335654 -2.072190
v 1.950858 2.326810 -2.067700
v 1.938818 2.314909 -2.063764
v 1.928937 2.300406 -2.060534
v 1.921595 2.283861 -2.058134
v 1.917074 2.265908 -2.056656
v 1.915547 2.247237 -2.056157
v 1.917074 2.228566 -2.056656
v 1.921595 2.210613 -2.058134
v 1.928937 2.194068 -2.060534
v 1.938818 2.179565 -2.063764
v 1.950858 2.167664 -2.067700
v 1.964595 2.158820 -2.072190
v 1.979499 2.153374 -2.077063
v 1.979196 2.341100 -2.082129
v 1.963999 2.335654 -2.082129
v 1.949994 2.326810 -2.082129
v 1.937718 2.314909 -2.082129
v 1.927643 2.300406 -2.082129
v 1.920157 2.283861 -2.082129
v 1.915547 2.265908 -2.082129
v 1.913991 2.247237 -2.082129
v 1.915547 2.228566 -2.082129
v 1.920157 2.210613 -2.082129
v 1.927643 2.194068 -2.082129
v 1.937718 2.179565 -2.082129
v 1.949994 2.167664 -2.082129
v 1.963999 2.158820 -2.082129
v 1.979196 2.153374 -2.082129
v 1.979499 2.341100 -2.087196
v 1.964595 2.335654 -2.092069
v 1.950858 2.326810 -2.096559
v 1.938818 2.314909 -2.100495
v 1.928937 2.300406 -2.103724
v 1.921595 2.283861 -2.106125
v 1.917074 2.265908 -2.107603
v 1.915547 2.247237 -2.108102
v 1.917074 2.228566 -2.107603
v 1.921595 2.210613 -2.106125
v 1.928937 2.194068 -2.103724
v 1.938818 2.179565 -2.100495
v 1.950858 2.167664 -2.096559
v 1.964595 2.158820 -2.092069
v 1.979499 2.153374 -2.087196
v 1.980399 2.341100 -2.092069
v 1.966359 2.335654 -2.101626
v 1.953419 2.326810 -2.110434
v 1.942078 2.314909 -2.118154
v 1.932770 2.300406 -2.124490
v 1.925854 2.283861 -2.129198
v 1.921595 2.265908 -2.132097
v 1.920157 2.247237 -2.133076
v 1.921595 2.228566 -2.132097
v 1.925854 2.210613 -2.129198
v 1.932770 2.194068 -2.124490
v 1.942078 2.179565 -2.118154
v 1.953419 2.167664 -2.110434
v 1.966359 2.158820 -2.101626
v 1.980399 2.153374 -2.092069
v 1.981859 2.341100 -2.096559
v 1.969223 2.335654 -2.110434
v 1.957578 2.326810 -2.123221
v 1.947371 2.314909 -2.134429
v 1.938995 2.300406 -2.143627
v 1.932770 2.283861 -2.150462
v 1.928937 2.265908 -2.154671
v 1.927643 2.247237 -2.156092
v 1.928937 2.228566 -2.154671
v 1.932770 2.210613 -2.150462
v 1.938995 2.194068 -2.143627
v 1.947371 2.179565 -2.134429
v 1.957578 2.167664 -2.123221
v 1.969223 2.158820 -2.110434
v 1.981859 2.153374 -2.096559
v 1.983824 2.341100 -2.100495
v 1.973079 2.335654 -2.118154
v 1.963176 2.326810 -2.134429
v 1.954495 2.314909 -2.148694
v 1.947371 2.300406 -2.160401
v 1.942078 2.283861 -2.169100
v 1.938818 2.265908 -2.174457
v 1.937718 2.247237 -2.176266
v 1.938818 2.228566 -2.174457
v 1.942078 2.210613 -2.169100
v 1.947371 2.194068 -2.160401
v 1.954495 2.179565 -2.148694
v 1.963176 2.167664 -2.134429
v 1.973079 2.158820 -2.118154
v 1.983824 2.153374 -2.100495
v 1.986219 2.341100 -2.103724
v 1.977777 2.335654 -2.124490
v 1.969995 2.326810 -2.143627
v 1.963176 2.314909 -2.160401
v 1.957578 2.300406 -2.174167
v 1.953419 2.283861 -2.184396
v 1.950858 2.265908 -2.190695
v 1.949994 2.247237 -2.192822
v 1.950858 2.228566 -2.190695
v 1.953419 2.210613 -2.184396
v 1.957578 2.194068 -2.174167
v 1.963176 2.179565 -2.160401
v 1.969995 2.167664 -2.143627
v 1.977777 2.158820 -2.124490
v 1.986219 2.153374 -2.103724
v 1.988952 2.341100 -2.106125
v 1.983136 2.335654 -2.129198
v 1.977777 2.326810 -2.150462
v 1.973079 2.314909 -2.169100
v 1.969223 2.300406 -2.184396
v 1.966359 2.283861 -2.195762
v 1.964595 2.265908 -2.202761
v 1.963999 2.247237 -2.205125
v 1.964595 2.228566 -2.202761
v 1.966359 2.210613 -2.195762
v 1.969223 2.194068 -2.184396
v 1.973079 2.179565 -2.169100
v 1.977777 2.167664 -2.150462
v 1.983136 2.158820 -2.129198
v 1.988952 2.153374 -2.106125
v 1.991916 2.341100 -2.107603
v 1.988952 2.335654 -2.132097
v 1.986219 2.326810 -2.154671
v 1.983824 2.314909 -2.174457
v 1.981859 2.300406 -2.190695
v 1.980399 2.283861 -2.202761
v 1.979499 2.265908 -2.210191
v 1.979196 2.247237 -2.212700
v 1.979499 2.228566 -2.210191
v 1.980399 2.210613 -2.202761
v 1.981859 2.194068 -2.190695
v 1.983824 2.179565 -2.174457
v 1.986219 2.167664 -2.154671
v 1.988952 2.158820 -2.132097
v 1.991916 2.153374 -2.107603
v 1.995000 2.341100 -2.108102
v 1.995000 2.335654 -2.133076
v 1.995000 2.314909 -2.176266
v 1.995000 2.283861 -2.205125
v 1.995000 2.210613 -2.205125
v 1.995000 2.179565 -2.176266
v 1.995000 2.167664 -2.156092
v 1.995000 2.158820 -2.133076
v 1.995000 2.153374 -2.108102
v 1.995000 1.849341 -2.082129
v 1.995000 1.833212 -2.156092
v 1.995000 1.806808 -2.192822
v 1.995000 1.772310 -2.212700
v 1.995000 1.753639 -2.215259
v 1.995000 1.734968 -2.212700
v 1.995000 1.700470 -2.192822
v 1.995000 1.657937 -2.082129
v 1.998083 1.847502 -2.107603
v 2.001048 1.842056 -2.132097
v 2.003780 1.833212 -2.154671
v 2.006175 1.821311 -2.174457
v 2.008140 1.806808 -2.190695
v 2.009601 1.790263 -2.202761
v 2.010500 1.772310 -2.210191
v 2.010804 1.753639 -2.212700
v 2.010500 1.734968 -2.210191
v 2.009601 1.717015 -2.202761
v 2.008140 1.700470 -2.190695
v 2.006175 1.685967 -2.174457
v 2.003780 1.674066 -2.154671
v 2.001048 1.665222 -2.132097
v 1.998083 1.659776 -2.107603
v 2.001048 1.847502 -2.106125
v 2.006863 1.842056 -2.129198
v 2.012223 1.833212 -2.150462
v 2.016920 1.821311 -2.169100
v 2.020776 1.806808 -2.184396
v 2.023641 1.790263 -2.195762
v 2.025405 1.772310 -2.202761
v 2.026000 1.753639 -2.205125
v 2.025405 1.734968 -2.202761
v 2.023641 1.717015 -2.195762
v 2.020776 1.700470 -2.184396
v 2.016920 1.685967 -2.169100
v 2.012223 1.674066 -2.150462
v 2.006863 1.665222 -2.129198
v 2.001048 1.659776 -2.106125
v 2.003780 1.847502 -2.103724
v 2.012223 1.842056 -2.124490
v 2.020004 1.833212 -2.143627
v 2.026824 1.821311 -2.160401
v 2.032421 1.806808 -2.174167
v 2.036580 1.790263 -2.184396
v 2.039141 1.772310 -2.190695
v 2.040006 1.753639 -2.192822
v 2.039141 1.734968 -2.190695
v 2.036580 1.717015 -2.184396
v 2.032421 1.700470 -2.174167
v 2.026824 1.685967 -2.160401
v 2.020004 1.674066 -2.143627
v 2.012223 1.665222 -2.124490
v 2.003780 1.659776 -2.103724
v 2.006175 1.847502 -2.100495
v 2.016920 1.842056 -2.118154
v 2.026824 1.833212 -2.134429
v 2.035504 1.821311 -2.148694
v 2.042628 1.806808 -2.160401
v 2.047921 1.790263 -2.169100
v 2.051181 1.772310 -2.174457
v 2.052281 1.753639 -2.176266
v 2.051181 1.734968 -2.174457
v 2.047921 1.717015 -2.169100
v 2.042628 1.700470 -2.160401
v 2.035504 1.685967 -2.148694
v 2.026824 1.674066 -2.134429
v 2.016920 1.665222 -2.118154
v 2.006175 1.659776 -2.100495
v 2.008140 1.847502 -2.096559
v 2.020776 1.842056 -2.110434
v 2.032421 1.833212 -2.123221
v 2.042628 1.821311 -2.134429
v 2.051004 1.806808 -2.143627
v 2.057229 1.790263 -2.150462
v 2.061062 1.772310 -2.154671
v 2.062356 1.753639 -2.156092
v 2.061062 1.734968 -2.154671
v 2.057229 1.717015 -2.150462
v 2.051004 1.700470 -2.143627
v 2.042628 1.685967 -2.134429
v 2.032421 1.674066 -2.123221
v 2.020776 1.665222 -2.110434
v 2.008140 1.659776 -2.096559
v 2.009601 1.847502 -2.092069
v 2.023641 1.842056 -2.101626
v 2.036580 1.833212 -2.110434
v 2.047921 1.821311 -2.118154
v 2.057229 1.806808 -2.124490
v 2.064145 1.790263 -2.129198
v 2.068404 1.772310 -2.132097
v 2.069842 1.753639 -2.133076
v 2.068404 1.734968 -2.132097
v 2.064145 1.717015 -2.129198
v 2.057229 1.700470 -2.124490
v 2.047921 1.685967 -2.118154
v 2.036580 1.674066 -2.110434
v 2.023641 1.665222 -2.101626
v 2.009601 1.659776 -2.092069
v 2.010500 1.847502 -2.087196
v 2.025405 1.842056 -2.092069
v 2.039141 1.833212 -2.096559
v 2.051181 1.821311 -2.100495
v 2.061062 1.806808 -2.103724
v 2.068404 1.790263 -2.106125
v 2.072925 1.772310 -2.107603
v 2.074452 1.753639 -2.108102
v 2.072925 1.734968 -2.107603
v 2.068404 1.717015 -2.106125
v 2.061062 1.700470 -2.103724
v 2.051181 1.685967 -2.100495
v 2.039141 1.674066 -2.096559
v 2.025405 1.665222 -2.092069
v 2.010500 1.659776 -2.087196
v 2.010804 1.847502 -2.082129
v 2.026000 1.842056 -2.082129
v 2.040006 1.833212 -2.082129
v 2.052281 1.821311 -2.082129
v 2.062356 1.806808 -2.082129
v 2.069842 1.790263 -2.082129
v 2.074452 1.772310 -2.082129
v 2.076008 1.753639 -2.082129
v 2.074452 1.734968 -2.082129
v 2.069842 1.717015 -2.082129
v 2.062356 1.700470 -2.082129
v 2.052281 1.685967 -2.082129
v 2.040006 1.674066 -2.082129
v 2.026000 1.665222 -2.082129
v 2.010804 1.659776 -2.082129
v 2.010500 1.847502 -2.077063
v 2.025405 1.842056 -2.072190
v 2.039141 1.833212 -2.067700
v 2.051181 1.821311 -2.063764
v 2.061062 1.806808 -2.060534
v 2.068404 1.790263 -2.058134
v 2.072925 1.772310 -2.056656
v 2.074452 1.753639 -2.056157
v 2.072925 1.734968 -2.056656
v 2.068404 1.717015 -2.058134
v 2.061062 1.700470 -2.060534
v 2.051181 1.685967 -2.063764
v 2.039141 1.674066 -2.067700
v 2.025405 1.665222 -2.072190
v 2.010500 1.659776 -2.077063
v 2.009601 1.847502 -2.072190
v 2.023641 1.842056 -2.062633
v 2.036580 1.833212 -2.053825
v 2.047921 1.821311 -2.046105
v 2.057229 1.806808 -2.039769
v 2.064145 1.790263 -2.035061
v 2.068404 1.772310 -2.032162
v 2.069842 1.753639 -2.031183
v 2.068404 1.734968 -2.032162
v 2.064145 1.717015 -2.035061
v 2.057229 1.700470 -2.039769
v 2.047921 1.685967 -2.046105
v 2.036580 1.674066 -2.053825
v 2.023641 1.665222 -2.062633
v 2.009601 1.659776 -2.072190
v 2.008140 1.847502 -2.067700
v 2.020776 1.842056 -2.053825
v 2.032421 1.833212 -2.041038
v 2.042628 1.821311 -2.029830
v 2.051004 1.806808 -2.020632
v 2.057229 1.790263 -2.013797
v 2.061062 1.772310 -2.009588
v 2.062356 1.753639 -2.008167
v 2.061062 1.734968 -2.009588
v 2.057229 1.717015 -2.013797
v 2.051004 1.700470 -2.020632
v 2.042628 1.685967 -2.029830
v 2.032421 1.674066 -2.041038
v 2.020776 1.665222 -2.053825
v 2.008140 1.659776 -2.067700
v 2.006175 1.847502 -2.063764
v 2.016920 1.842056 -2.046105
v 2.026824 1.833212 -2.029830
v 2.035504 1.821311 -2.015565
v 2.042628 1.806808 -2.003858
v 2.047921 1.790263 -1.995159
v 2.051181 1.772310 -1.989802
v 2.052281 1.753639 -1.987993
v 2.051181 1.734968 -1.989802
v 2.047921 1.717015 -1.995159
v 2.042628 1.700470 -2.003858
v 2.035504 1.685967 -2.015565
v 2.026824 1.674066 -2.029830
v 2.016920 1.665222 -2.046105
v 2.006175 1.659776 -2.063764
v 2.003780 1.847502 -2.060534
v 2.012223 1.842056 -2.039769
v 2.020004 1.833212 -2.020632
v 2.026824 1.821311 -2.003858
v 2.032421 1.806808 -1.990092
v 2.036580 1.790263 -1.979863
v 2.039141 1.772310 -1.973564
v 2.040006 1.753639 -1.971437
v 2.039141 1.734968 -1.973564
v 2.036580 1.717015 -1.979863
v 2.032421 1.700470 -1.990092
v 2.026824 1.685967 -2.003858
v 2.020004 1.674066 -2.020632
v 2.012223 1.665222 -2.039769
v 2.003780 1.659776 -2.060534
v 2.001048 1.847502 -2.058134
v 2.006863 1.842056 -2.035061
v 2.012223 1.833212 -2.013797
v 2.016920 1.821311 -1.995159
v 2.020776 1.806808 -1.979863
v 2.023641 1.790263 -1.968497
v 2.025405 1.772310 -1.961498
v 2.026000 1.753639 -1.959134
v 2.025405 1.734968 -1.961498
v 2.023641 1.717015 -1.968497
v 2.020776 1.700470 -1.979863
v 2.016920 1.685967 -1.995159
v 2.012223 1.674066 -2.013797
v 2.006863 1.665222 -2.035061
v 2.001048 1.659776 -2.058134
v 1.998083 1.847502 -2.056656
v 2.001048 1.842056 -2.032162
v 2.003780 1.833212 -2.009588
v 2.006175 1.821311 -1.989802
v 2.008140 1.806808 -1.973564
v 2.009601 1.790263 -1.961498
v 2.010500 1.772310 -1.954067
v 2.010804 1.753639 -1.951558
v 2.010500 1.734968 -1.954067
v 2.009601 1.717015 -1.961498
v 2.008140 1.700470 -1.973564
v 2.006175 1.685967 -1.989802
v 2.003780 1.674066 -2.009588
v 2.001048 1.665222 -2.032162
v 1.998083 1.659776 -2.056656
v 1.995000 1.847502 -2.056157
v 1.995000 1.842056 -2.031183
v 1.995000 1.833212 -2.008167
v 1.995000 1.821311 -1.987993
v 1.995000 1.806808 -1.971437
v 1.995000 1.790263 -1.959134
v 1.995000 1.772310 -1.951558
v 1.995000 1.753639 -1.949000
v 1.995000 1.734968 -1.951558
v 1.995000 1.717015 -1.959134
v 1.995000 1.700470 -1.971437
v 1.995000 1.685967 -1.987993
v 1.995000 1.674066 -2.008167
v 1.995000 1.665222 -2.031183
v 1.995000 1.659776 -2.056157
v 1.991916 1.847502 -2.056656
v 1.988952 1.842056 -2.032162
v 1.986219 1.833212 -2.009588
v 1.983824 1.821311 -1.989802
v 1.981859 1.806808 -1.973564
v 1.980399 1.790263 -1.961498
v 1.979499 1.772310 -1.954067
v 1.979196 1.753639 -1.951559
v 1.979499 1.734968 -1.954067
v 1.980399 1.717015 -1.961498
v 1.981859 1.700470 -1.973564
v 1.983824 1.685967 -1.989802
v 1.986219 1.674066 -2.009588
v 1.988952 1.665222 -2.032162
v 1.991916 1.659776 -2.056656
v 1.988952 1.847502 -2.058134
v 1.983136 1.842056 -2.035061
v 1.977777 1.833212 -2.013797
v 1.973079 1.821311 -1.995159
v 1.969223 1.806808 -1.979863
v 1.966359 1.790263 -1.968497
v 1.964595 1.772310 -1.961498
v 1.963999 1.753639 -1.959134
v 1.964595 1.734968 -1.961498
v 1.966359 1.717015 -1.968497
v 1.969223 1.700470 -1.979863
v 1.973079 1.685967 -1.995159
v 1.977777 1.674066 -2.013797
v 1.983136 1.665222 -2.035061
v 1.988952 1.659776 -2.058134
v 1.986219 1.847502 -2.060534
v 1.977777 1.842056 -2.039769
v 1.969995 1.833212 -2.020632
v 1.963176 1.821311 -2.003858
v 1.957578 1.806808 -1.990092
v 1.953419 1.790263 -1.979863
v 1.950858 1.772310 -1.973564
v 1.949994 1.753639 -1.971437
v 1.950858 1.734968 -1.973564
v 1.953419 1.717015 -1.979863
v 1.957578 1.700470 -1.990092
v 1.963176 1.685967 -2.003858
v 1.969995 1.674066 -2.020632
v 1.977777 1.665222 -2.039769
v 1.986219 1.659776 -2.060534
v 1.983824 1.847502 -2.063764
v 1.973079 1.842056 -2.046105
v 1.963176 1.833212 -2.029830
v 1.954495 1.821311 -2.015565
v 1.947371 1.806808 -2.003858
v 1.942078 1.790263 -1.995159
v 1.938818 1.772310 -1.989802
v 1.937718 1.753639 -1.987993
v 1.938818 1.734968 -1.989802
v 1.942078 1.717015 -1.995159
v 1.947371 1.700470 -2.003858
v 1.954495 1.685967 -2.015565
v 1.963176 1.674066 -2.029830
v 1.973079 1.665222 -2.046105
v 1.983824 1.659776 -2.063764
v 1.981859 1.847502 -2.067700
v 1.969223 1.842056 -2.053825
v 1.957578 1.833212 -2.041038
v 1.947371 1.821311 -2.029830
v 1.938995 1.806808 -2.020632
v 1.932770 1.790263 -2.013797
v 1.928937 1.772310 -2.009588
v 1.927643 1.753639 -2.008167
v 1.928937 1.734968 -2.009588
v 1.932770 1.717015 -2.013797
v 1.938995 1.700470 -2.020632
v 1.947371 1.685967 -2.029830
v 1.957578 1.674066 -2.041038
v 1.969223 1.665222 -2.053825
v 1.981859 1.659776 -2.067700
v 1.980399 1.847502 -2.072190
v 1.966359 1.842056 -2.062633
v 1.953419 1.833212 -2.053825
v 1.942078 1.821311 -2.046105
v 1.932770 1.806808 -2.039769
v 1.925854 1.790263 -2.035061
v 1.921595 1.772310 -2.032162
v 1.920157 1.753639 -2.031183
v 1.921595 1.734968 -2.032162
v 1.925854 1.717015 -2.035061
v 1.932770 1.700470 -2.039769
v 1.942078 1.685967 -2.046105
v 1.953419 1.674066 -2.053825
v 1.966359 1.665222 -2.062633
v 1.980399 1.659776 -2.072190
v 1.979499 1.847502 -2.077063
v 1.964595 1.842056 -2.072190
v 1.950858 1.833212 -2.067700
v 1.938818 1.821311 -2.063764
v 1.928937 1.806808 -2.060534
v 1.921595 1.790263 -2.058134
v 1.917074 1.772310 -2.056656
v 1.915547 1.753639 -2.056157
v 1.917074 1.734968 -2.056656
v 1.921595 1.717015 -2.058134
v 1.928937 1.700470 -2.060534
v 1.938818 1.685967 -2.063764
v 1.950858 1.674066 -2.067700
v 1.964595 1.665222 -2.072190
v 1.979499 1.659776 -2.077063
v 1.979196 1.847502 -2.082129
v 1.963999 1.842056 -2.082129
v 1.949994 1.833212 -2.082129
v 1.937718 1.821311 -2.082129
v 1.927643 1.806808 -2.082129
v 1.920157 1.790263 -2.082129
v 1.915547 1.772310 -2.082129
v 1.913991 1.753639 -2.082129
v 1.915547 1.734968 -2.082129
v 1.920157 1.717015 -2.082129
v 1.927643 1.700470 -2.082129
v 1.937718 1.685967 -2.082129
v 1.949994 1.674066 -2.082129
v 1.963999 1.665222 -2.082129
v 1.979196 1.659776 -2.082129
v 1.979499 1.847502 -2.087196
v 1.964595 1.842056 -2.092069
v 1.950858 1.833212 -2.096559
v 1.938818 1.821311 -2.100495
v 1.928937 1.806808 -2.103724
v 1.921595 1.790263 -2.106125
v 1.917074 1.772310 -2.107603
v 1.915547 1.753639 -2.108102
v 1.917074 1.734968 -2.107603
v 1.921595 1.717015 -2.106125
v 1.928937 1.700470 -2.103724
v 1.938818 1.685967 -2.100495
v 1.950858 1.674066 -2.096559
v 1.964595 1.665222 -2.092069
v 1.979499 1.659776 -2.087196
v 1.980399 1.847502 -2.092069
v 1.966359 1.842056 -2.101626
v 1.953419 1.833212 -2.110434
v 1.942078 1.821311 -2.118154
v 1.932770 1.806808 -2.124490
v 1.925854 1.790263 -2.129198
v 1.921595 1.772310 -2.132097
v 1.920157 1.753639 -2.133076
v 1.921595 1.734968 -2.132097
v 1.925854 1.717015 -2.129198
v 1.932770 1.700470 -2.124490
v 1.942078 1.685967 -2.118154
v 1.953419 1.674066 -2.110434
v 1.966359 1.665222 -2.101626
v 1.980399 1.659776 -2.092069
v 1.981859 1.847502 -2.096559
v 1.969223 1.842056 -2.110434
v 1.957578 1.833212 -2.123221
v 1.947371 1.821311 -2.134429
v 1.938995 1.806808 -2.143627
v 1.932770 1.790263 -2.150462
v 1.928937 1.772310 -2.154671
v 1.927643 1.753639 -2.156092
v 1.928937 1.734968 -2.154671
v 1.932770 1.717015 -2.150462
v 1.938995 1.700470 -2.143627
v 1.947371 1.685967 -2.134429
v 1.957578 1.674066 -2.123221
v 1.969223 1.665222 -2.110434
v 1.981859 1.659776 -2.096559
v 1.983824 1.847502 -2.100495
v 1.973079 1.842056 -2.118154
v 1.963176 1.833212 -2.134429
v 1.954495 1.821311 -2.148694
v 1.947371 1.806808 -2.160401
v 1.942078 1.790263 -2.169100
v 1.938818 1.772310 -2.174457
v 1.937718 1.753639 -2.176266
v 1.938818 1.734968 -2.174457
v 1.942078 1.717015 -2.169100
v 1.947371 1.700470 -2.160401
v 1.954495 1.685967 -2.148694
v 1.963176 1.674066 -2.134429
v 1.973079 1.665222 -2.118154
v 1.983824 1.659776 -2.100495
v 1.986219 1.847502 -2.103724
v 1.977777 1.842056 -2.124490
v 1.969995 1.833212 -2.143627
v 1.963176 1.821311 -2.160401
v 1.957578 1.806808 -2.174167
v 1.953419 1.790263 -2.184396
v 1.950858 1.772310 -2.190695
v 1.949994 1.753639 -2.192822
v 1.950858 1.734968 -2.190695
v 1.953419 1.717015 -2.184396
v 1.957578 1.700470 -2.174167
v 1.963176 1.685967 -2.160401
v 1.969995 1.674066 -2.143627
v 1.977777 1.665222 -2.124490
v 1.986219 1.659776 -2.103724
v 1.988952 1.847502 -2.106125
v 1.983136 1.842056 -2.129198
v 1.977777 1.833212 -2.150462
v 1.973079 1.821311 -2.169100
v 1.969223 1.806808 -2.184396
v 1.966359 1.790263 -2.195762
v 1.964595 1.772310 -2.202761
v 1.963999 1.753639 -2.205125
v 1.964595 1.734968 -2.202761
v 1.966359 1.717015 -2.195762
v 1.969223 1.700470 -2.184396
v 1.973079 1.685967 -2.169100
v 1.977777 1.674066 -2.150462
v 1.983136 1.665222 -2.129198
v 1.988952 1.659776 -2.106125
v 1.991916 1.847502 -2.107603
v 1.988952 1.842056 -2.132097
v 1.986219 1.833212 -2.154671
v 1.983824 1.821311 -2.174457
v 1.981859 1.806808 -2.190695
v 1.980399 1.790263 -2.202761
v 1.979499 1.772310 -2.210191
v 1.979196 1.753639 -2.212700
v 1.979499 1.734968 -2.210191
v 1.980399 1.717015 -2.202761
v 1.981859 1.700470 -2.190695
v 1.983824 1.685967 -2.174457
v 1.986219 1.674066 -2.154671
v 1.988952 1.665222 -2.132097
v 1.991916 1.659776 -2.107603
v 1.995000 1.847502 -2.108102
v 1.995000 1.842056 -2.133076
v 1.995000 1.821311 -2.176266
v 1.995000 1.790263 -2.205125
v 1.995000 1.717015 -2.205125
v 1.995000 1.685967 -2.176266
v 1.995000 1.674066 -2.156092
v 1.995000 1.665222 -2.133076
v 1.995000 1.659776 -2.108102
vn 0.0843 -0.0000 -0.9964
vn 0.2521 -0.0000 -0.9677
vn 0.4171 -0.0000 -0.9088
vn 0.5760 -0.0000 -0.8174
vn 0.7229 -0.0000 -0.6909
vn 0.8490 -0.0000 -0.5285
vn 0.9429 -0.0000 -0.3331
vn 0.9935 -0.0000 -0.1140
vn 0.9935 -0.0000 0.1140
vn 0.9429 -0.0000 0.3331
vn 0.8490 -0.0000 0.5285
vn 0.7229 -0.0000 0.6909
vn 0.5760 -0.0000 0.8174
vn 0.4171 -0.0000 0.9088
vn 0.2521 -0.0000 0.9677
vn 0.0843 -0.0000 0.9964
vn -0.0843 -0.0000 0.9964
vn -0.2521 -0.0000 0.9677
vn -0.4171 -0.0000 0.9088
vn -0.5760 -0.0000 0.8174
vn -0.7229 -0.0000 0.6909
vn -0.8490 -0.0000 0.5285
vn -0.9429 -0.0000 0.3331
vn -0.9935 -0.0000 0.1140
vn -0.9935 -0.0000 -0.1140
vn -0.9429 -0.0000 -0.3331
vn -0.8490 -0.0000 -0.5285
vn -0.7229 -0.0000 -0.6909
vn -0.5760 -0.0000 -0.8174
vn -0.4171 -0.0000 -0.9088
vn -0.0000 1.0000 -0.0000
vn -0.2521 -0.0000 -0.9677
vn -0.0843 -0.0000 -0.9964
vn -0.0000 -1.0000 -0.0000
vn 0.0767 -0.0000 -0.9971
vn 0.2446 -0.0000 -0.9696
vn 0.4098 -0.0000 -0.9122
vn 0.5691 -0.0000 -0.8223
vn 0.7167 -0.0000 -0.6974
vn 0.8439 -0.0000 -0.5365
vn 0.9395 -0.0000 -0.3425
vn 0.9923 -0.0000 -0.1241
vn 0.9946 -0.0000 0.1038
vn 0.9462 -0.0000 0.3237
vn 0.8539 -0.0000 0.5204
vn 0.7291 -0.0000 0.6844
vn 0.5829 -0.0000 0.8125
vn 0.4244 -0.0000 0.9055
vn 0.2595 -0.0000 0.9657
vn 0.0918 -0.0000 0.9958
vn -0.0767 -0.0000 0.9971
vn -0.2446 -0.0000 0.9696
vn -0.4098 -0.0000 0.9122
vn -0.5691 -0.0000 0.8223
vn -0.7167 -0.0000 0.6974
vn -0.8439 -0.0000 0.5365
vn -0.9395 -0.0000 0.3424
vn -0.9923 -0.0000 0.1241
vn -0.9946 -0.0000 -0.1038
vn -0.9462 -0.0000 -0.3237
vn -0.8539 -0.0000 -0.5204
vn -0.7291 -0.0000 -0.6844
vn -0.5829 -0.0000 -0.8125
vn -0.4244 -0.0000 -0.9055
vn -0.2595 -0.0000 -0.9657
vn -0.0918 -0.0000 -0.9958
vn -0.0000 -0.0000 1.0000
vn -1.0000 -0.0000 -0.0000
vn 1.0000 -0.0000 -0.0000
vn -0.0000 -0.0000 -1.0000
vn -0.9395 -0.0000 0.3425
vn 0.1475 0.3845 -0.9113
vn 0.0345 -0.9765 -0.2129
vn 0.1583 0.1340 -0.9782
vn 0.0114 0.9974 -0.0706
vn 0.0114 -0.9974 -0.0706
vn 0.1583 -0.1340 -0.9782
vn 0.0345 0.9765 -0.2129
vn 0.1475 -0.3845 -0.9113
vn 0.0579 0.9319 -0.3581
vn 0.1288 -0.5917 -0.7958
vn 0.0820 0.8584 -0.5064
vn 0.1061 -0.7480 -0.6552
vn 0.1061 0.7480 -0.6552
vn 0.0820 -0.8584 -0.5064
vn 0.1288 0.5917 -0.7958
vn 0.0579 -0.9319 -0.3581
vn 0.3669 0.5691 -0.7359
vn 0.1702 -0.9243 -0.3415
vn 0.4153 0.3656 -0.8330
vn 0.1018 -0.9736 -0.2042
vn 0.4426 0.1265 -0.8878
vn 0.0339 0.9971 -0.0679
vn 0.0339 -0.9971 -0.0679
vn 0.4426 -0.1265 -0.8878
vn 0.1018 0.9736 -0.2042
vn 0.4153 -0.3656 -0.8330
vn 0.1702 0.9243 -0.3415
vn 0.3669 -0.5691 -0.7359
vn 0.2388 0.8446 -0.4791
vn 0.3058 -0.7282 -0.6134
vn 0.3058 0.7282 -0.6134
vn 0.2389 -0.8446 -0.4791
vn 0.6214 -0.3368 -0.7074
vn 0.2725 0.9108 -0.3101
vn 0.5583 -0.5333 -0.6356
vn 0.3770 0.8208 -0.4291
vn 0.4742 -0.6955 -0.5399
vn 0.4742 0.6955 -0.5399
vn 0.3770 -0.8208 -0.4291
vn 0.5583 0.5333 -0.6356
vn 0.2724 -0.9108 -0.3101
vn 0.6214 0.3368 -0.7074
vn 0.1644 -0.9685 -0.1872
vn 0.6555 0.1154 -0.7463
vn 0.0549 0.9965 -0.0625
vn 0.0549 -0.9965 -0.0625
vn 0.6556 -0.1154 -0.7463
vn 0.1644 0.9685 -0.1872
vn 0.3599 -0.8940 -0.2668
vn 0.7643 0.3078 -0.5667
vn 0.2198 -0.9619 -0.1629
vn 0.7989 0.1045 -0.5923
vn 0.0738 0.9958 -0.0548
vn 0.0739 -0.9958 -0.0548
vn 0.7989 -0.1045 -0.5923
vn 0.2198 0.9619 -0.1629
vn 0.7643 -0.3078 -0.5667
vn 0.3599 0.8940 -0.2668
vn 0.6978 -0.4953 -0.5174
vn 0.4898 0.7926 -0.3632
vn 0.6044 -0.6587 -0.4482
vn 0.6044 0.6587 -0.4481
vn 0.4898 -0.7926 -0.3632
vn 0.6978 0.4953 -0.5174
vn 0.4301 0.8769 -0.2148
vn 0.7934 -0.4621 -0.3962
vn 0.5761 0.7650 -0.2877
vn 0.6986 -0.6247 -0.3488
vn 0.6986 0.6247 -0.3488
vn 0.5761 -0.7650 -0.2877
vn 0.7934 0.4621 -0.3962
vn 0.4301 -0.8769 -0.2148
vn 0.8579 0.2836 -0.4284
vn 0.2658 -0.9549 -0.1327
vn 0.8906 0.0956 -0.4447
vn 0.0899 0.9949 -0.0449
vn 0.0899 -0.9949 -0.0449
vn 0.8906 -0.0956 -0.4447
vn 0.2658 0.9548 -0.1327
vn 0.8579 -0.2836 -0.4284
vn 0.9168 0.2656 -0.2982
vn 0.3012 -0.9485 -0.0980
vn 0.9472 0.0891 -0.3081
vn 0.1025 0.9942 -0.0333
vn 0.1025 -0.9942 -0.0333
vn 0.9472 -0.0891 -0.3081
vn 0.3012 0.9485 -0.0980
vn 0.9168 -0.2656 -0.2982
vn 0.4823 0.8619 -0.1569
vn 0.8555 -0.4368 -0.2782
vn 0.6375 0.7420 -0.2074
vn 0.7624 -0.5977 -0.2480
vn 0.7624 0.5977 -0.2480
vn 0.6375 -0.7420 -0.2074
vn 0.8555 0.4368 -0.2782
vn 0.4823 -0.8619 -0.1569
vn 0.8925 -0.4199 -0.1647
vn 0.6766 0.7257 -0.1249
vn 0.8017 -0.5792 -0.1480
vn 0.8017 0.5792 -0.1480
vn 0.6766 -0.7257 -0.1249
vn 0.8925 0.4199 -0.1647
vn 0.5166 -0.8509 -0.0954
vn 0.9511 0.2540 -0.1756
vn 0.3252 -0.9437 -0.0600
vn 0.9798 0.0850 -0.1809
vn 0.1111 0.9936 -0.0205
vn 0.1112 -0.9936 -0.0205
vn 0.9798 -0.0850 -0.1809
vn 0.3252 0.9437 -0.0600
vn 0.9511 -0.2540 -0.1756
vn 0.5166 0.8509 -0.0954
vn 0.3373 -0.9412 -0.0202
vn 0.9948 0.0829 -0.0596
vn 0.1155 0.9933 -0.0069
vn 0.1155 -0.9933 -0.0069
vn 0.9948 -0.0829 -0.0596
vn 0.3373 0.9412 -0.0202
vn 0.9670 -0.2483 -0.0580
vn 0.5337 0.8451 -0.0320
vn 0.9097 -0.4116 -0.0545
vn 0.6955 0.7173 -0.0417
vn 0.8203 -0.5698 -0.0492
vn 0.8203 0.5698 -0.0492
vn 0.6955 -0.7173 -0.0417
vn 0.9097 0.4116 -0.0545
vn 0.5336 -0.8451 -0.0320
vn 0.9670 0.2483 -0.0580
vn 0.8203 -0.5698 0.0492
vn 0.8203 0.5698 0.0492
vn 0.6955 -0.7173 0.0417
vn 0.9097 0.4116 0.0545
vn 0.5337 -0.8451 0.0320
vn 0.9670 0.2483 0.0580
vn 0.3373 -0.9412 0.0202
vn 0.9948 0.0829 0.0596
vn 0.1156 0.9933 0.0069
vn 0.1156 -0.9933 0.0069
vn 0.9948 -0.0829 0.0596
vn 0.3373 0.9412 0.0202
vn 0.9670 -0.2483 0.0580
vn 0.5337 0.8451 0.0320
vn 0.9097 -0.4116 0.0545
vn 0.6955 0.7173 0.0417
vn 0.1111 0.9936 0.0205
vn 0.1111 -0.9936 0.0205
vn 0.9798 -0.0850 0.1809
vn 0.3252 0.9437 0.0600
vn 0.9511 -0.2540 0.1756
vn 0.5166 0.8509 0.0954
vn 0.8925 -0.4199 0.1647
vn 0.6766 0.7257 0.1249
vn 0.8017 -0.5792 0.1480
vn 0.8017 0.5792 0.1480
vn 0.6766 -0.7257 0.1249
vn 0.8925 0.4199 0.1647
vn 0.5166 -0.8509 0.0954
vn 0.9511 0.2540 0.1756
vn 0.3252 -0.9437 0.0600
vn 0.9798 0.0850 0.1809
vn 0.7624 0.5977 0.2480
vn 0.6375 -0.7420 0.2074
vn 0.8555 0.4368 0.2782
vn 0.4823 -0.8619 0.1569
vn 0.9168 0.2656 0.2982
vn 0.3012 -0.9485 0.0980
vn 0.9472 0.0891 0.3081
vn 0.1025 0.9942 0.0333
vn 0.1025 -0.9942 0.0333
vn 0.9472 -0.0891 0.3081
vn 0.3012 0.9485 0.0980
vn 0.9168 -0.2656 0.2982
vn 0.4823 0.8619 0.1569
vn 0.8555 -0.4368 0.2782
vn 0.6375 0.7420 0.2074
vn 0.7624 -0.5977 0.2480
vn 0.8906 -0.0956 0.4447
vn 0.2658 0.9548 0.1327
vn 0.8579 -0.2836 0.4284
vn 0.4301 0.8769 0.2148
vn 0.7934 -0.4621 0.3962
vn 0.5761 0.7650 0.2877
vn 0.6986 -0.6247 0.3488
vn 0.6986 0.6247 0.3488
vn 0.5761 -0.7650 0.2877
vn 0.7934 0.4621 0.3962
vn 0.4301 -0.8769 0.2148
vn 0.8579 0.2836 0.4284
vn 0.2658 -0.9549 0.1327
vn 0.8906 0.0956 0.4447
vn 0.0900 0.9949 0.0449
vn 0.0899 -0.9949 0.0449
vn 0.4898 -0.7926 0.3632
vn 0.6978 0.4953 0.5174
vn 0.3599 -0.8940 0.2668
vn 0.7643 0.3078 0.5667
vn 0.2198 -0.9619 0.1629
vn 0.7989 0.1045 0.5923
vn 0.0737 0.9958 0.0548
vn 0.0739 -0.9958 0.0548
vn 0.7989 -0.1045 0.5923
vn 0.2198 0.9619 0.1629
vn 0.7643 -0.3078 0.5667
vn 0.3599 0.8940 0.2668
vn 0.6978 -0.4953 0.5174
vn 0.4898 0.7926 0.3632
vn 0.6044 -0.6587 0.4482
vn 0.6044 0.6587 0.4481
vn 0.1644 0.9685 0.1872
vn 0.6214 -0.3368 0.7074
vn 0.2725 0.9108 0.3101
vn 0.5583 -0.5333 0.6356
vn 0.3770 0.8208 0.4291
vn 0.4742 -0.6955 0.5399
vn 0.4742 0.6955 0.5399
vn 0.3769 -0.8208 0.4291
vn 0.5583 0.5333 0.6356
vn 0.2724 -0.9108 0.3101
vn 0.6214 0.3368 0.7074
vn 0.1644 -0.9685 0.1872
vn 0.6556 0.1154 0.7463
vn 0.0549 0.9965 0.0625
vn 0.0550 -0.9965 0.0625
vn 0.6556 -0.1154 0.7463
vn 0.3669 0.5691 0.7359
vn 0.1702 -0.9243 0.3415
vn 0.4153 0.3656 0.8330
vn 0.1018 -0.9736 0.2042
vn 0.4426 0.1265 0.8878
vn 0.0339 0.9971 0.0679
vn 0.0338 -0.9971 0.0679
vn 0.4426 -0.1265 0.8878
vn 0.1018 0.9736 0.2042
vn 0.4153 -0.3656 0.8330
vn 0.1702 0.9243 0.3415
vn 0.3669 -0.5691 0.7359
vn 0.2388 0.8446 0.4791
vn 0.3058 -0.7282 0.6134
vn 0.3058 0.7282 0.6134
vn 0.2389 -0.8446 0.4791
vn 0.1475 -0.3845 0.9113
vn 0.0580 0.9319 0.3581
vn 0.1288 -0.5917 0.7958
vn 0.0820 0.8584 0.5064
vn 0.1061 -0.7480 0.6552
vn 0.1061 0.7480 0.6552
vn 0.0820 -0.8584 0.5064
vn 0.1288 0.5917 0.7958
vn 0.0580 -0.9319 0.3581
vn 0.1475 0.3845 0.9113
vn 0.0345 -0.9765 0.2129
vn 0.1583 0.1340 0.9782
vn 0.0115 0.9974 0.0706
vn 0.0114 -0.9974 0.0706
vn 0.1583 -0.1340 0.9782
vn 0.0345 0.9765 0.2129
vn -0.0580 -0.9319 0.3581
vn -0.1475 0.3845 0.9113
vn -0.0345 -0.9765 0.2129
vn -0.1583 0.1340 0.9782
vn -0.0115 0.9974 0.0706
vn -0.0114 -0.9974 0.0706
vn -0.1583 -0.1340 0.9782
vn -0.0345 0.9765 0.2129
vn -0.1475 -0.3845 0.9113
vn -0.0580 0.9319 0.3581
vn -0.1288 -0.5917 0.7958
vn -0.0820 0.8584 0.5064
vn -0.1061 -0.7480 0.6552
vn -0.1060 0.7480 0.6552
vn -0.0820 -0.8584 0.5064
vn -0.1288 0.5917 0.7958
vn -0.3669 -0.5691 0.7359
vn -0.2389 0.8446 0.4791
vn -0.3058 -0.7282 0.6134
vn -0.3058 0.7282 0.6134
vn -0.2389 -0.8446 0.4791
vn -0.3669 0.5691 0.7359
vn -0.1702 -0.9243 0.3415
vn -0.4153 0.3656 0.8330
vn -0.1018 -0.9736 0.2042
vn -0.4426 0.1265 0.8878
vn -0.0339 0.9971 0.0679
vn -0.0338 -0.9971 0.0679
vn -0.4426 -0.1265 0.8878
vn -0.1018 0.9736 0.2042
vn -0.4153 -0.3656 0.8330
vn -0.1703 0.9243 0.3415
vn -0.1644 -0.9685 0.1872
vn -0.6555 0.1154 0.7463
vn -0.0549 0.9965 0.0625
vn -0.0550 -0.9965 0.0625
vn -0.6556 -0.1154 0.7463
vn -0.1644 0.9685 0.1872
vn -0.6214 -0.3368 0.7074
vn -0.2724 0.9108 0.3101
vn -0.5583 -0.5333 0.6356
vn -0.3770 0.8208 0.4291
vn -0.4742 -0.6955 0.5399
vn -0.4742 0.6955 0.5399
vn -0.3770 -0.8208 0.4291
vn -0.5583 0.5333 0.6356
vn -0.2724 -0.9108 0.3101
vn -0.6214 0.3368 0.7074
vn -0.4898 0.7926 0.3632
vn -0.6044 -0.6587 0.4482
vn -0.6044 0.6587 0.4482
vn -0.4898 -0.7926 0.3632
vn -0.6978 0.4953 0.5174
vn -0.3599 -0.8940 0.2668
vn -0.7643 0.3078 0.5667
vn -0.2197 -0.9619 0.1629
vn -0.7989 0.1045 0.5923
vn -0.0737 0.9958 0.0548
vn -0.0739 -0.9958 0.0548
vn -0.7989 -0.1045 0.5923
vn -0.2197 0.9619 0.1629
vn -0.7643 -0.3078 0.5667
vn -0.3599 0.8940 0.2668
vn -0.6978 -0.4953 0.5174
vn -0.8906 0.0956 0.4447
vn -0.0900 0.9949 0.0449
vn -0.0899 -0.9949 0.0449
vn -0.8906 -0.0956 0.4447
vn -0.2658 0.9548 0.1327
vn -0.8579 -0.2836 0.4284
vn -0.4301 0.8769 0.2148
vn -0.7934 -0.4621 0.3962
vn -0.5761 0.7650 0.2877
vn -0.6986 -0.6247 0.3488
vn -0.6986 0.6247 0.3488
vn -0.5761 -0.7650 0.2877
vn -0.7934 0.4621 0.3962
vn -0.4301 -0.8769 0.2148
vn -0.8579 0.2836 0.4284
vn -0.2658 -0.9548 0.1327
vn -0.7624 -0.5977 0.2480
vn -0.7624 0.5977 0.2480
vn -0.6375 -0.7420 0.2074
vn -0.8555 0.4368 0.2782
vn -0.4823 -0.8619 0.1569
vn -0.9168 0.2656 0.2982
vn -0.3012 -0.9485 0.0980
vn -0.9472 0.0891 0.3081
vn -0.1025 0.9942 0.0333
vn -0.1025 -0.9942 0.0333
vn -0.9472 -0.0891 0.3081
vn -0.3012 0.9485 0.0980
vn -0.9168 -0.2656 0.2982
vn -0.4823 0.8619 0.1569
vn -0.8555 -0.4368 0.2782
vn -0.6375 0.7420 0.2074
vn -0.1111 0.9936 0.0205
vn -0.1111 -0.9936 0.0205
vn -0.9798 -0.0850 0.1809
vn -0.3252 0.9437 0.0600
vn -0.9511 -0.2540 0.1756
vn -0.5167 0.8509 0.0954
vn -0.8925 -0.4199 0.1647
vn -0.6766 0.7257 0.1249
vn -0.8017 -0.5792 0.1480
vn -0.8017 0.5792 0.1480
vn -0.6766 -0.7257 0.1249
vn -0.8925 0.4199 0.1647
vn -0.5167 -0.8509 0.0954
vn -0.9511 0.2540 0.1756
vn -0.3252 -0.9437 0.0600
vn -0.9798 0.0849 0.1809
vn -0.8203 0.5698 0.0492
vn -0.6955 -0.7173 0.0417
vn -0.9097 0.4116 0.0545
vn -0.5336 -0.8451 0.0320
vn -0.9670 0.2483 0.0580
vn -0.3373 -0.9412 0.0202
vn -0.9948 0.0829 0.0596
vn -0.1156 0.9933 0.0069
vn -0.1155 -0.9933 0.0069
vn -0.9948 -0.0829 0.0596
vn -0.3373 0.9412 0.0202
vn -0.9670 -0.2483 0.0580
vn -0.5337 0.8451 0.0320
vn -0.9097 -0.4116 0.0545
vn -0.6955 0.7173 0.0417
vn -0.8203 -0.5698 0.0492
vn -0.9948 -0.0829 -0.0596
vn -0.3373 0.9412 -0.0202
vn -0.9670 -0.2483 -0.0580
vn -0.5337 0.8451 -0.0320
vn -0.9097 -0.4116 -0.0545
vn -0.6955 0.7173 -0.0417
vn -0.8203 -0.5698 -0.0492
vn -0.8203 0.5698 -0.0492
vn -0.6955 -0.7173 -0.0417
vn -0.9097 0.4116 -0.0545
vn -0.5337 -0.8451 -0.0320
vn -0.9670 0.2483 -0.0580
vn -0.3373 -0.9412 -0.0202
vn -0.9948 0.0829 -0.0596
vn -0.1155 0.9933 -0.0069
vn -0.1156 -0.9933 -0.0069
vn -0.6766 -0.7257 -0.1249
vn -0.8925 0.4199 -0.1647
vn -0.5166 -0.8509 -0.0954
vn -0.9511 0.2540 -0.1756
vn -0.3252 -0.9437 -0.0600
vn -0.9798 0.0849 -0.1809
vn -0.1112 0.9936 -0.0205
vn -0.1112 -0.9936 -0.0205
vn -0.9798 -0.0850 -0.1809
vn -0.3252 0.9437 -0.0600
vn -0.9511 -0.2540 -0.1756
vn -0.5166 0.8509 -0.0954
vn -0.8925 -0.4199 -0.1647
vn -0.6766 0.7257 -0.1249
vn -0.8017 -0.5792 -0.1480
vn -0.8017 0.5792 -0.1480
vn -0.9168 -0.2656 -0.2982
vn -0.4823 0.8619 -0.1569
vn -0.8555 -0.4368 -0.2782
vn -0.6375 0.7420 -0.2074
vn -0.7624 -0.5977 -0.2480
vn -0.7624 0.5977 -0.2480
vn -0.6375 -0.7420 -0.2074
vn -0.8555 0.4368 -0.2782
vn -0.4823 -0.8619 -0.1569
vn -0.9168 0.2656 -0.2982
vn -0.3012 -0.9485 -0.0980
vn -0.9472 0.0891 -0.3081
vn -0.1026 0.9942 -0.0333
vn -0.1025 -0.9942 -0.0333
vn -0.9472 -0.0891 -0.3081
vn -0.3012 0.9485 -0.0980
vn -0.4301 -0.8769 -0.2148
vn -0.8579 0.2836 -0.4284
vn -0.2658 -0.9548 -0.1327
vn -0.8906 0.0956 -0.4447
vn -0.0899 0.9949 -0.0449
vn -0.0899 -0.9949 -0.0449
vn -0.8906 -0.0956 -0.4447
vn -0.2658 0.9548 -0.1327
vn -0.8579 -0.2836 -0.4284
vn -0.4301 0.8769 -0.2148
vn -0.7934 -0.4621 -0.3962
vn -0.5761 0.7650 -0.2877
vn -0.6986 -0.6248 -0.3488
vn -0.6986 0.6248 -0.3488
vn -0.5761 -0.7650 -0.2877
vn -0.7934 0.4621 -0.3962
vn -0.3599 0.8940 -0.2668
vn -0.6978 -0.4953 -0.5174
vn -0.4898 0.7926 -0.3632
vn -0.6044 -0.6587 -0.4482
vn -0.6044 0.6587 -0.4482
vn -0.4898 -0.7926 -0.3632
vn -0.6978 0.4953 -0.5174
vn -0.3599 -0.8940 -0.2668
vn -0.7643 0.3078 -0.5667
vn -0.2197 -0.9619 -0.1629
vn -0.7989 0.1045 -0.5923
vn -0.0739 0.9958 -0.0548
vn -0.0739 -0.9958 -0.0548
vn -0.7989 -0.1045 -0.5923
vn -0.2198 0.9619 -0.1629
vn -0.7643 -0.3079 -0.5667
vn -0.6214 0.3368 -0.7074
vn -0.1644 -0.9685 -0.1872
vn -0.6555 0.1154 -0.7463
vn -0.0549 0.9965 -0.0625
vn -0.0549 -0.9965 -0.0625
vn -0.6555 -0.1154 -0.7463
vn -0.1644 0.9685 -0.1872
vn -0.6214 -0.3368 -0.7074
vn -0.2724 0.9108 -0.3102
vn -0.5583 -0.5333 -0.6356
vn -0.3770 0.8208 -0.4291
vn -0.4742 -0.6955 -0.5399
vn -0.4742 0.6955 -0.5399
vn -0.3770 -0.8208 -0.4291
vn -0.5583 0.5333 -0.6356
vn -0.2724 -0.9108 -0.3102
vn -0.3669 -0.5691 -0.7359
vn -0.2389 0.8446 -0.4791
vn -0.3058 -0.7282 -0.6134
vn -0.3058 0.7282 -0.6134
vn -0.2388 -0.8446 -0.4791
vn -0.3669 0.5691 -0.7359
vn -0.1703 -0.9243 -0.3415
vn -0.4153 0.3656 -0.8330
vn -0.1017 -0.9736 -0.2042
vn -0.4426 0.1265 -0.8878
vn -0.0338 0.9971 -0.0679
vn -0.0339 -0.9971 -0.0679
vn -0.4426 -0.1265 -0.8878
vn -0.1018 0.9736 -0.2042
vn -0.4153 -0.3656 -0.8330
vn -0.1703 0.9243 -0.3415
vn -0.0345 -0.9765 -0.2129
vn -0.1583 0.1340 -0.9782
vn -0.0114 0.9974 -0.0706
vn -0.0114 -0.9974 -0.0706
vn -0.1583 -0.1340 -0.9782
vn -0.0344 0.9765 -0.2129
vn -0.1475 -0.3845 -0.9113
vn -0.0580 0.9319 -0.3581
vn -0.1288 -0.5917 -0.7958
vn -0.0820 0.8584 -0.5064
vn -0.1060 -0.7480 -0.6552
vn -0.1061 0.7480 -0.6552
vn -0.0820 -0.8584 -0.5064
vn -0.1288 0.5917 -0.7958
vn -0.0580 -0.9319 -0.3581
vn -0.1475 0.3845 -0.9113
vn 0.0115 -0.9974 -0.0706
vn 0.1060 -0.7480 -0.6552
vn 0.0580 -0.9319 -0.3581
vn 0.0338 0.9971 -0.0679
vn 0.0338 -0.9971 -0.0679
vn 0.2389 0.8446 -0.4791
vn 0.2724 0.9108 -0.3101
vn 0.0550 0.9965 -0.0625
vn 0.7643 0.3079 -0.5667
vn 0.2197 -0.9619 -0.1629
vn 0.0739 0.9958 -0.0548
vn 0.2197 0.9619 -0.1629
vn 0.7643 -0.3079 -0.5667
vn 0.6044 -0.6587 -0.4481
vn 0.2658 -0.9548 -0.1327
vn 0.1156 0.9933 -0.0069
vn 0.1156 -0.9933 -0.0069
vn 0.5336 0.8451 -0.0320
vn 0.1112 0.9936 0.0205
vn 0.1112 -0.9936 0.0205
vn 0.5167 0.8509 0.0954
vn 0.5167 -0.8509 0.0954
vn 0.0899 0.9949 0.0449
vn 0.0900 -0.9949 0.0449
vn 0.7643 0.3079 0.5667
vn 0.2197 -0.9619 0.1629
vn 0.0738 0.9958 0.0548
vn 0.0738 -0.9958 0.0548
vn 0.2197 0.9619 0.1629
vn 0.7643 -0.3079 0.5667
vn 0.6044 -0.6587 0.4481
vn 0.2724 0.9108 0.3101
vn 0.3770 -0.8208 0.4291
vn 0.1703 -0.9243 0.3415
vn 0.0579 0.9319 0.3581
vn 0.0114 0.9974 0.0706
vn 0.0115 -0.9974 0.0706
vn -0.0579 -0.9319 0.3581
vn -0.0114 0.9974 0.0706
vn -0.0115 -0.9974 0.0706
vn -0.0579 0.9319 0.3581
vn -0.1061 0.7480 0.6552
vn -0.2388 0.8446 0.4791
vn -0.1702 0.9243 0.3415
vn -0.6556 0.1154 0.7463
vn -0.6555 -0.1154 0.7463
vn -0.6044 0.6587 0.4481
vn -0.0738 0.9958 0.0548
vn -0.0738 -0.9958 0.0548
vn -0.0899 0.9949 0.0449
vn -0.0900 -0.9949 0.0449
vn -0.2658 -0.9549 0.1327
vn -0.1112 0.9936 0.0205
vn -0.1112 -0.9936 0.0205
vn -0.9798 -0.0849 0.1809
vn -0.5166 0.8509 0.0954
vn -0.9798 0.0850 0.1809
vn -0.1156 -0.9933 0.0069
vn -0.5336 0.8451 0.0320
vn -0.1156 0.9933 -0.0069
vn -0.9798 0.0850 -0.1809
vn -0.1111 0.9936 -0.0205
vn -0.9798 -0.0849 -0.1809
vn -0.5167 0.8509 -0.0954
vn -0.1025 0.9942 -0.0333
vn -0.2658 -0.9549 -0.1327
vn -0.6986 -0.6247 -0.3488
vn -0.6986 0.6247 -0.3488
vn -0.7643 0.3079 -0.5667
vn -0.2197 0.9619 -0.1629
vn -0.1702 -0.9243 -0.3415
vn -0.1018 -0.9736 -0.2042
vn -0.0339 0.9971 -0.0679
vn -0.0338 -0.9971 -0.0679
vn -0.1702 0.9243 -0.3415
vn -0.0115 -0.9974 -0.0706
vn -0.0345 0.9765 -0.2129
vn 0.0115 0.9974 -0.0706
vn 0.0344 0.9765 -0.2129
vn 0.0580 0.9319 -0.3581
vn 0.2388 -0.8446 -0.4791
vn 0.6556 0.1154 -0.7463
vn 0.6044 0.6587 -0.4482
vn 0.6986 -0.6248 -0.3488
vn 0.6986 0.6248 -0.3488
vn 0.6375 0.7420 -0.2073
vn 0.6375 -0.7420 -0.2073
vn 0.5337 -0.8451 -0.0320
vn 0.4823 0.8618 0.1569
vn 0.2658 0.9549 0.1327
vn 0.5761 0.7651 0.2877
vn 0.6986 -0.6248 0.3488
vn 0.6986 0.6248 0.3488
vn 0.2658 -0.9548 0.1327
vn 0.3770 -0.8208 0.4292
vn 0.6555 0.1154 0.7463
vn 0.0549 -0.9965 0.0625
vn 0.0338 0.9971 0.0679
vn 0.0339 -0.9971 0.0679
vn 0.2389 0.8446 0.4791
vn 0.1060 0.7480 0.6552
vn 0.0344 0.9765 0.2129
vn -0.0344 0.9765 0.2129
vn -0.0338 0.9971 0.0679
vn -0.0339 -0.9971 0.0679
vn -0.0549 -0.9965 0.0625
vn -0.3770 0.8208 0.4292
vn -0.7643 0.3079 0.5667
vn -0.2658 0.9549 0.1327
vn -0.6986 -0.6248 0.3488
vn -0.6986 0.6248 0.3488
vn -0.5166 -0.8509 0.0954
vn -0.5337 -0.8451 0.0320
vn -0.6375 -0.7420 -0.2073
vn -0.2658 0.9549 -0.1327
vn -0.2198 -0.9619 -0.1629
vn -0.0738 0.9958 -0.0548
vn -0.7643 -0.3078 -0.5667
vn -0.2724 0.9108 -0.3101
vn -0.3769 0.8208 -0.4291
vn -0.4742 0.6955 -0.5398
vn -0.2724 -0.9108 -0.3101
vn -0.2389 -0.8446 -0.4791
vn -0.0115 0.9974 -0.0706
vn -0.1061 -0.7480 -0.6552
vn 0.0113 0.9974 -0.0706
vn 0.0113 -0.9974 -0.0706
vn 0.3669 0.5690 -0.7359
vn 0.3769 0.8208 -0.4291
vn 0.6986 -0.6247 -0.3489
vn 0.6986 0.6247 -0.3489
vn 0.0900 0.9949 -0.0449
vn 0.2658 0.9549 -0.1327
vn 0.1112 0.9936 -0.0205
vn 0.6375 -0.7420 0.2073
vn 0.6375 0.7420 0.2073
vn 0.6986 -0.6248 0.3489
vn 0.6986 0.6248 0.3489
vn 0.0550 0.9965 0.0625
vn 0.1017 -0.9736 0.2042
vn 0.1060 -0.7480 0.6552
vn 0.0113 0.9974 0.0706
vn 0.0113 -0.9974 0.0706
vn -0.0113 0.9974 0.0706
vn -0.0113 -0.9974 0.0706
vn -0.1060 -0.7480 0.6552
vn -0.1017 -0.9736 0.2042
vn -0.0550 0.9965 0.0625
vn -0.3769 0.8208 0.4291
vn -0.6044 -0.6587 0.4481
vn -0.7643 -0.3079 0.5667
vn -0.5167 -0.8509 -0.0954
vn -0.0900 0.9949 -0.0449
vn -0.0550 0.9965 -0.0625
vn -0.3769 -0.8208 -0.4291
vn -0.0113 0.9974 -0.0706
vn -0.0113 -0.9974 -0.0706
vt 0.677771 0.530336
vt 0.677771 0.732342
vt 0.685647 0.732342
vt 0.685647 0.530336
vt 0.693221 0.732342
vt 0.693221 0.530336
vt 0.700202 0.732342
vt 0.700202 0.530336
vt 0.706320 0.732342
vt 0.706320 0.530336
vt 0.927509 0.731080
vt 0.927509 0.933086
vt 0.922256 0.933086
vt 0.922256 0.731080
vt 0.916262 0.933086
vt 0.916262 0.731080
vt 0.909759 0.933086
vt 0.909759 0.731080
vt 0.902996 0.933086
vt 0.902996 0.731080
vt 0.896232 0.933086
vt 0.896232 0.731080
vt 0.889729 0.933086
vt 0.889729 0.731080
vt 0.883735 0.933086
vt 0.883735 0.731080
vt 0.878482 0.933086
vt 0.878482 0.731080
vt 0.530336 0.736582
vt 0.732342 0.736582
vt 0.732342 0.742700
vt 0.530336 0.742700
vt 0.732342 0.749681
vt 0.530336 0.749681
vt 0.732342 0.757254
vt 0.530336 0.757255
vt 0.732342 0.765131
vt 0.530336 0.765131
vt 0.732342 0.773008
vt 0.530336 0.773008
vt 0.732342 0.780582
vt 0.530336 0.780582
vt 0.732342 0.787562
vt 0.530336 0.787562
vt 0.732342 0.793680
vt 0.530336 0.793680
vt 0.884058 0.000596
vt 0.884058 0.202602
vt 0.889311 0.202602
vt 0.889311 0.000596
vt 0.895305 0.202602
vt 0.895305 0.000596
vt 0.901808 0.202602
vt 0.901808 0.000596
vt 0.908572 0.202602
vt 0.908572 0.000596
vt 0.915335 0.202602
vt 0.915335 0.000596
vt 0.921839 0.202602
vt 0.921839 0.000596
vt 0.927832 0.202602
vt 0.927832 0.000596
vt 0.933086 0.202602
vt 0.933086 0.000596
vt 0.649221 0.530336
vt 0.649221 0.732342
vt 0.655340 0.732342
vt 0.655340 0.530336
vt 0.662320 0.732342
vt 0.662320 0.530336
vt 0.648922 0.980085
vt 0.641129 0.981413
vt 0.633225 0.981413
vt 0.625511 0.980085
vt 0.618286 0.977481
vt 0.611826 0.973701
vt 0.606380 0.968889
vt 0.602157 0.963231
vt 0.599320 0.956945
vt 0.597977 0.950271
vt 0.598180 0.943466
vt 0.599921 0.936792
vt 0.603134 0.930506
vt 0.607694 0.924848
vt 0.613427 0.920036
vt 0.620113 0.916255
vt 0.627493 0.913651
vt 0.635286 0.912324
vt 0.643191 0.912324
vt 0.650904 0.913651
vt 0.658130 0.916255
vt 0.664589 0.920036
vt 0.670035 0.924847
vt 0.674258 0.930505
vt 0.677096 0.936792
vt 0.678439 0.943466
vt 0.678236 0.950270
vt 0.676494 0.956944
vt 0.673282 0.963231
vt 0.668721 0.968889
vt 0.662988 0.973700
vt 0.656303 0.977481
vt 0.669894 0.732342
vt 0.669894 0.530336
vt 0.722914 0.981413
vt 0.730706 0.980085
vt 0.738087 0.977481
vt 0.744773 0.973701
vt 0.750506 0.968889
vt 0.755066 0.963231
vt 0.758279 0.956944
vt 0.760020 0.950270
vt 0.760223 0.943466
vt 0.758880 0.936792
vt 0.756043 0.930505
vt 0.751820 0.924847
vt 0.746374 0.920036
vt 0.739914 0.916255
vt 0.732689 0.913651
vt 0.724975 0.912324
vt 0.717070 0.912324
vt 0.709278 0.913651
vt 0.701897 0.916256
vt 0.695212 0.920036
vt 0.689479 0.924848
vt 0.684918 0.930506
vt 0.681705 0.936792
vt 0.679964 0.943466
vt 0.679761 0.950271
vt 0.681104 0.956945
vt 0.683942 0.963232
vt 0.688165 0.968889
vt 0.693610 0.973701
vt 0.700070 0.977481
vt 0.707296 0.980085
vt 0.715009 0.981413
vt 0.206916 0.867467
vt 0.408922 0.867467
vt 0.408922 0.859584
vt 0.206916 0.859584
vt 0.408922 0.851990
vt 0.206916 0.851990
vt 0.408922 0.844977
vt 0.206916 0.844977
vt 0.408922 0.838815
vt 0.206916 0.838815
vt 0.000596 0.898930
vt 0.202602 0.898930
vt 0.202602 0.904145
vt 0.000596 0.904145
vt 0.202602 0.910110
vt 0.000596 0.910110
vt 0.202602 0.916596
vt 0.000596 0.916596
vt 0.202602 0.923353
vt 0.000596 0.923353
vt 0.202602 0.930122
vt 0.000596 0.930122
vt 0.202602 0.936643
vt 0.000596 0.936643
vt 0.202602 0.942664
vt 0.000596 0.942664
vt 0.202602 0.947955
vt 0.000596 0.947955
vt 0.413236 0.857402
vt 0.615242 0.857402
vt 0.615242 0.863476
vt 0.413236 0.863476
vt 0.615242 0.870423
vt 0.413236 0.870423
vt 0.615242 0.877977
vt 0.413236 0.877977
vt 0.615242 0.885846
vt 0.413236 0.885846
vt 0.615242 0.893729
vt 0.413236 0.893729
vt 0.615242 0.901323
vt 0.413236 0.901323
vt 0.615242 0.908336
vt 0.413236 0.908336
vt 0.615242 0.914498
vt 0.413236 0.914498
vt 0.205057 0.947955
vt 0.407063 0.947955
vt 0.407063 0.942740
vt 0.205057 0.942740
vt 0.407063 0.936775
vt 0.205057 0.936775
vt 0.407063 0.930289
vt 0.205057 0.930289
vt 0.407063 0.923532
vt 0.205057 0.923532
vt 0.407063 0.916763
vt 0.205057 0.916763
vt 0.407063 0.910242
vt 0.205057 0.910242
vt 0.407063 0.904221
vt 0.205057 0.904221
vt 0.407063 0.898930
vt 0.205057 0.898930
vt 0.206916 0.895911
vt 0.408922 0.895911
vt 0.408922 0.889837
vt 0.206916 0.889837
vt 0.408922 0.882890
vt 0.206916 0.882890
vt 0.445583 0.919774
vt 0.453489 0.919774
vt 0.461280 0.921101
vt 0.468655 0.923704
vt 0.475332 0.927484
vt 0.481054 0.932294
vt 0.485601 0.937951
vt 0.488797 0.944236
vt 0.490521 0.950909
vt 0.490706 0.957712
vt 0.489345 0.964384
vt 0.486491 0.970670
vt 0.482252 0.976326
vt 0.476792 0.981137
vt 0.470321 0.984917
vt 0.463087 0.987520
vt 0.455369 0.988847
vt 0.447462 0.988848
vt 0.439671 0.987520
vt 0.432296 0.984917
vt 0.425619 0.981137
vt 0.419897 0.976327
vt 0.415351 0.970670
vt 0.412154 0.964385
vt 0.410430 0.957712
vt 0.410245 0.950909
vt 0.411606 0.944237
vt 0.414461 0.937951
vt 0.418699 0.932295
vt 0.424159 0.927484
vt 0.430631 0.923704
vt 0.437864 0.921101
vt 0.408922 0.875336
vt 0.206916 0.875336
vt 0.535274 0.919773
vt 0.527367 0.919773
vt 0.519649 0.921101
vt 0.512415 0.923704
vt 0.505944 0.927484
vt 0.500484 0.932294
vt 0.496245 0.937951
vt 0.493390 0.944237
vt 0.492029 0.950909
vt 0.492214 0.957712
vt 0.493939 0.964385
vt 0.497135 0.970670
vt 0.501682 0.976327
vt 0.507403 0.981137
vt 0.514080 0.984917
vt 0.521456 0.987520
vt 0.529246 0.988847
vt 0.537153 0.988847
vt 0.544871 0.987520
vt 0.552105 0.984917
vt 0.558576 0.981137
vt 0.564036 0.976326
vt 0.568275 0.970670
vt 0.571130 0.964384
vt 0.572491 0.957712
vt 0.572306 0.950909
vt 0.570582 0.944236
vt 0.567385 0.937951
vt 0.562838 0.932294
vt 0.557117 0.927484
vt 0.550440 0.923704
vt 0.543064 0.921101
vt 0.362454 0.527881
vt 0.000643 0.527881
vt 0.000643 0.000868
vt 0.362454 0.000868
vt 0.727337 0.000644
vt 0.879182 0.000644
vt 0.879182 0.362454
vt 0.727337 0.362454
vt 0.527881 0.681227
vt 0.527881 0.529381
vt 0.000868 0.529381
vt 0.000868 0.681227
vt 0.364026 0.527881
vt 0.725837 0.527881
vt 0.725837 0.000868
vt 0.364026 0.000868
vt 0.000868 0.834572
vt 0.000868 0.682727
vt 0.527881 0.682727
vt 0.527881 0.834572
vt 0.727337 0.726766
vt 0.879182 0.726766
vt 0.879182 0.364956
vt 0.727337 0.364956
vt 0.558811 0.530336
vt 0.558811 0.732342
vt 0.566688 0.732342
vt 0.566688 0.530336
vt 0.574262 0.732342
vt 0.574262 0.530336
vt 0.581242 0.732342
vt 0.581242 0.530336
vt 0.587361 0.732342
vt 0.587361 0.530336
vt 0.619556 0.858036
vt 0.821561 0.858036
vt 0.821561 0.863289
vt 0.619556 0.863289
vt 0.821561 0.869283
vt 0.619556 0.869283
vt 0.821561 0.875786
vt 0.619556 0.875786
vt 0.821561 0.882549
vt 0.619556 0.882549
vt 0.821561 0.889313
vt 0.619556 0.889313
vt 0.821561 0.895816
vt 0.619556 0.895816
vt 0.821561 0.901810
vt 0.619556 0.901810
vt 0.821561 0.907063
vt 0.619556 0.907063
vt 0.646840 0.530336
vt 0.646840 0.732342
vt 0.640722 0.732342
vt 0.640722 0.530336
vt 0.633742 0.732342
vt 0.633742 0.530336
vt 0.626168 0.732342
vt 0.626168 0.530336
vt 0.618291 0.732342
vt 0.618291 0.530336
vt 0.610414 0.732342
vt 0.610414 0.530336
vt 0.602840 0.732342
vt 0.602840 0.530336
vt 0.595860 0.732342
vt 0.595860 0.530336
vt 0.589742 0.732342
vt 0.589742 0.530336
vt 0.826437 0.731080
vt 0.826437 0.933086
vt 0.831690 0.933086
vt 0.831690 0.731080
vt 0.837684 0.933086
vt 0.837684 0.731080
vt 0.844188 0.933086
vt 0.844188 0.731080
vt 0.850951 0.933086
vt 0.850951 0.731080
vt 0.857714 0.933086
vt 0.857714 0.731080
vt 0.864218 0.933086
vt 0.864218 0.731080
vt 0.870211 0.933086
vt 0.870211 0.731080
vt 0.875465 0.933086
vt 0.875465 0.731080
vt 0.530262 0.530336
vt 0.530262 0.732342
vt 0.536381 0.732342
vt 0.536381 0.530336
vt 0.543361 0.732342
vt 0.543361 0.530336
vt 0.804833 0.765195
vt 0.804833 0.773099
vt 0.803505 0.780892
vt 0.800901 0.788273
vt 0.797121 0.794958
vt 0.792309 0.800691
vt 0.786651 0.805252
vt 0.780365 0.808465
vt 0.773691 0.810206
vt 0.766886 0.810409
vt 0.760212 0.809066
vt 0.753925 0.806229
vt 0.748267 0.802006
vt 0.743456 0.796560
vt 0.739675 0.790100
vt 0.737071 0.782875
vt 0.735744 0.775161
vt 0.735744 0.767257
vt 0.737071 0.759464
vt 0.739675 0.752083
vt 0.743456 0.745398
vt 0.748267 0.739665
vt 0.753925 0.735104
vt 0.760212 0.731891
vt 0.766886 0.730150
vt 0.773691 0.729947
vt 0.780365 0.731290
vt 0.786651 0.734127
vt 0.792309 0.738350
vt 0.797121 0.743796
vt 0.800901 0.750256
vt 0.803505 0.757481
vt 0.550935 0.732342
vt 0.550935 0.530336
vt 0.951673 0.661575
vt 0.951673 0.653670
vt 0.950345 0.645957
vt 0.947741 0.638732
vt 0.943961 0.632272
vt 0.939149 0.626826
vt 0.933491 0.622603
vt 0.927205 0.619766
vt 0.920531 0.618423
vt 0.913726 0.618626
vt 0.907052 0.620367
vt 0.900765 0.623580
vt 0.895108 0.628140
vt 0.890296 0.633874
vt 0.886516 0.640559
vt 0.883912 0.647940
vt 0.882584 0.655732
vt 0.882584 0.663637
vt 0.883911 0.671351
vt 0.886516 0.678576
vt 0.890296 0.685036
vt 0.895108 0.690482
vt 0.900766 0.694704
vt 0.907052 0.697542
vt 0.913726 0.698885
vt 0.920531 0.698682
vt 0.927205 0.696940
vt 0.933491 0.693728
vt 0.939149 0.689167
vt 0.943961 0.683434
vt 0.947741 0.676749
vt 0.950345 0.669368
vt 0.530336 0.826574
vt 0.732342 0.826574
vt 0.732342 0.818691
vt 0.530336 0.818691
vt 0.732342 0.811097
vt 0.530336 0.811097
vt 0.732342 0.804085
vt 0.530336 0.804085
vt 0.732342 0.797922
vt 0.530336 0.797922
vt 0.933086 0.413236
vt 0.933086 0.615242
vt 0.927870 0.615242
vt 0.927870 0.413236
vt 0.921905 0.615242
vt 0.921905 0.413236
vt 0.915419 0.615242
vt 0.915419 0.413236
vt 0.908662 0.615242
vt 0.908662 0.413236
vt 0.901893 0.615242
vt 0.901893 0.413236
vt 0.895372 0.615242
vt 0.895372 0.413236
vt 0.889351 0.615242
vt 0.889351 0.413236
vt 0.884060 0.615242
vt 0.884060 0.413236
vt 0.000596 0.838815
vt 0.202602 0.838815
vt 0.202602 0.844889
vt 0.000596 0.844889
vt 0.202602 0.851836
vt 0.000596 0.851836
vt 0.202602 0.859389
vt 0.000596 0.859389
vt 0.202602 0.867259
vt 0.000596 0.867259
vt 0.202602 0.875142
vt 0.000596 0.875142
vt 0.202602 0.882736
vt 0.000596 0.882736
vt 0.202602 0.889749
vt 0.000596 0.889749
vt 0.202602 0.895911
vt 0.000596 0.895911
vt 0.884060 0.206916
vt 0.884060 0.408922
vt 0.889275 0.408922
vt 0.889275 0.206916
vt 0.895240 0.408922
vt 0.895240 0.206916
vt 0.901726 0.408922
vt 0.901726 0.206916
vt 0.908483 0.408922
vt 0.908483 0.206916
vt 0.915252 0.408922
vt 0.915252 0.206916
vt 0.921773 0.408922
vt 0.921773 0.206916
vt 0.927794 0.408922
vt 0.927794 0.206916
vt 0.933086 0.408922
vt 0.933086 0.206916
vt 0.530336 0.855019
vt 0.732342 0.855019
vt 0.732342 0.848945
vt 0.530336 0.848945
vt 0.732342 0.841998
vt 0.530336 0.841998
vt 0.992565 0.951159
vt 0.992565 0.959066
vt 0.991238 0.966856
vt 0.988634 0.974232
vt 0.984855 0.980909
vt 0.980044 0.986630
vt 0.974387 0.991177
vt 0.968102 0.994373
vt 0.961430 0.996097
vt 0.954626 0.996282
vt 0.947954 0.994922
vt 0.941669 0.992067
vt 0.936012 0.987828
vt 0.931201 0.982368
vt 0.927422 0.975897
vt 0.924818 0.968663
vt 0.923491 0.960945
vt 0.923491 0.953038
vt 0.924818 0.945247
vt 0.927422 0.937872
vt 0.931201 0.931195
vt 0.936012 0.925473
vt 0.941669 0.920927
vt 0.947954 0.917730
vt 0.954626 0.916006
vt 0.961430 0.915821
vt 0.968102 0.917182
vt 0.974387 0.920037
vt 0.980044 0.924276
vt 0.984855 0.929736
vt 0.988634 0.936207
vt 0.991238 0.943441
vt 0.732342 0.834444
vt 0.530336 0.834444
vt 0.830855 0.962783
vt 0.830855 0.954877
vt 0.829528 0.947158
vt 0.826924 0.939924
vt 0.823145 0.933453
vt 0.818334 0.927993
vt 0.812677 0.923754
vt 0.806392 0.920900
vt 0.799720 0.919539
vt 0.792916 0.919724
vt 0.786244 0.921448
vt 0.779959 0.924644
vt 0.774302 0.929191
vt 0.769491 0.934913
vt 0.765712 0.941589
vt 0.763108 0.948965
vt 0.761781 0.956756
vt 0.761781 0.964662
vt 0.763108 0.972381
vt 0.765712 0.979614
vt 0.769491 0.986086
vt 0.774302 0.991545
vt 0.779959 0.995784
vt 0.786244 0.998639
vt 0.792916 1.000000
vt 0.799720 0.999815
vt 0.806392 0.998091
vt 0.812677 0.994894
vt 0.818334 0.990348
vt 0.823145 0.984626
vt 0.826924 0.977949
vt 0.829528 0.970574
vt 0.375000 0.000000
vt 0.625000 0.000000
vt 0.625000 0.250000
vt 0.375000 0.250000
vt 0.625000 0.500000
vt 0.375000 0.500000
vt 0.625000 0.750000
vt 0.375000 0.750000
vt 0.625000 1.000000
vt 0.375000 1.000000
vt 0.125000 0.500000
vt 0.125000 0.750000
vt 0.857867 0.732867
vt 0.642133 0.732867
vt 0.875000 0.500000
vt 0.857867 0.517133
vt 0.642133 0.517133
vt 0.875000 0.750000
vt 0.750000 0.562500
vt 0.750000 0.625000
vt 0.718750 0.625000
vt 0.718750 0.562500
vt 0.750000 0.062500
vt 0.750000 0.125000
vt 0.718750 0.125000
vt 0.718750 0.062500
vt 0.750000 0.500000
vt 0.718750 0.500000
vt 0.750000 0.937500
vt 0.734375 1.000000
vt 0.718750 0.937500
vt 0.734375 0.000000
vt 0.750000 0.437500
vt 0.718750 0.437500
vt 0.750000 0.875000
vt 0.718750 0.875000
vt 0.750000 0.375000
vt 0.718750 0.375000
vt 0.750000 0.812500
vt 0.718750 0.812500
vt 0.750000 0.312500
vt 0.718750 0.312500
vt 0.750000 0.750000
vt 0.718750 0.750000
vt 0.750000 0.250000
vt 0.718750 0.250000
vt 0.750000 0.687500
vt 0.718750 0.687500
vt 0.750000 0.187500
vt 0.718750 0.187500
vt 0.687500 0.687500
vt 0.687500 0.625000
vt 0.687500 0.187500
vt 0.687500 0.125000
vt 0.687500 0.562500
vt 0.687500 0.062500
vt 0.687500 0.500000
vt 0.703125 1.000000
vt 0.687500 0.937500
vt 0.703125 0.000000
vt 0.687500 0.437500
vt 0.687500 0.875000
vt 0.687500 0.375000
vt 0.687500 0.812500
vt 0.687500 0.312500
vt 0.687500 0.750000
vt 0.687500 0.250000
vt 0.656250 0.437500
vt 0.656250 0.375000
vt 0.656250 0.875000
vt 0.656250 0.812500
vt 0.656250 0.312500
vt 0.656250 0.750000
vt 0.656250 0.250000
vt 0.656250 0.687500
vt 0.656250 0.187500
vt 0.656250 0.625000
vt 0.656250 0.125000
vt 0.656250 0.562500
vt 0.656250 0.062500
vt 0.656250 0.500000
vt 0.671875 1.000000
vt 0.656250 0.937500
vt 0.671875 0.000000
vt 0.625000 0.187500
vt 0.625000 0.125000
vt 0.625000 0.625000
vt 0.625000 0.562500
vt 0.625000 0.062500
vt 0.640625 1.000000
vt 0.625000 0.937500
vt 0.640625 0.000000
vt 0.625000 0.437500
vt 0.625000 0.875000
vt 0.625000 0.375000
vt 0.625000 0.812500
vt 0.625000 0.312500
vt 0.625000 0.687500
vt 0.593750 0.875000
vt 0.593750 0.812500
vt 0.593750 0.375000
vt 0.593750 0.312500
vt 0.593750 0.750000
vt 0.593750 0.250000
vt 0.593750 0.687500
vt 0.593750 0.187500
vt 0.593750 0.625000
vt 0.593750 0.125000
vt 0.593750 0.562500
vt 0.593750 0.062500
vt 0.593750 0.500000
vt 0.609375 1.000000
vt 0.593750 0.937500
vt 0.609375 0.000000
vt 0.593750 0.437500
vt 0.562500 0.625000
vt 0.562500 0.562500
vt 0.562500 0.125000
vt 0.562500 0.062500
vt 0.562500 0.500000
vt 0.578125 1.000000
vt 0.562500 0.937500
vt 0.578125 0.000000
vt 0.562500 0.437500
vt 0.562500 0.875000
vt 0.562500 0.375000
vt 0.562500 0.812500
vt 0.562500 0.312500
vt 0.562500 0.750000
vt 0.562500 0.250000
vt 0.562500 0.687500
vt 0.562500 0.187500
vt 0.531250 0.375000
vt 0.531250 0.312500
vt 0.531250 0.812500
vt 0.531250 0.750000
vt 0.531250 0.250000
vt 0.531250 0.687500
vt 0.531250 0.187500
vt 0.531250 0.625000
vt 0.531250 0.125000
vt 0.531250 0.562500
vt 0.531250 0.062500
vt 0.531250 0.500000
vt 0.546875 1.000000
vt 0.531250 0.937500
vt 0.546875 0.000000
vt 0.531250 0.437500
vt 0.531250 0.875000
vt 0.500000 0.125000
vt 0.500000 0.062500
vt 0.500000 0.562500
vt 0.500000 0.500000
vt 0.515625 1.000000
vt 0.500000 0.937500
vt 0.515625 0.000000
vt 0.500000 0.437500
vt 0.500000 0.875000
vt 0.500000 0.375000
vt 0.500000 0.812500
vt 0.500000 0.312500
vt 0.500000 0.750000
vt 0.500000 0.250000
vt 0.500000 0.687500
vt 0.500000 0.187500
vt 0.500000 0.625000
vt 0.468750 0.312500
vt 0.468750 0.250000
vt 0.468750 0.750000
vt 0.468750 0.687500
vt 0.468750 0.187500
vt 0.468750 0.625000
vt 0.468750 0.125000
vt 0.468750 0.562500
vt 0.468750 0.062500
vt 0.468750 0.500000
vt 0.484375 1.000000
vt 0.468750 0.937500
vt 0.484375 0.000000
vt 0.468750 0.437500
vt 0.468750 0.875000
vt 0.468750 0.375000
vt 0.468750 0.812500
vt 0.453125 1.000000
vt 0.437500 0.937500
vt 0.453125 0.000000
vt 0.437500 0.062500
vt 0.437500 0.500000
vt 0.437500 0.437500
vt 0.437500 0.875000
vt 0.437500 0.375000
vt 0.437500 0.812500
vt 0.437500 0.312500
vt 0.437500 0.750000
vt 0.437500 0.250000
vt 0.437500 0.687500
vt 0.437500 0.187500
vt 0.437500 0.625000
vt 0.437500 0.125000
vt 0.437500 0.562500
vt 0.406250 0.750000
vt 0.406250 0.687500
vt 0.406250 0.250000
vt 0.406250 0.187500
vt 0.406250 0.625000
vt 0.406250 0.125000
vt 0.406250 0.562500
vt 0.406250 0.062500
vt 0.406250 0.500000
vt 0.421875 1.000000
vt 0.406250 0.937500
vt 0.421875 0.000000
vt 0.406250 0.437500
vt 0.406250 0.875000
vt 0.406250 0.375000
vt 0.406250 0.812500
vt 0.406250 0.312500
vt 0.375000 0.500000
vt 0.375000 0.437500
vt 0.375000 0.937500
vt 0.375000 0.875000
vt 0.375000 0.375000
vt 0.375000 0.812500
vt 0.375000 0.312500
vt 0.375000 0.750000
vt 0.375000 0.687500
vt 0.375000 0.187500
vt 0.375000 0.625000
vt 0.375000 0.125000
vt 0.375000 0.562500
vt 0.375000 0.062500
vt 0.390625 1.000000
vt 0.390625 0.000000
vt 0.343750 0.250000
vt 0.343750 0.187500
vt 0.343750 0.687500
vt 0.343750 0.625000
vt 0.343750 0.125000
vt 0.343750 0.562500
vt 0.343750 0.062500
vt 0.343750 0.500000
vt 0.359375 1.000000
vt 0.343750 0.937500
vt 0.359375 0.000000
vt 0.343750 0.437500
vt 0.343750 0.875000
vt 0.343750 0.375000
vt 0.343750 0.812500
vt 0.343750 0.312500
vt 0.343750 0.750000
vt 0.312500 0.937500
vt 0.312500 0.875000
vt 0.312500 0.437500
vt 0.312500 0.375000
vt 0.312500 0.812500
vt 0.312500 0.312500
vt 0.312500 0.750000
vt 0.312500 0.250000
vt 0.312500 0.687500
vt 0.312500 0.187500
vt 0.312500 0.625000
vt 0.312500 0.125000
vt 0.312500 0.562500
vt 0.312500 0.062500
vt 0.312500 0.500000
vt 0.328125 1.000000
vt 0.328125 0.000000
vt 0.281250 0.687500
vt 0.281250 0.625000
vt 0.281250 0.187500
vt 0.281250 0.125000
vt 0.281250 0.562500
vt 0.281250 0.062500
vt 0.281250 0.500000
vt 0.296875 1.000000
vt 0.281250 0.937500
vt 0.296875 0.000000
vt 0.281250 0.437500
vt 0.281250 0.875000
vt 0.281250 0.375000
vt 0.281250 0.812500
vt 0.281250 0.312500
vt 0.281250 0.750000
vt 0.281250 0.250000
vt 0.250000 0.437500
vt 0.250000 0.375000
vt 0.250000 0.875000
vt 0.250000 0.812500
vt 0.250000 0.312500
vt 0.250000 0.750000
vt 0.250000 0.250000
vt 0.250000 0.687500
vt 0.250000 0.187500
vt 0.250000 0.625000
vt 0.250000 0.125000
vt 0.250000 0.562500
vt 0.250000 0.062500
vt 0.250000 0.500000
vt 0.265625 1.000000
vt 0.250000 0.937500
vt 0.265625 0.000000
vt 0.218750 0.187500
vt 0.218750 0.125000
vt 0.218750 0.625000
vt 0.218750 0.562500
vt 0.218750 0.062500
vt 0.218750 0.500000
vt 0.234375 1.000000
vt 0.218750 0.937500
vt 0.234375 0.000000
vt 0.218750 0.437500
vt 0.218750 0.875000
vt 0.218750 0.375000
vt 0.218750 0.812500
vt 0.218750 0.312500
vt 0.218750 0.750000
vt 0.218750 0.250000
vt 0.218750 0.687500
vt 0.187500 0.375000
vt 0.187500 0.312500
vt 0.187500 0.812500
vt 0.187500 0.750000
vt 0.187500 0.250000
vt 0.187500 0.687500
vt 0.187500 0.187500
vt 0.187500 0.625000
vt 0.187500 0.125000
vt 0.187500 0.562500
vt 0.187500 0.062500
vt 0.187500 0.500000
vt 0.203125 1.000000
vt 0.187500 0.937500
vt 0.203125 0.000000
vt 0.187500 0.437500
vt 0.187500 0.875000
vt 0.156250 0.125000
vt 0.156250 0.062500
vt 0.156250 0.562500
vt 0.156250 0.500000
vt 0.171875 1.000000
vt 0.156250 0.937500
vt 0.171875 0.000000
vt 0.156250 0.437500
vt 0.156250 0.875000
vt 0.156250 0.375000
vt 0.156250 0.812500
vt 0.156250 0.312500
vt 0.156250 0.750000
vt 0.156250 0.250000
vt 0.156250 0.687500
vt 0.156250 0.187500
vt 0.156250 0.625000
vt 0.125000 0.812500
vt 0.125000 0.750000
vt 0.125000 0.312500
vt 0.125000 0.250000
vt 0.125000 0.687500
vt 0.125000 0.187500
vt 0.125000 0.625000
vt 0.125000 0.125000
vt 0.125000 0.562500
vt 0.125000 0.062500
vt 0.125000 0.500000
vt 0.140625 1.000000
vt 0.125000 0.937500
vt 0.140625 0.000000
vt 0.125000 0.437500
vt 0.125000 0.875000
vt 0.125000 0.375000
vt 0.093750 0.562500
vt 0.093750 0.500000
vt 0.109375 1.000000
vt 0.093750 0.937500
vt 0.109375 0.000000
vt 0.093750 0.062500
vt 0.093750 0.437500
vt 0.093750 0.875000
vt 0.093750 0.375000
vt 0.093750 0.812500
vt 0.093750 0.312500
vt 0.093750 0.750000
vt 0.093750 0.250000
vt 0.093750 0.687500
vt 0.093750 0.187500
vt 0.093750 0.625000
vt 0.093750 0.125000
vt 0.062500 0.312500
vt 0.062500 0.250000
vt 0.062500 0.750000
vt 0.062500 0.687500
vt 0.062500 0.187500
vt 0.062500 0.625000
vt 0.062500 0.125000
vt 0.062500 0.562500
vt 0.062500 0.062500
vt 0.062500 0.500000
vt 0.078125 1.000000
vt 0.062500 0.937500
vt 0.078125 0.000000
vt 0.062500 0.437500
vt 0.062500 0.875000
vt 0.062500 0.375000
vt 0.062500 0.812500
vt 0.046875 1.000000
vt 0.031250 0.937500
vt 0.046875 0.000000
vt 0.031250 0.062500
vt 0.031250 0.500000
vt 0.031250 0.437500
vt 0.031250 0.875000
vt 0.031250 0.375000
vt 0.031250 0.812500
vt 0.031250 0.312500
vt 0.031250 0.750000
vt 0.031250 0.250000
vt 0.031250 0.687500
vt 0.031250 0.187500
vt 0.031250 0.625000
vt 0.031250 0.125000
vt 0.031250 0.562500
vt 0.000000 0.750000
vt 0.000000 0.687500
vt 0.000000 0.250000
vt 0.000000 0.187500
vt 0.000000 0.625000
vt 0.000000 0.125000
vt 0.000000 0.562500
vt 0.000000 0.062500
vt 0.000000 0.500000
vt 0.015625 1.000000
vt 0.000000 0.937500
vt 0.015625 0.000000
vt 0.000000 0.437500
vt 0.000000 0.875000
vt 0.000000 0.375000
vt 0.000000 0.812500
vt 0.000000 0.312500
vt 1.000000 0.437500
vt 1.000000 0.500000
vt 0.968750 0.500000
vt 0.968750 0.437500
vt 1.000000 0.875000
vt 1.000000 0.937500
vt 0.968750 0.937500
vt 0.968750 0.875000
vt 1.000000 0.375000
vt 0.968750 0.375000
vt 1.000000 0.812500
vt 0.968750 0.812500
vt 1.000000 0.312500
vt 0.968750 0.312500
vt 1.000000 0.750000
vt 0.968750 0.750000
vt 1.000000 0.250000
vt 0.968750 0.250000
vt 1.000000 0.687500
vt 0.968750 0.687500
vt 1.000000 0.187500
vt 0.968750 0.187500
vt 1.000000 0.625000
vt 0.968750 0.625000
vt 1.000000 0.125000
vt 0.968750 0.125000
vt 1.000000 0.562500
vt 0.968750 0.562500
vt 1.000000 0.062500
vt 0.968750 0.062500
vt 0.984375 1.000000
vt 0.984375 0.000000
vt 0.937500 0.250000
vt 0.937500 0.187500
vt 0.937500 0.687500
vt 0.937500 0.625000
vt 0.937500 0.125000
vt 0.937500 0.562500
vt 0.937500 0.062500
vt 0.937500 0.500000
vt 0.953125 1.000000
vt 0.937500 0.937500
vt 0.953125 0.000000
vt 0.937500 0.437500
vt 0.937500 0.875000
vt 0.937500 0.375000
vt 0.937500 0.812500
vt 0.937500 0.312500
vt 0.937500 0.750000
vt 0.906250 0.437500
vt 0.906250 0.375000
vt 0.906250 0.875000
vt 0.906250 0.812500
vt 0.906250 0.312500
vt 0.906250 0.750000
vt 0.906250 0.250000
vt 0.906250 0.687500
vt 0.906250 0.187500
vt 0.906250 0.625000
vt 0.906250 0.125000
vt 0.906250 0.562500
vt 0.906250 0.062500
vt 0.906250 0.500000
vt 0.921875 1.000000
vt 0.906250 0.937500
vt 0.921875 0.000000
vt 0.875000 0.187500
vt 0.875000 0.125000
vt 0.875000 0.625000
vt 0.875000 0.562500
vt 0.875000 0.062500
vt 0.875000 0.500000
vt 0.890625 1.000000
vt 0.875000 0.937500
vt 0.890625 0.000000
vt 0.875000 0.437500
vt 0.875000 0.875000
vt 0.875000 0.375000
vt 0.875000 0.812500
vt 0.875000 0.312500
vt 0.875000 0.750000
vt 0.875000 0.250000
vt 0.875000 0.687500
vt 0.843750 0.875000
vt 0.843750 0.812500
vt 0.843750 0.375000
vt 0.843750 0.312500
vt 0.843750 0.750000
vt 0.843750 0.250000
vt 0.843750 0.687500
vt 0.843750 0.187500
vt 0.843750 0.625000
vt 0.843750 0.125000
vt 0.843750 0.562500
vt 0.843750 0.062500
vt 0.843750 0.500000
vt 0.859375 1.000000
vt 0.843750 0.937500
vt 0.859375 0.000000
vt 0.843750 0.437500
vt 0.812500 0.625000
vt 0.812500 0.562500
vt 0.812500 0.125000
vt 0.812500 0.062500
vt 0.812500 0.500000
vt 0.828125 1.000000
vt 0.812500 0.937500
vt 0.828125 0.000000
vt 0.812500 0.437500
vt 0.812500 0.875000
vt 0.812500 0.375000
vt 0.812500 0.812500
vt 0.812500 0.312500
vt 0.812500 0.750000
vt 0.812500 0.250000
vt 0.812500 0.687500
vt 0.812500 0.187500
vt 0.781250 0.375000
vt 0.781250 0.312500
vt 0.781250 0.812500
vt 0.781250 0.750000
vt 0.781250 0.250000
vt 0.781250 0.687500
vt 0.781250 0.187500
vt 0.781250 0.625000
vt 0.781250 0.125000
vt 0.781250 0.562500
vt 0.781250 0.062500
vt 0.781250 0.500000
vt 0.796875 1.000000
vt 0.781250 0.937500
vt 0.796875 0.000000
vt 0.781250 0.437500
vt 0.781250 0.875000
vt 0.765625 1.000000
vt 0.765625 0.000000
s 0
usemtl Material.001
f 1/1/1 2/2/1 4/3/1 3/4/1
f 3/4/2 4/3/2 6/5/2 5/6/2
f 5/6/3 6/5/3 8/7/3 7/8/3
f 7/8/4 8/7/4 10/9/4 9/10/4
f 9/11/5 10/12/5 12/13/5 11/14/5
f 11/14/6 12/13/6 14/15/6 13/16/6
f 13/16/7 14/15/7 16/17/7 15/18/7
f 15/18/8 16/17/8 18/19/8 17/20/8
f 17/20/9 18/19/9 20/21/9 19/22/9
f 19/22/10 20/21/10 22/23/10 21/24/10
f 21/24/11 22/23/11 24/25/11 23/26/11
f 23/26/12 24/25/12 26/27/12 25/28/12
f 25/29/13 26/30/13 28/31/13 27/32/13
f 27/32/14 28/31/14 30/33/14 29/34/14
f 29/34/15 30/33/15 32/35/15 31/36/15
f 31/36/16 32/35/16 34/37/16 33/38/16
f 33/38/17 34/37/17 36/39/17 35/40/17
f 35/40/18 36/39/18 38/41/18 37/42/18
f 37/42/19 38/41/19 40/43/19 39/44/19
f 39/44/20 40/43/20 42/45/20 41/46/20
f 41/47/21 42/48/21 44/49/21 43/50/21
f 43/50/22 44/49/22 46/51/22 45/52/22
f 45/52/23 46/51/23 48/53/23 47/54/23
f 47/54/24 48/53/24 50/55/24 49/56/24
f 49/56/25 50/55/25 52/57/25 51/58/25
f 51/58/26 52/57/26 54/59/26 53/60/26
f 53/60/27 54/59/27 56/61/27 55/62/27
f 55/62/28 56/61/28 58/63/28 57/64/28
f 57/65/29 58/66/29 60/67/29 59/68/29
f 59/68/30 60/67/30 62/69/30 61/70/30
f 4/71/31 2/72/31 64/73/31 62/74/31 60/75/31 58/76/31 56/77/31 54/78/31 52/79/31 50/80/31 48/81/31 46/82/31 44/83/31 42/84/31 40/85/31 38/86/31 36/87/31 34/88/31 32/89/31 30/90/31 28/91/31 26/92/31 24/93/31 22/94/31 20/95/31 18/96/31 16/97/31 14/98/31 12/99/31 10/100/31 8/101/31 6/102/31
f 61/70/32 62/69/32 64/103/32 63/104/32
f 63/104/33 64/103/33 2/2/33 1/1/33
f 1/105/34 3/106/34 5/107/34 7/108/34 9/109/34 11/110/34 13/111/34 15/112/34 17/113/34 19/114/34 21/115/34 23/116/34 25/117/34 27/118/34 29/119/34 31/120/34 33/121/34 35/122/34 37/123/34 39/124/34 41/125/34 43/126/34 45/127/34 47/128/34 49/129/34 51/130/34 53/131/34 55/132/34 57/133/34 59/134/34 61/135/34 63/136/34
f 65/137/35 66/138/35 68/139/35 67/140/35
f 67/140/36 68/139/36 70/141/36 69/142/36
f 69/142/37 70/141/37 72/143/37 71/144/37
f 71/144/38 72/143/38 74/145/38 73/146/38
f 73/147/39 74/148/39 76/149/39 75/150/39
f 75/150/40 76/149/40 78/151/40 77/152/40
f 77/152/41 78/151/41 80/153/41 79/154/41
f 79/154/42 80/153/42 82/155/42 81/156/42
f 81/156/43 82/155/43 84/157/43 83/158/43
f 83/158/44 84/157/44 86/159/44 85/160/44
f 85/160/45 86/159/45 88/161/45 87/162/45
f 87/162/46 88/161/46 90/163/46 89/164/46
f 89/165/47 90/166/47 92/167/47 91/168/47
f 91/168/48 92/167/48 94/169/48 93/170/48
f 93/170/49 94/169/49 96/171/49 95/172/49
f 95/172/50 96/171/50 98/173/50 97/174/50
f 97/174/51 98/173/51 100/175/51 99/176/51
f 99/176/52 100/175/52 102/177/52 101/178/52
f 101/178/53 102/177/53 104/179/53 103/180/53
f 103/180/54 104/179/54 106/181/54 105/182/54
f 105/183/55 106/184/55 108/185/55 107/186/55
f 107/186/56 108/185/56 110/187/56 109/188/56
f 109/188/57 110/187/57 112/189/57 111/190/57
f 111/190/58 112/189/58 114/191/58 113/192/58
f 113/192/59 114/191/59 116/193/59 115/194/59
f 115/194/60 116/193/60 118/195/60 117/196/60
f 117/196/61 118/195/61 120/197/61 119/198/61
f 119/198/62 120/197/62 122/199/62 121/200/62
f 121/201/63 122/202/63 124/203/63 123/204/63
f 123/204/64 124/203/64 126/205/64 125/206/64
f 68/207/31 66/208/31 128/209/31 126/210/31 124/211/31 122/212/31 120/213/31 118/214/31 116/215/31 114/216/31 112/217/31 110/218/31 108/219/31 106/220/31 104/221/31 102/222/31 100/223/31 98/224/31 96/225/31 94/226/31 92/227/31 90/228/31 88/229/31 86/230/31 84/231/31 82/232/31 80/233/31 78/234/31 76/235/31 74/236/31 72/237/31 70/238/31
f 125/206/65 126/205/65 128/239/65 127/240/65
f 127/240/66 128/239/66 66/138/66 65/137/66
f 65/241/34 67/242/34 69/243/34 71/244/34 73/245/34 75/246/34 77/247/34 79/248/34 81/249/34 83/250/34 85/251/34 87/252/34 89/253/34 91/254/34 93/255/34 95/256/34 97/257/34 99/258/34 101/259/34 103/260/34 105/261/34 107/262/34 109/263/34 111/264/34 113/265/34 115/266/34 117/267/34 119/268/34 121/269/34 123/270/34 125/271/34 127/272/34
f 129/273/31 133/274/31 135/275/31 131/276/31
f 132/277/67 131/278/67 135/279/67 136/280/67
f 136/281/68 135/282/68 133/283/68 134/284/68
f 134/285/34 130/286/34 132/287/34 136/288/34
f 130/289/69 129/290/69 131/291/69 132/292/69
f 134/293/70 133/294/70 129/295/70 130/296/70
f 137/297/1 138/298/1 140/299/1 139/300/1
f 139/300/2 140/299/2 142/301/2 141/302/2
f 141/302/3 142/301/3 144/303/3 143/304/3
f 143/304/4 144/303/4 146/305/4 145/306/4
f 145/307/5 146/308/5 148/309/5 147/310/5
f 147/310/6 148/309/6 150/311/6 149/312/6
f 149/312/7 150/311/7 152/313/7 151/314/7
f 151/314/8 152/313/8 154/315/8 153/316/8
f 153/316/9 154/315/9 156/317/9 155/318/9
f 155/318/10 156/317/10 158/319/10 157/320/10
f 157/320/11 158/319/11 160/321/11 159/322/11
f 159/322/12 160/321/12 162/323/12 161/324/12
f 161/325/13 162/326/13 164/327/13 163/328/13
f 163/328/14 164/327/14 166/329/14 165/330/14
f 165/330/15 166/329/15 168/331/15 167/332/15
f 167/332/16 168/331/16 170/333/16 169/334/16
f 169/334/17 170/333/17 172/335/17 171/336/17
f 171/336/18 172/335/18 174/337/18 173/338/18
f 173/338/19 174/337/19 176/339/19 175/340/19
f 175/340/20 176/339/20 178/341/20 177/342/20
f 177/343/21 178/344/21 180/345/21 179/346/21
f 179/346/22 180/345/22 182/347/22 181/348/22
f 181/348/23 182/347/23 184/349/23 183/350/23
f 183/350/24 184/349/24 186/351/24 185/352/24
f 185/352/25 186/351/25 188/353/25 187/354/25
f 187/354/26 188/353/26 190/355/26 189/356/26
f 189/356/27 190/355/27 192/357/27 191/358/27
f 191/358/28 192/357/28 194/359/28 193/360/28
f 193/361/29 194/362/29 196/363/29 195/364/29
f 195/364/30 196/363/30 198/365/30 197/366/30
f 140/367/31 138/368/31 200/369/31 198/370/31 196/371/31 194/372/31 192/373/31 190/374/31 188/375/31 186/376/31 184/377/31 182/378/31 180/379/31 178/380/31 176/381/31 174/382/31 172/383/31 170/384/31 168/385/31 166/386/31 164/387/31 162/388/31 160/389/31 158/390/31 156/391/31 154/392/31 152/393/31 150/394/31 148/395/31 146/396/31 144/397/31 142/398/31
f 197/366/32 198/365/32 200/399/32 199/400/32
f 199/400/33 200/399/33 138/298/33 137/297/33
f 137/401/34 139/402/34 141/403/34 143/404/34 145/405/34 147/406/34 149/407/34 151/408/34 153/409/34 155/410/34 157/411/34 159/412/34 161/413/34 163/414/34 165/415/34 167/416/34 169/417/34 171/418/34 173/419/34 175/420/34 177/421/34 179/422/34 181/423/34 183/424/34 185/425/34 187/426/34 189/427/34 191/428/34 193/429/34 195/430/34 197/431/34 199/432/34
f 201/433/35 202/434/35 204/435/35 203/436/35
f 203/436/36 204/435/36 206/437/36 205/438/36
f 205/438/37 206/437/37 208/439/37 207/440/37
f 207/440/38 208/439/38 210/441/38 209/442/38
f 209/443/39 210/444/39 212/445/39 211/446/39
f 211/446/40 212/445/40 214/447/40 213/448/40
f 213/448/41 214/447/41 216/449/41 215/450/41
f 215/450/42 216/449/42 218/451/42 217/452/42
f 217/452/43 218/451/43 220/453/43 219/454/43
f 219/454/44 220/453/44 222/455/44 221/456/44
f 221/456/45 222/455/45 224/457/45 223/458/45
f 223/458/46 224/457/46 226/459/46 225/460/46
f 225/461/47 226/462/47 228/463/47 227/464/47
f 227/464/48 228/463/48 230/465/48 229/466/48
f 229/466/49 230/465/49 232/467/49 231/468/49
f 231/468/50 232/467/50 234/469/50 233/470/50
f 233/470/51 234/469/51 236/471/51 235/472/51
f 235/472/52 236/471/52 238/473/52 237/474/52
f 237/474/53 238/473/53 240/475/53 239/476/53
f 239/476/54 240/475/54 242/477/54 241/478/54
f 241/479/55 242/480/55 244/481/55 243/482/55
f 243/482/56 244/481/56 246/483/56 245/484/56
f 245/484/71 246/483/71 248/485/71 247/486/71
f 247/486/58 248/485/58 250/487/58 249/488/58
f 249/488/59 250/487/59 252/489/59 251/490/59
f 251/490/60 252/489/60 254/491/60 253/492/60
f 253/492/61 254/491/61 256/493/61 255/494/61
f 255/494/62 256/493/62 258/495/62 257/496/62
f 257/497/63 258/498/63 260/499/63 259/500/63
f 259/500/64 260/499/64 262/501/64 261/502/64
f 204/503/31 202/504/31 264/505/31 262/506/31 260/507/31 258/508/31 256/509/31 254/510/31 252/511/31 250/512/31 248/513/31 246/514/31 244/515/31 242/516/31 240/517/31 238/518/31 236/519/31 234/520/31 232/521/31 230/522/31 228/523/31 226/524/31 224/525/31 222/526/31 220/527/31 218/528/31 216/529/31 214/530/31 212/531/31 210/532/31 208/533/31 206/534/31
f 261/502/65 262/501/65 264/535/65 263/536/65
f 263/536/66 264/535/66 202/434/66 201/433/66
f 201/537/34 203/538/34 205/539/34 207/540/34 209/541/34 211/542/34 213/543/34 215/544/34 217/545/34 219/546/34 221/547/34 223/548/34 225/549/34 227/550/34 229/551/34 231/552/34 233/553/34 235/554/34 237/555/34 239/556/34 241/557/34 243/558/34 245/559/34 247/560/34 249/561/34 251/562/34 253/563/34 255/564/34 257/565/34 259/566/34 261/567/34 263/568/34
usemtl Material
f 265/569/68 266/570/68 268/571/68 267/572/68
f 267/572/70 268/571/70 272/573/70 271/574/70
f 271/574/69 272/573/69 270/575/69 269/576/69
f 269/576/67 270/575/67 266/577/67 265/578/67
f 267/579/34 271/574/34 269/576/34 265/580/34
f 270/575/31 272/573/31 276/573/31 275/575/31
f 279/581/31 280/582/31 284/582/31 283/581/31
f 268/571/31 266/570/31 273/570/31 274/571/31
f 266/577/31 270/575/31 275/575/31 273/577/31
f 272/573/31 268/571/31 274/571/31 276/573/31
f 276/573/31 274/583/31 278/584/31 277/585/31
f 274/583/31 273/586/31 279/581/31 278/584/31
f 273/586/31 275/575/31 280/582/31 279/581/31
f 275/575/31 276/573/31 277/585/31 280/582/31
f 280/582/31 277/585/31 281/585/31 284/582/31
f 278/584/31 279/581/31 283/581/31 282/584/31
f 277/585/31 278/584/31 282/584/31 281/585/31
f 285/569/68 286/570/68 288/571/68 287/572/68
f 287/572/70 288/571/70 292/573/70 291/574/70
f 291/574/69 292/573/69 290/575/69 289/576/69
f 289/576/67 290/575/67 286/577/67 285/578/67
f 287/579/34 291/574/34 289/576/34 285/580/34
f 290/575/31 292/573/31 296/573/31 295/575/31
f 299/581/31 300/582/31 304/582/31 303/581/31
f 288/571/31 286/570/31 293/570/31 294/571/31
f 286/577/31 290/575/31 295/575/31 293/577/31
f 292/573/31 288/571/31 294/571/31 296/573/31
f 296/573/31 294/583/31 298/584/31 297/585/31
f 294/583/31 293/586/31 299/581/31 298/584/31
f 293/586/31 295/575/31 300/582/31 299/581/31
f 295/575/31 296/573/31 297/585/31 300/582/31
f 300/582/31 297/585/31 301/585/31 304/582/31
f 298/584/31 299/581/31 303/581/31 302/584/31
f 297/585/31 298/584/31 302/584/31 301/585/31
f 305/569/68 306/570/68 308/571/68 307/572/68
f 307/572/70 308/571/70 312/573/70 311/574/70
f 311/574/69 312/573/69 310/575/69 309/576/69
f 309/576/67 310/575/67 306/577/67 305/578/67
f 307/579/34 311/574/34 309/576/34 305/580/34
f 310/575/31 312/573/31 316/573/31 315/575/31
f 319/581/31 320/582/31 324/582/31 323/581/31
f 308/571/31 306/570/31 313/570/31 314/571/31
f 306/577/31 310/575/31 315/575/31 313/577/31
f 312/573/31 308/571/31 314/571/31 316/573/31
f 316/573/31 314/583/31 318/584/31 317/585/31
f 314/583/31 313/586/31 319/581/31 318/584/31
f 313/586/31 315/575/31 320/582/31 319/581/31
f 315/575/31 316/573/31 317/585/31 320/582/31
f 320/582/31 317/585/31 321/585/31 324/582/31
f 318/584/31 319/581/31 323/581/31 322/584/31
f 317/585/31 318/584/31 322/584/31 321/585/31
f 325/569/68 326/570/68 328/571/68 327/572/68
f 327/572/70 328/571/70 332/573/70 331/574/70
f 331/574/69 332/573/69 330/575/69 329/576/69
f 329/576/67 330/575/67 326/577/67 325/578/67
f 327/579/34 331/574/34 329/576/34 325/580/34
f 330/575/31 332/573/31 336/573/31 335/575/31
f 339/581/31 340/582/31 344/582/31 343/581/31
f 328/571/31 326/570/31 333/570/31 334/571/31
f 326/577/31 330/575/31 335/575/31 333/577/31
f 332/573/31 328/571/31 334/571/31 336/573/31
f 336/573/31 334/583/31 338/584/31 337/585/31
f 334/583/31 333/586/31 339/581/31 338/584/31
f 333/586/31 335/575/31 340/582/31 339/581/31
f 335/575/31 336/573/31 337/585/31 340/582/31
f 340/582/31 337/585/31 341/585/31 344/582/31
f 338/584/31 339/581/31 343/581/31 342/584/31
f 337/585/31 338/584/31 342/584/31 341/585/31
usemtl Material.002
f 348/587/72 821/588/72 358/589/72 359/590/72
f 826/591/73 825/592/73 366/593/73 367/594/73
f 349/595/74 348/587/74 359/590/74 360/596/74
f 818/597/75 345/598/75 353/599/75
f 352/600/76 826/591/76 367/594/76
f 350/601/77 349/595/77 360/596/77 361/602/77
f 819/603/78 818/597/78 353/599/78 354/604/78
f 822/605/79 350/601/79 361/602/79 362/606/79
f 346/607/80 819/603/80 354/604/80 355/608/80
f 351/609/81 822/605/81 362/606/81 363/610/81
f 820/611/82 346/607/82 355/608/82 356/612/82
f 823/613/83 351/609/83 363/610/83 364/614/83
f 347/615/84 820/611/84 356/612/84 357/616/84
f 824/617/85 823/613/85 364/614/85 365/618/85
f 821/588/86 347/615/86 357/616/86 358/589/86
f 825/592/87 824/617/87 365/618/87 366/593/87
f 358/589/88 357/616/88 372/619/88 373/620/88
f 366/593/89 365/618/89 380/621/89 381/622/89
f 359/590/90 358/589/90 373/620/90 374/623/90
f 367/594/91 366/593/91 381/622/91 382/624/91
f 360/596/92 359/590/92 374/623/92 375/625/92
f 353/599/93 345/626/93 368/627/93
f 352/628/94 367/594/94 382/624/94
f 361/602/95 360/596/95 375/625/95 376/629/95
f 354/604/96 353/599/96 368/627/96 369/630/96
f 362/606/97 361/602/97 376/629/97 377/631/97
f 355/608/98 354/604/98 369/630/98 370/632/98
f 363/610/99 362/606/99 377/631/99 378/633/99
f 356/612/100 355/608/100 370/632/100 371/634/100
f 364/614/101 363/610/101 378/633/101 379/635/101
f 357/616/102 356/612/102 371/634/102 372/619/102
f 365/618/103 364/614/103 379/635/103 380/621/103
f 377/631/104 376/629/104 391/636/104 392/637/104
f 370/632/105 369/630/105 384/638/105 385/639/105
f 378/633/106 377/631/106 392/637/106 393/640/106
f 371/634/107 370/632/107 385/639/107 386/641/107
f 379/635/108 378/633/108 393/640/108 394/642/108
f 372/619/109 371/634/109 386/641/109 387/643/109
f 380/621/110 379/635/110 394/642/110 395/644/110
f 373/620/111 372/619/111 387/643/111 388/645/111
f 381/622/112 380/621/112 395/644/112 396/646/112
f 374/623/113 373/620/113 388/645/113 389/647/113
f 382/624/114 381/622/114 396/646/114 397/648/114
f 375/625/115 374/623/115 389/647/115 390/649/115
f 368/627/116 345/650/116 383/651/116
f 352/652/117 382/624/117 397/648/117
f 376/629/118 375/625/118 390/649/118 391/636/118
f 369/630/119 368/627/119 383/651/119 384/638/119
f 396/646/120 395/644/120 410/653/120 411/654/120
f 389/647/121 388/645/121 403/655/121 404/656/121
f 397/648/122 396/646/122 411/654/122 412/657/122
f 390/649/123 389/647/123 404/656/123 405/573/123
f 383/651/124 345/658/124 398/659/124
f 352/660/125 397/648/125 412/657/125
f 391/636/126 390/649/126 405/573/126 406/661/126
f 384/638/127 383/651/127 398/659/127 399/662/127
f 392/637/128 391/636/128 406/661/128 407/663/128
f 385/639/129 384/638/129 399/662/129 400/664/129
f 393/640/130 392/637/130 407/663/130 408/665/130
f 386/641/131 385/639/131 400/664/131 401/575/131
f 394/642/132 393/640/132 408/665/132 409/571/132
f 387/643/133 386/641/133 401/575/133 402/666/133
f 395/644/134 394/642/134 409/571/134 410/653/134
f 388/645/135 387/643/135 402/666/135 403/655/135
f 400/664/136 399/662/136 414/667/136 415/668/136
f 408/665/137 407/663/137 422/669/137 423/670/137
f 401/575/138 400/664/138 415/668/138 416/671/138
f 409/571/139 408/665/139 423/670/139 424/672/139
f 402/666/140 401/575/140 416/671/140 417/673/140
f 410/653/141 409/571/141 424/672/141 425/674/141
f 403/655/142 402/666/142 417/673/142 418/675/142
f 411/654/143 410/653/143 425/674/143 426/676/143
f 404/656/144 403/655/144 418/675/144 419/677/144
f 412/657/145 411/654/145 426/676/145 427/678/145
f 405/573/146 404/656/146 419/677/146 420/679/146
f 398/659/147 345/680/147 413/681/147
f 352/682/148 412/657/148 427/678/148
f 406/661/149 405/573/149 420/679/149 421/683/149
f 399/662/150 398/659/150 413/681/150 414/667/150
f 407/663/151 406/661/151 421/683/151 422/669/151
f 419/677/152 418/675/152 433/684/152 434/685/152
f 427/678/153 426/676/153 441/686/153 442/687/153
f 420/679/154 419/677/154 434/685/154 435/688/154
f 413/681/155 345/689/155 428/690/155
f 352/691/156 427/678/156 442/687/156
f 421/683/157 420/679/157 435/688/157 436/692/157
f 414/667/158 413/681/158 428/690/158 429/693/158
f 422/669/159 421/683/159 436/692/159 437/694/159
f 415/668/160 414/667/160 429/693/160 430/695/160
f 423/670/161 422/669/161 437/694/161 438/696/161
f 416/671/162 415/668/162 430/695/162 431/697/162
f 424/672/163 423/670/163 438/696/163 439/698/163
f 417/673/164 416/671/164 431/697/164 432/699/164
f 425/674/165 424/672/165 439/698/165 440/700/165
f 418/675/166 417/673/166 432/699/166 433/684/166
f 426/676/167 425/674/167 440/700/167 441/686/167
f 438/696/168 437/694/168 452/701/168 453/702/168
f 431/697/169 430/695/169 445/703/169 446/704/169
f 439/698/170 438/696/170 453/702/170 454/705/170
f 432/699/171 431/697/171 446/704/171 447/706/171
f 440/700/172 439/698/172 454/705/172 455/707/172
f 433/684/173 432/699/173 447/706/173 448/708/173
f 441/686/174 440/700/174 455/707/174 456/709/174
f 434/685/175 433/684/175 448/708/175 449/710/175
f 442/687/176 441/686/176 456/709/176 457/711/176
f 435/688/177 434/685/177 449/710/177 450/712/177
f 428/690/178 345/713/178 443/714/178
f 352/715/179 442/687/179 457/711/179
f 436/692/180 435/688/180 450/712/180 451/716/180
f 429/693/181 428/690/181 443/714/181 444/717/181
f 437/694/182 436/692/182 451/716/182 452/701/182
f 430/695/183 429/693/183 444/717/183 445/703/183
f 457/711/184 456/709/184 471/718/184 472/719/184
f 450/712/185 449/710/185 464/720/185 465/721/185
f 443/714/186 345/722/186 458/723/186
f 352/724/187 457/711/187 472/719/187
f 451/716/188 450/712/188 465/721/188 466/725/188
f 444/717/189 443/714/189 458/723/189 459/726/189
f 452/701/190 451/716/190 466/725/190 467/727/190
f 445/703/191 444/717/191 459/726/191 460/728/191
f 453/702/192 452/701/192 467/727/192 468/729/192
f 446/704/193 445/703/193 460/728/193 461/730/193
f 454/705/194 453/702/194 468/729/194 469/731/194
f 447/706/195 446/704/195 461/730/195 462/732/195
f 455/707/196 454/705/196 469/731/196 470/733/196
f 448/708/197 447/706/197 462/732/197 463/734/197
f 456/709/198 455/707/198 470/733/198 471/718/198
f 449/710/199 448/708/199 463/734/199 464/720/199
f 469/731/200 468/729/200 483/735/200 484/736/200
f 462/732/201 461/730/201 476/737/201 477/738/201
f 470/733/202 469/731/202 484/736/202 485/739/202
f 463/734/203 462/732/203 477/738/203 478/740/203
f 471/718/204 470/733/204 485/739/204 486/741/204
f 464/720/205 463/734/205 478/740/205 479/742/205
f 472/719/206 471/718/206 486/741/206 487/743/206
f 465/721/207 464/720/207 479/742/207 480/744/207
f 458/723/208 345/745/208 473/746/208
f 352/747/209 472/719/209 487/743/209
f 466/725/210 465/721/210 480/744/210 481/748/210
f 459/726/211 458/723/211 473/746/211 474/749/211
f 467/727/212 466/725/212 481/748/212 482/750/212
f 460/728/213 459/726/213 474/749/213 475/751/213
f 468/729/214 467/727/214 482/750/214 483/735/214
f 461/730/215 460/728/215 475/751/215 476/737/215
f 473/746/216 345/752/216 488/753/216
f 352/754/217 487/743/217 502/755/217
f 481/748/218 480/744/218 495/756/218 496/757/218
f 474/749/219 473/746/219 488/753/219 489/758/219
f 482/750/220 481/748/220 496/757/220 497/759/220
f 475/751/221 474/749/221 489/758/221 490/760/221
f 483/735/222 482/750/222 497/759/222 498/761/222
f 476/737/223 475/751/223 490/760/223 491/762/223
f 484/736/224 483/735/224 498/761/224 499/763/224
f 477/738/225 476/737/225 491/762/225 492/764/225
f 485/739/226 484/736/226 499/763/226 500/765/226
f 478/740/227 477/738/227 492/764/227 493/766/227
f 486/741/228 485/739/228 500/765/228 501/767/228
f 479/742/229 478/740/229 493/766/229 494/768/229
f 487/743/230 486/741/230 501/767/230 502/755/230
f 480/744/231 479/742/231 494/768/231 495/756/231
f 492/764/232 491/762/232 506/769/232 507/770/232
f 500/765/233 499/763/233 514/771/233 515/772/233
f 493/766/234 492/764/234 507/770/234 508/773/234
f 501/767/235 500/765/235 515/772/235 516/774/235
f 494/768/236 493/766/236 508/773/236 509/775/236
f 502/755/237 501/767/237 516/774/237 517/776/237
f 495/756/238 494/768/238 509/775/238 510/777/238
f 488/753/239 345/778/239 503/779/239
f 352/780/240 502/755/240 517/776/240
f 496/757/241 495/756/241 510/777/241 511/781/241
f 489/758/242 488/753/242 503/779/242 504/782/242
f 497/759/243 496/757/243 511/781/243 512/783/243
f 490/760/244 489/758/244 504/782/244 505/784/244
f 498/761/245 497/759/245 512/783/245 513/785/245
f 491/762/246 490/760/246 505/784/246 506/769/246
f 499/763/247 498/761/247 513/785/247 514/771/247
f 511/781/248 510/777/248 525/786/248 526/787/248
f 504/782/249 503/779/249 518/788/249 519/789/249
f 512/783/250 511/781/250 526/787/250 527/790/250
f 505/784/251 504/782/251 519/789/251 520/791/251
f 513/785/252 512/783/252 527/790/252 528/792/252
f 506/769/253 505/784/253 520/791/253 521/793/253
f 514/771/254 513/785/254 528/792/254 529/572/254
f 507/770/255 506/769/255 521/793/255 522/794/255
f 515/772/256 514/771/256 529/572/256 530/795/256
f 508/773/257 507/770/257 522/794/257 523/796/257
f 516/774/258 515/772/258 530/795/258 531/797/258
f 509/775/259 508/773/259 523/796/259 524/798/259
f 517/776/260 516/774/260 531/797/260 532/799/260
f 510/777/261 509/775/261 524/798/261 525/786/261
f 503/779/262 345/800/262 518/788/262
f 352/801/263 517/776/263 532/799/263
f 530/795/264 529/572/264 544/802/264 545/803/264
f 523/796/265 522/794/265 537/804/265 538/805/265
f 531/797/266 530/795/266 545/803/266 546/806/266
f 524/798/267 523/796/267 538/805/267 539/807/267
f 532/799/268 531/797/268 546/806/268 547/808/268
f 525/786/269 524/798/269 539/807/269 540/809/269
f 518/788/270 345/810/270 533/811/270
f 352/812/271 532/799/271 547/808/271
f 526/787/272 525/786/272 540/809/272 541/813/272
f 519/789/273 518/788/273 533/811/273 534/814/273
f 527/790/274 526/787/274 541/813/274 542/815/274
f 520/791/275 519/789/275 534/814/275 535/816/275
f 528/792/276 527/790/276 542/815/276 543/817/276
f 521/793/277 520/791/277 535/816/277 536/818/277
f 529/572/278 528/792/278 543/817/278 544/802/278
f 522/794/279 521/793/279 536/818/279 537/804/279
f 534/814/280 533/811/280 548/819/280 549/820/280
f 542/815/281 541/813/281 556/821/281 557/822/281
f 535/816/282 534/814/282 549/820/282 550/823/282
f 543/817/283 542/815/283 557/822/283 558/824/283
f 536/818/284 535/816/284 550/823/284 551/825/284
f 544/802/285 543/817/285 558/824/285 559/826/285
f 537/804/286 536/818/286 551/825/286 552/827/286
f 545/803/287 544/802/287 559/826/287 560/828/287
f 538/805/288 537/804/288 552/827/288 553/829/288
f 546/806/289 545/803/289 560/828/289 561/830/289
f 539/807/290 538/805/290 553/829/290 554/831/290
f 547/808/291 546/806/291 561/830/291 562/832/291
f 540/809/292 539/807/292 554/831/292 555/833/292
f 533/811/293 345/834/293 548/819/293
f 352/835/294 547/808/294 562/832/294
f 541/813/295 540/809/295 555/833/295 556/821/295
f 553/829/296 552/827/296 567/836/296 568/837/296
f 561/830/297 560/828/297 575/838/297 576/839/297
f 554/831/298 553/829/298 568/837/298 569/840/298
f 562/832/299 561/830/299 576/839/299 577/841/299
f 555/833/300 554/831/300 569/840/300 570/842/300
f 548/819/301 345/843/301 563/844/301
f 352/845/302 562/832/302 577/841/302
f 556/821/303 555/833/303 570/842/303 571/846/303
f 549/820/304 548/819/304 563/844/304 564/847/304
f 557/822/305 556/821/305 571/846/305 572/848/305
f 550/823/306 549/820/306 564/847/306 565/849/306
f 558/824/307 557/822/307 572/848/307 573/850/307
f 551/825/308 550/823/308 565/849/308 566/851/308
f 559/826/309 558/824/309 573/850/309 574/852/309
f 552/827/310 551/825/310 566/851/310 567/836/310
f 560/828/311 559/826/311 574/852/311 575/838/311
f 572/848/312 571/846/312 586/853/312 587/854/312
f 565/849/313 564/847/313 579/855/313 580/856/313
f 573/850/314 572/848/314 587/854/314 588/857/314
f 566/851/315 565/849/315 580/856/315 581/858/315
f 574/852/316 573/850/316 588/857/316 589/859/316
f 567/836/317 566/851/317 581/858/317 582/860/317
f 575/838/318 574/852/318 589/859/318 590/861/318
f 568/837/319 567/836/319 582/860/319 583/862/319
f 576/839/320 575/838/320 590/861/320 591/863/320
f 569/840/321 568/837/321 583/862/321 584/864/321
f 577/841/322 576/839/322 591/863/322 592/865/322
f 570/842/323 569/840/323 584/864/323 585/866/323
f 563/844/324 345/867/324 578/868/324
f 352/869/325 577/841/325 592/865/325
f 571/846/326 570/842/326 585/866/326 586/853/326
f 564/847/327 563/844/327 578/868/327 579/855/327
f 591/863/328 590/861/328 605/870/328 606/871/328
f 584/864/329 583/862/329 598/872/329 599/873/329
f 592/865/330 591/863/330 606/871/330 607/874/330
f 585/866/331 584/864/331 599/873/331 600/875/331
f 578/868/332 345/876/332 593/877/332
f 352/878/333 592/865/333 607/874/333
f 586/853/334 585/866/334 600/875/334 601/879/334
f 579/855/335 578/868/335 593/877/335 594/880/335
f 587/854/336 586/853/336 601/879/336 602/881/336
f 580/856/337 579/855/337 594/880/337 595/882/337
f 588/857/338 587/854/338 602/881/338 603/883/338
f 581/858/339 580/856/339 595/882/339 596/884/339
f 589/859/340 588/857/340 603/883/340 604/885/340
f 582/860/341 581/858/341 596/884/341 597/886/341
f 590/861/342 589/859/342 604/885/342 605/870/342
f 583/862/343 582/860/343 597/886/343 598/872/343
f 603/883/344 602/881/344 617/887/344 618/888/344
f 596/884/345 595/882/345 610/889/345 611/890/345
f 604/885/346 603/883/346 618/888/346 619/891/346
f 597/886/347 596/884/347 611/890/347 612/892/347
f 605/870/348 604/885/348 619/891/348 620/893/348
f 598/872/349 597/886/349 612/892/349 613/894/349
f 606/871/350 605/870/350 620/893/350 621/895/350
f 599/873/351 598/872/351 613/894/351 614/896/351
f 607/874/352 606/871/352 621/895/352 622/897/352
f 600/875/353 599/873/353 614/896/353 615/898/353
f 593/877/354 345/899/354 608/900/354
f 352/901/355 607/874/355 622/897/355
f 601/879/356 600/875/356 615/898/356 616/902/356
f 594/880/357 593/877/357 608/900/357 609/903/357
f 602/881/358 601/879/358 616/902/358 617/887/358
f 595/882/359 594/880/359 609/903/359 610/889/359
f 622/897/360 621/895/360 636/904/360 637/905/360
f 615/898/361 614/896/361 629/906/361 630/907/361
f 608/900/362 345/908/362 623/909/362
f 352/910/363 622/897/363 637/905/363
f 616/902/364 615/898/364 630/907/364 631/911/364
f 609/903/365 608/900/365 623/909/365 624/912/365
f 617/887/366 616/902/366 631/911/366 632/913/366
f 610/889/367 609/903/367 624/912/367 625/914/367
f 618/888/368 617/887/368 632/913/368 633/915/368
f 611/890/369 610/889/369 625/914/369 626/916/369
f 619/891/370 618/888/370 633/915/370 634/917/370
f 612/892/371 611/890/371 626/916/371 627/918/371
f 620/893/372 619/891/372 634/917/372 635/919/372
f 613/894/373 612/892/373 627/918/373 628/920/373
f 621/895/374 620/893/374 635/919/374 636/904/374
f 614/896/375 613/894/375 628/920/375 629/906/375
f 626/916/376 625/914/376 640/921/376 641/922/376
f 634/917/377 633/915/377 648/923/377 649/924/377
f 627/918/378 626/916/378 641/922/378 642/925/378
f 635/919/379 634/917/379 649/924/379 650/926/379
f 628/920/380 627/918/380 642/925/380 643/927/380
f 636/904/381 635/919/381 650/926/381 651/928/381
f 629/906/382 628/920/382 643/927/382 644/929/382
f 637/905/383 636/904/383 651/928/383 652/930/383
f 630/907/384 629/906/384 644/929/384 645/931/384
f 623/909/385 345/932/385 638/933/385
f 352/934/386 637/905/386 652/930/386
f 631/911/387 630/907/387 645/931/387 646/935/387
f 624/912/388 623/909/388 638/933/388 639/936/388
f 632/913/389 631/911/389 646/935/389 647/937/389
f 625/914/390 624/912/390 639/936/390 640/921/390
f 633/915/391 632/913/391 647/937/391 648/923/391
f 645/931/392 644/929/392 659/938/392 660/939/392
f 638/933/393 345/940/393 653/941/393
f 352/942/394 652/930/394 667/943/394
f 646/935/395 645/931/395 660/939/395 661/944/395
f 639/936/396 638/933/396 653/941/396 654/945/396
f 647/937/397 646/935/397 661/944/397 662/946/397
f 640/921/398 639/936/398 654/945/398 655/947/398
f 648/923/399 647/937/399 662/946/399 663/948/399
f 641/922/400 640/921/400 655/947/400 656/949/400
f 649/924/401 648/923/401 663/948/401 664/950/401
f 642/925/402 641/922/402 656/949/402 657/951/402
f 650/926/403 649/924/403 664/950/403 665/952/403
f 643/927/404 642/925/404 657/951/404 658/953/404
f 651/928/405 650/926/405 665/952/405 666/954/405
f 644/929/406 643/927/406 658/953/406 659/938/406
f 652/930/407 651/928/407 666/954/407 667/943/407
f 664/950/408 663/948/408 678/955/408 679/956/408
f 657/951/409 656/949/409 671/957/409 672/958/409
f 665/952/410 664/950/410 679/956/410 680/959/410
f 658/953/411 657/951/411 672/958/411 673/960/411
f 666/954/412 665/952/412 680/959/412 681/961/412
f 659/938/413 658/953/413 673/960/413 674/962/413
f 667/943/414 666/954/414 681/961/414 682/963/414
f 660/939/415 659/938/415 674/962/415 675/964/415
f 653/941/416 345/965/416 668/966/416
f 352/967/417 667/943/417 682/963/417
f 661/944/418 660/939/418 675/964/418 676/968/418
f 654/945/419 653/941/419 668/966/419 669/969/419
f 662/946/420 661/944/420 676/968/420 677/970/420
f 655/947/421 654/945/421 669/969/421 670/971/421
f 663/948/422 662/946/422 677/970/422 678/955/422
f 656/949/423 655/947/423 670/971/423 671/957/423
f 668/966/424 345/972/424 683/973/424
f 352/974/425 682/963/425 697/975/425
f 676/968/426 675/964/426 690/976/426 691/977/426
f 669/969/427 668/966/427 683/973/427 684/978/427
f 677/970/428 676/968/428 691/977/428 692/979/428
f 670/971/429 669/969/429 684/978/429 685/980/429
f 678/955/430 677/970/430 692/979/430 693/981/430
f 671/957/431 670/971/431 685/980/431 686/982/431
f 679/956/432 678/955/432 693/981/432 694/983/432
f 672/958/433 671/957/433 686/982/433 687/984/433
f 680/959/434 679/956/434 694/983/434 695/985/434
f 673/960/435 672/958/435 687/984/435 688/986/435
f 681/961/436 680/959/436 695/985/436 696/987/436
f 674/962/437 673/960/437 688/986/437 689/988/437
f 682/963/438 681/961/438 696/987/438 697/975/438
f 675/964/439 674/962/439 689/988/439 690/976/439
f 687/984/440 686/982/440 701/989/440 702/990/440
f 695/985/441 694/983/441 709/991/441 710/992/441
f 688/986/442 687/984/442 702/990/442 703/993/442
f 696/987/443 695/985/443 710/992/443 711/994/443
f 689/988/444 688/986/444 703/993/444 704/995/444
f 697/975/445 696/987/445 711/994/445 712/996/445
f 690/976/446 689/988/446 704/995/446 705/997/446
f 683/973/447 345/998/447 698/999/447
f 352/1000/448 697/975/448 712/996/448
f 691/977/449 690/976/449 705/997/449 706/1001/449
f 684/978/450 683/973/450 698/999/450 699/1002/450
f 692/979/451 691/977/451 706/1001/451 707/1003/451
f 685/980/452 684/978/452 699/1002/452 700/1004/452
f 693/981/453 692/979/453 707/1003/453 708/1005/453
f 686/982/454 685/980/454 700/1004/454 701/989/454
f 694/983/455 693/981/455 708/1005/455 709/991/455
f 706/1006/456 705/1007/456 720/1008/456 721/1009/456
f 699/1010/457 698/1011/457 713/1012/457 714/1013/457
f 707/1014/458 706/1006/458 721/1009/458 722/1015/458
f 700/1016/459 699/1010/459 714/1013/459 715/1017/459
f 708/1018/460 707/1014/460 722/1015/460 723/1019/460
f 701/1020/461 700/1016/461 715/1017/461 716/1021/461
f 709/1022/462 708/1018/462 723/1019/462 724/1023/462
f 702/1024/463 701/1020/463 716/1021/463 717/1025/463
f 710/1026/464 709/1022/464 724/1023/464 725/1027/464
f 703/1028/465 702/1024/465 717/1025/465 718/1029/465
f 711/1030/466 710/1026/466 725/1027/466 726/1031/466
f 704/1032/467 703/1028/467 718/1029/467 719/1033/467
f 712/1034/468 711/1030/468 726/1031/468 727/1035/468
f 705/1007/469 704/1032/469 719/1033/469 720/1008/469
f 698/1011/470 345/1036/470 713/1012/470
f 352/1037/471 712/1034/471 727/1035/471
f 725/1027/472 724/1023/472 739/1038/472 740/1039/472
f 718/1029/473 717/1025/473 732/1040/473 733/1041/473
f 726/1031/474 725/1027/474 740/1039/474 741/1042/474
f 719/1033/475 718/1029/475 733/1041/475 734/1043/475
f 727/1035/476 726/1031/476 741/1042/476 742/1044/476
f 720/1008/477 719/1033/477 734/1043/477 735/1045/477
f 713/1012/478 345/1046/478 728/1047/478
f 352/1048/479 727/1035/479 742/1044/479
f 721/1009/480 720/1008/480 735/1045/480 736/1049/480
f 714/1013/481 713/1012/481 728/1047/481 729/1050/481
f 722/1015/482 721/1009/482 736/1049/482 737/1051/482
f 715/1017/483 714/1013/483 729/1050/483 730/1052/483
f 723/1019/484 722/1015/484 737/1051/484 738/1053/484
f 716/1021/485 715/1017/485 730/1052/485 731/1054/485
f 724/1023/486 723/1019/486 738/1053/486 739/1038/486
f 717/1025/487 716/1021/487 731/1054/487 732/1040/487
f 737/1051/488 736/1049/488 751/1055/488 752/1056/488
f 730/1052/489 729/1050/489 744/1057/489 745/1058/489
f 738/1053/490 737/1051/490 752/1056/490 753/1059/490
f 731/1054/491 730/1052/491 745/1058/491 746/1060/491
f 739/1038/492 738/1053/492 753/1059/492 754/1061/492
f 732/1040/493 731/1054/493 746/1060/493 747/1062/493
f 740/1039/494 739/1038/494 754/1061/494 755/1063/494
f 733/1041/495 732/1040/495 747/1062/495 748/1064/495
f 741/1042/496 740/1039/496 755/1063/496 756/1065/496
f 734/1043/497 733/1041/497 748/1064/497 749/1066/497
f 742/1044/498 741/1042/498 756/1065/498 757/1067/498
f 735/1045/499 734/1043/499 749/1066/499 750/1068/499
f 728/1047/500 345/1069/500 743/1070/500
f 352/1071/501 742/1044/501 757/1067/501
f 736/1049/502 735/1045/502 750/1068/502 751/1055/502
f 729/1050/503 728/1047/503 743/1070/503 744/1057/503
f 756/1065/504 755/1063/504 770/1072/504 771/1073/504
f 749/1066/505 748/1064/505 763/1074/505 764/1075/505
f 757/1067/506 756/1065/506 771/1073/506 772/1076/506
f 750/1068/507 749/1066/507 764/1075/507 765/1077/507
f 743/1070/508 345/1078/508 758/1079/508
f 352/1080/509 757/1067/509 772/1076/509
f 751/1055/510 750/1068/510 765/1077/510 766/1081/510
f 744/1057/511 743/1070/511 758/1079/511 759/1082/511
f 752/1056/512 751/1055/512 766/1081/512 767/1083/512
f 745/1058/513 744/1057/513 759/1082/513 760/1084/513
f 753/1059/514 752/1056/514 767/1083/514 768/1085/514
f 746/1060/515 745/1058/515 760/1084/515 761/1086/515
f 754/1061/516 753/1059/516 768/1085/516 769/1087/516
f 747/1062/517 746/1060/517 761/1086/517 762/1088/517
f 755/1063/518 754/1061/518 769/1087/518 770/1072/518
f 748/1064/519 747/1062/519 762/1088/519 763/1074/519
f 760/1084/520 759/1082/520 774/1089/520 775/1090/520
f 768/1085/521 767/1083/521 782/1091/521 783/1092/521
f 761/1086/522 760/1084/522 775/1090/522 776/1093/522
f 769/1087/523 768/1085/523 783/1092/523 784/1094/523
f 762/1088/524 761/1086/524 776/1093/524 777/1095/524
f 770/1072/525 769/1087/525 784/1094/525 785/1096/525
f 763/1074/526 762/1088/526 777/1095/526 778/1097/526
f 771/1073/527 770/1072/527 785/1096/527 786/1098/527
f 764/1075/528 763/1074/528 778/1097/528 779/1099/528
f 772/1076/529 771/1073/529 786/1098/529 787/1100/529
f 765/1077/530 764/1075/530 779/1099/530 780/1101/530
f 758/1079/531 345/1102/531 773/1103/531
f 352/1104/532 772/1076/532 787/1100/532
f 766/1081/533 765/1077/533 780/1101/533 781/1105/533
f 759/1082/534 758/1079/534 773/1103/534 774/1089/534
f 767/1083/535 766/1081/535 781/1105/535 782/1091/535
f 779/1099/536 778/1097/536 793/1106/536 794/1107/536
f 787/1100/537 786/1098/537 801/1108/537 802/1109/537
f 780/1101/538 779/1099/538 794/1107/538 795/1110/538
f 773/1103/539 345/1111/539 788/1112/539
f 352/1113/540 787/1100/540 802/1109/540
f 781/1105/541 780/1101/541 795/1110/541 796/1114/541
f 774/1089/542 773/1103/542 788/1112/542 789/1115/542
f 782/1091/543 781/1105/543 796/1114/543 797/1116/543
f 775/1090/544 774/1089/544 789/1115/544 790/1117/544
f 783/1092/545 782/1091/545 797/1116/545 798/1118/545
f 776/1093/546 775/1090/546 790/1117/546 791/1119/546
f 784/1094/547 783/1092/547 798/1118/547 799/1120/547
f 777/1095/548 776/1093/548 791/1119/548 792/1121/548
f 785/1096/549 784/1094/549 799/1120/549 800/1122/549
f 778/1097/550 777/1095/550 792/1121/550 793/1106/550
f 786/1098/551 785/1096/551 800/1122/551 801/1108/551
f 798/1118/552 797/1116/552 812/1123/552 813/1124/552
f 791/1119/553 790/1117/553 805/1125/553 806/1126/553
f 799/1120/554 798/1118/554 813/1124/554 814/1127/554
f 792/1121/555 791/1119/555 806/1126/555 807/1128/555
f 800/1122/556 799/1120/556 814/1127/556 815/1129/556
f 793/1106/557 792/1121/557 807/1128/557 808/1130/557
f 801/1108/558 800/1122/558 815/1129/558 816/1131/558
f 794/1107/559 793/1106/559 808/1130/559 809/1132/559
f 802/1109/560 801/1108/560 816/1131/560 817/1133/560
f 795/1110/561 794/1107/561 809/1132/561 810/1134/561
f 788/1112/562 345/1135/562 803/1136/562
f 352/1137/563 802/1109/563 817/1133/563
f 796/1114/564 795/1110/564 810/1134/564 811/1138/564
f 789/1115/565 788/1112/565 803/1136/565 804/1139/565
f 797/1116/566 796/1114/566 811/1138/566 812/1123/566
f 790/1117/567 789/1115/567 804/1139/567 805/1125/567
f 817/1133/568 816/1131/568 825/592/568 826/591/568
f 810/1134/569 809/1132/569 348/587/569 349/595/569
f 803/1136/570 345/1140/570 818/597/570
f 352/1141/571 817/1133/571 826/591/571
f 811/1138/572 810/1134/572 349/595/572 350/601/572
f 804/1139/573 803/1136/573 818/597/573 819/603/573
f 812/1123/574 811/1138/574 350/601/574 822/605/574
f 805/1125/575 804/1139/575 819/603/575 346/607/575
f 813/1124/576 812/1123/576 822/605/576 351/609/576
f 806/1126/577 805/1125/577 346/607/577 820/611/577
f 814/1127/578 813/1124/578 351/609/578 823/613/578
f 807/1128/579 806/1126/579 820/611/579 347/615/579
f 815/1129/580 814/1127/580 823/613/580 824/617/580
f 808/1130/581 807/1128/581 347/615/581 821/588/581
f 816/1131/582 815/1129/582 824/617/582 825/592/582
f 809/1132/583 808/1130/583 821/588/583 348/587/583
f 830/587/72 1303/588/72 840/589/72 841/590/72
f 1308/591/73 1307/592/73 848/593/73 849/594/73
f 831/595/74 830/587/74 841/590/74 842/596/74
f 1300/597/75 827/598/75 835/599/75
f 834/600/584 1308/591/584 849/594/584
f 832/601/77 831/595/77 842/596/77 843/602/77
f 1301/603/78 1300/597/78 835/599/78 836/604/78
f 1304/605/79 832/601/79 843/602/79 844/606/79
f 828/607/80 1301/603/80 836/604/80 837/608/80
f 833/609/81 1304/605/81 844/606/81 845/610/81
f 1302/611/82 828/607/82 837/608/82 838/612/82
f 1305/613/585 833/609/585 845/610/585 846/614/585
f 829/615/84 1302/611/84 838/612/84 839/616/84
f 1306/617/85 1305/613/85 846/614/85 847/618/85
f 1303/588/86 829/615/86 839/616/86 840/589/86
f 1307/592/586 1306/617/586 847/618/586 848/593/586
f 840/589/88 839/616/88 854/619/88 855/620/88
f 848/593/89 847/618/89 862/621/89 863/622/89
f 841/590/90 840/589/90 855/620/90 856/623/90
f 849/594/91 848/593/91 863/622/91 864/624/91
f 842/596/92 841/590/92 856/623/92 857/625/92
f 835/599/587 827/626/587 850/627/587
f 834/628/588 849/594/588 864/624/588
f 843/602/95 842/596/95 857/625/95 858/629/95
f 836/604/96 835/599/96 850/627/96 851/630/96
f 844/606/97 843/602/97 858/629/97 859/631/97
f 837/608/98 836/604/98 851/630/98 852/632/98
f 845/610/99 844/606/99 859/631/99 860/633/99
f 838/612/589 837/608/589 852/632/589 853/634/589
f 846/614/101 845/610/101 860/633/101 861/635/101
f 839/616/102 838/612/102 853/634/102 854/619/102
f 847/618/103 846/614/103 861/635/103 862/621/103
f 859/631/104 858/629/104 873/636/104 874/637/104
f 852/632/590 851/630/590 866/638/590 867/639/590
f 860/633/106 859/631/106 874/637/106 875/640/106
f 853/634/107 852/632/107 867/639/107 868/641/107
f 861/635/108 860/633/108 875/640/108 876/642/108
f 854/619/109 853/634/109 868/641/109 869/643/109
f 862/621/110 861/635/110 876/642/110 877/644/110
f 855/620/111 854/619/111 869/643/111 870/645/111
f 863/622/112 862/621/112 877/644/112 878/646/112
f 856/623/113 855/620/113 870/645/113 871/647/113
f 864/624/114 863/622/114 878/646/114 879/648/114
f 857/625/115 856/623/115 871/647/115 872/649/115
f 850/627/591 827/650/591 865/651/591
f 834/652/117 864/624/117 879/648/117
f 858/629/118 857/625/118 872/649/118 873/636/118
f 851/630/119 850/627/119 865/651/119 866/638/119
f 878/646/120 877/644/120 892/653/120 893/654/120
f 871/647/592 870/645/592 885/655/592 886/656/592
f 879/648/593 878/646/593 893/654/593 894/657/593
f 872/649/123 871/647/123 886/656/123 887/573/123
f 865/651/594 827/658/594 880/659/594
f 834/660/125 879/648/125 894/657/125
f 873/636/126 872/649/126 887/573/126 888/661/126
f 866/638/595 865/651/595 880/659/595 881/662/595
f 874/637/596 873/636/596 888/661/596 889/663/596
f 867/639/129 866/638/129 881/662/129 882/664/129
f 875/640/130 874/637/130 889/663/130 890/665/130
f 868/641/131 867/639/131 882/664/131 883/575/131
f 876/642/597 875/640/597 890/665/597 891/571/597
f 869/643/133 868/641/133 883/575/133 884/666/133
f 877/644/134 876/642/134 891/571/134 892/653/134
f 870/645/135 869/643/135 884/666/135 885/655/135
f 882/664/136 881/662/136 896/667/136 897/668/136
f 890/665/137 889/663/137 904/669/137 905/670/137
f 883/575/138 882/664/138 897/668/138 898/671/138
f 891/571/139 890/665/139 905/670/139 906/672/139
f 884/666/140 883/575/140 898/671/140 899/673/140
f 892/653/141 891/571/141 906/672/141 907/674/141
f 885/655/142 884/666/142 899/673/142 900/675/142
f 893/654/143 892/653/143 907/674/143 908/676/143
f 886/656/144 885/655/144 900/675/144 901/677/144
f 894/657/598 893/654/598 908/676/598 909/678/598
f 887/573/146 886/656/146 901/677/146 902/679/146
f 880/659/147 827/680/147 895/681/147
f 834/682/148 894/657/148 909/678/148
f 888/661/149 887/573/149 902/679/149 903/683/149
f 881/662/150 880/659/150 895/681/150 896/667/150
f 889/663/151 888/661/151 903/683/151 904/669/151
f 901/677/152 900/675/152 915/684/152 916/685/152
f 909/678/153 908/676/153 923/686/153 924/687/153
f 902/679/154 901/677/154 916/685/154 917/688/154
f 895/681/155 827/689/155 910/690/155
f 834/691/156 909/678/156 924/687/156
f 903/683/157 902/679/157 917/688/157 918/692/157
f 896/667/158 895/681/158 910/690/158 911/693/158
f 904/669/159 903/683/159 918/692/159 919/694/159
f 897/668/160 896/667/160 911/693/160 912/695/160
f 905/670/161 904/669/161 919/694/161 920/696/161
f 898/671/162 897/668/162 912/695/162 913/697/162
f 906/672/163 905/670/163 920/696/163 921/698/163
f 899/673/164 898/671/164 913/697/164 914/699/164
f 907/674/165 906/672/165 921/698/165 922/700/165
f 900/675/166 899/673/166 914/699/166 915/684/166
f 908/676/167 907/674/167 922/700/167 923/686/167
f 920/696/168 919/694/168 934/701/168 935/702/168
f 913/697/169 912/695/169 927/703/169 928/704/169
f 921/698/170 920/696/170 935/702/170 936/705/170
f 914/699/171 913/697/171 928/704/171 929/706/171
f 922/700/172 921/698/172 936/705/172 937/707/172
f 915/684/173 914/699/173 929/706/173 930/708/173
f 923/686/174 922/700/174 937/707/174 938/709/174
f 916/685/175 915/684/175 930/708/175 931/710/175
f 924/687/176 923/686/176 938/709/176 939/711/176
f 917/688/177 916/685/177 931/710/177 932/712/177
f 910/690/178 827/713/178 925/714/178
f 834/715/179 924/687/179 939/711/179
f 918/692/180 917/688/180 932/712/180 933/716/180
f 911/693/181 910/690/181 925/714/181 926/717/181
f 919/694/182 918/692/182 933/716/182 934/701/182
f 912/695/183 911/693/183 926/717/183 927/703/183
f 939/711/184 938/709/184 953/718/184 954/719/184
f 932/712/185 931/710/185 946/720/185 947/721/185
f 925/714/599 827/722/599 940/723/599
f 834/724/600 939/711/600 954/719/600
f 933/716/188 932/712/188 947/721/188 948/725/188
f 926/717/189 925/714/189 940/723/189 941/726/189
f 934/701/190 933/716/190 948/725/190 949/727/190
f 927/703/601 926/717/601 941/726/601 942/728/601
f 935/702/192 934/701/192 949/727/192 950/729/192
f 928/704/193 927/703/193 942/728/193 943/730/193
f 936/705/194 935/702/194 950/729/194 951/731/194
f 929/706/195 928/704/195 943/730/195 944/732/195
f 937/707/196 936/705/196 951/731/196 952/733/196
f 930/708/197 929/706/197 944/732/197 945/734/197
f 938/709/198 937/707/198 952/733/198 953/718/198
f 931/710/199 930/708/199 945/734/199 946/720/199
f 951/731/200 950/729/200 965/735/200 966/736/200
f 944/732/201 943/730/201 958/737/201 959/738/201
f 952/733/202 951/731/202 966/736/202 967/739/202
f 945/734/203 944/732/203 959/738/203 960/740/203
f 953/718/204 952/733/204 967/739/204 968/741/204
f 946/720/205 945/734/205 960/740/205 961/742/205
f 954/719/206 953/718/206 968/741/206 969/743/206
f 947/721/207 946/720/207 961/742/207 962/744/207
f 940/723/208 827/745/208 955/746/208
f 834/747/209 954/719/209 969/743/209
f 948/725/210 947/721/210 962/744/210 963/748/210
f 941/726/211 940/723/211 955/746/211 956/749/211
f 949/727/212 948/725/212 963/748/212 964/750/212
f 942/728/213 941/726/213 956/749/213 957/751/213
f 950/729/214 949/727/214 964/750/214 965/735/214
f 943/730/215 942/728/215 957/751/215 958/737/215
f 955/746/602 827/752/602 970/753/602
f 834/754/603 969/743/603 984/755/603
f 963/748/218 962/744/218 977/756/218 978/757/218
f 956/749/219 955/746/219 970/753/219 971/758/219
f 964/750/220 963/748/220 978/757/220 979/759/220
f 957/751/604 956/749/604 971/758/604 972/760/604
f 965/735/222 964/750/222 979/759/222 980/761/222
f 958/737/223 957/751/223 972/760/223 973/762/223
f 966/736/224 965/735/224 980/761/224 981/763/224
f 959/738/225 958/737/225 973/762/225 974/764/225
f 967/739/226 966/736/226 981/763/226 982/765/226
f 960/740/227 959/738/227 974/764/227 975/766/227
f 968/741/605 967/739/605 982/765/605 983/767/605
f 961/742/229 960/740/229 975/766/229 976/768/229
f 969/743/230 968/741/230 983/767/230 984/755/230
f 962/744/231 961/742/231 976/768/231 977/756/231
f 974/764/232 973/762/232 988/769/232 989/770/232
f 982/765/233 981/763/233 996/771/233 997/772/233
f 975/766/234 974/764/234 989/770/234 990/773/234
f 983/767/235 982/765/235 997/772/235 998/774/235
f 976/768/236 975/766/236 990/773/236 991/775/236
f 984/755/237 983/767/237 998/774/237 999/776/237
f 977/756/238 976/768/238 991/775/238 992/777/238
f 970/753/239 827/778/239 985/779/239
f 834/780/240 984/755/240 999/776/240
f 978/757/241 977/756/241 992/777/241 993/781/241
f 971/758/242 970/753/242 985/779/242 986/782/242
f 979/759/243 978/757/243 993/781/243 994/783/243
f 972/760/244 971/758/244 986/782/244 987/784/244
f 980/761/245 979/759/245 994/783/245 995/785/245
f 973/762/246 972/760/246 987/784/246 988/769/246
f 981/763/247 980/761/247 995/785/247 996/771/247
f 993/781/248 992/777/248 1007/786/248 1008/787/248
f 986/782/249 985/779/249 1000/788/249 1001/789/249
f 994/783/250 993/781/250 1008/787/250 1009/790/250
f 987/784/251 986/782/251 1001/789/251 1002/791/251
f 995/785/252 994/783/252 1009/790/252 1010/792/252
f 988/769/253 987/784/253 1002/791/253 1003/793/253
f 996/771/254 995/785/254 1010/792/254 1011/572/254
f 989/770/255 988/769/255 1003/793/255 1004/794/255
f 997/772/256 996/771/256 1011/572/256 1012/795/256
f 990/773/257 989/770/257 1004/794/257 1005/796/257
f 998/774/258 997/772/258 1012/795/258 1013/797/258
f 991/775/259 990/773/259 1005/796/259 1006/798/259
f 999/776/260 998/774/260 1013/797/260 1014/799/260
f 992/777/261 991/775/261 1006/798/261 1007/786/261
f 985/779/606 827/800/606 1000/788/606
f 834/801/607 999/776/607 1014/799/607
f 1012/795/264 1011/572/264 1026/802/264 1027/803/264
f 1005/796/265 1004/794/265 1019/804/265 1020/805/265
f 1013/797/266 1012/795/266 1027/803/266 1028/806/266
f 1006/798/608 1005/796/608 1020/805/608 1021/807/608
f 1014/799/609 1013/797/609 1028/806/609 1029/808/609
f 1007/786/269 1006/798/269 1021/807/269 1022/809/269
f 1000/788/610 827/810/610 1015/811/610
f 834/812/611 1014/799/611 1029/808/611
f 1008/787/272 1007/786/272 1022/809/272 1023/813/272
f 1001/789/612 1000/788/612 1015/811/612 1016/814/612
f 1009/790/613 1008/787/613 1023/813/613 1024/815/613
f 1002/791/275 1001/789/275 1016/814/275 1017/816/275
f 1010/792/276 1009/790/276 1024/815/276 1025/817/276
f 1003/793/277 1002/791/277 1017/816/277 1018/818/277
f 1011/572/614 1010/792/614 1025/817/614 1026/802/614
f 1004/794/279 1003/793/279 1018/818/279 1019/804/279
f 1016/814/280 1015/811/280 1030/819/280 1031/820/280
f 1024/815/281 1023/813/281 1038/821/281 1039/822/281
f 1017/816/615 1016/814/615 1031/820/615 1032/823/615
f 1025/817/283 1024/815/283 1039/822/283 1040/824/283
f 1018/818/284 1017/816/284 1032/823/284 1033/825/284
f 1026/802/285 1025/817/285 1040/824/285 1041/826/285
f 1019/804/286 1018/818/286 1033/825/286 1034/827/286
f 1027/803/616 1026/802/616 1041/826/616 1042/828/616
f 1020/805/288 1019/804/288 1034/827/288 1035/829/288
f 1028/806/289 1027/803/289 1042/828/289 1043/830/289
f 1021/807/290 1020/805/290 1035/829/290 1036/831/290
f 1029/808/291 1028/806/291 1043/830/291 1044/832/291
f 1022/809/292 1021/807/292 1036/831/292 1037/833/292
f 1015/811/293 827/834/293 1030/819/293
f 834/835/294 1029/808/294 1044/832/294
f 1023/813/295 1022/809/295 1037/833/295 1038/821/295
f 1035/829/296 1034/827/296 1049/836/296 1050/837/296
f 1043/830/617 1042/828/617 1057/838/617 1058/839/617
f 1036/831/298 1035/829/298 1050/837/298 1051/840/298
f 1044/832/299 1043/830/299 1058/839/299 1059/841/299
f 1037/833/300 1036/831/300 1051/840/300 1052/842/300
f 1030/819/301 827/843/301 1045/844/301
f 834/845/302 1044/832/302 1059/841/302
f 1038/821/303 1037/833/303 1052/842/303 1053/846/303
f 1031/820/304 1030/819/304 1045/844/304 1046/847/304
f 1039/822/305 1038/821/305 1053/846/305 1054/848/305
f 1032/823/306 1031/820/306 1046/847/306 1047/849/306
f 1040/824/307 1039/822/307 1054/848/307 1055/850/307
f 1033/825/308 1032/823/308 1047/849/308 1048/851/308
f 1041/826/309 1040/824/309 1055/850/309 1056/852/309
f 1034/827/310 1033/825/310 1048/851/310 1049/836/310
f 1042/828/311 1041/826/311 1056/852/311 1057/838/311
f 1054/848/312 1053/846/312 1068/853/312 1069/854/312
f 1047/849/618 1046/847/618 1061/855/618 1062/856/618
f 1055/850/314 1054/848/314 1069/854/314 1070/857/314
f 1048/851/315 1047/849/315 1062/856/315 1063/858/315
f 1056/852/316 1055/850/316 1070/857/316 1071/859/316
f 1049/836/317 1048/851/317 1063/858/317 1064/860/317
f 1057/838/318 1056/852/318 1071/859/318 1072/861/318
f 1050/837/319 1049/836/319 1064/860/319 1065/862/319
f 1058/839/320 1057/838/320 1072/861/320 1073/863/320
f 1051/840/321 1050/837/321 1065/862/321 1066/864/321
f 1059/841/322 1058/839/322 1073/863/322 1074/865/322
f 1052/842/323 1051/840/323 1066/864/323 1067/866/323
f 1045/844/619 827/867/619 1060/868/619
f 834/869/620 1059/841/620 1074/865/620
f 1053/846/326 1052/842/326 1067/866/326 1068/853/326
f 1046/847/327 1045/844/327 1060/868/327 1061/855/327
f 1073/863/621 1072/861/621 1087/870/621 1088/871/621
f 1066/864/329 1065/862/329 1080/872/329 1081/873/329
f 1074/865/330 1073/863/330 1088/871/330 1089/874/330
f 1067/866/331 1066/864/331 1081/873/331 1082/875/331
f 1060/868/622 827/876/622 1075/877/622
f 834/878/623 1074/865/623 1089/874/623
f 1068/853/334 1067/866/334 1082/875/334 1083/879/334
f 1061/855/335 1060/868/335 1075/877/335 1076/880/335
f 1069/854/336 1068/853/336 1083/879/336 1084/881/336
f 1062/856/624 1061/855/624 1076/880/624 1077/882/624
f 1070/857/338 1069/854/338 1084/881/338 1085/883/338
f 1063/858/339 1062/856/339 1077/882/339 1078/884/339
f 1071/859/340 1070/857/340 1085/883/340 1086/885/340
f 1064/860/625 1063/858/625 1078/884/625 1079/886/625
f 1072/861/342 1071/859/342 1086/885/342 1087/870/342
f 1065/862/343 1064/860/343 1079/886/343 1080/872/343
f 1085/883/344 1084/881/344 1099/887/344 1100/888/344
f 1078/884/626 1077/882/626 1092/889/626 1093/890/626
f 1086/885/346 1085/883/346 1100/888/346 1101/891/346
f 1079/886/347 1078/884/347 1093/890/347 1094/892/347
f 1087/870/348 1086/885/348 1101/891/348 1102/893/348
f 1080/872/349 1079/886/349 1094/892/349 1095/894/349
f 1088/871/350 1087/870/350 1102/893/350 1103/895/350
f 1081/873/351 1080/872/351 1095/894/351 1096/896/351
f 1089/874/352 1088/871/352 1103/895/352 1104/897/352
f 1082/875/353 1081/873/353 1096/896/353 1097/898/353
f 1075/877/354 827/899/354 1090/900/354
f 834/901/355 1089/874/355 1104/897/355
f 1083/879/356 1082/875/356 1097/898/356 1098/902/356
f 1076/880/357 1075/877/357 1090/900/357 1091/903/357
f 1084/881/358 1083/879/358 1098/902/358 1099/887/358
f 1077/882/627 1076/880/627 1091/903/627 1092/889/627
f 1104/897/360 1103/895/360 1118/904/360 1119/905/360
f 1097/898/628 1096/896/628 1111/906/628 1112/907/628
f 1090/900/362 827/908/362 1105/909/362
f 834/910/363 1104/897/363 1119/905/363
f 1098/902/629 1097/898/629 1112/907/629 1113/911/629
f 1091/903/365 1090/900/365 1105/909/365 1106/912/365
f 1099/887/366 1098/902/366 1113/911/366 1114/913/366
f 1092/889/367 1091/903/367 1106/912/367 1107/914/367
f 1100/888/368 1099/887/368 1114/913/368 1115/915/368
f 1093/890/369 1092/889/369 1107/914/369 1108/916/369
f 1101/891/370 1100/888/370 1115/915/370 1116/917/370
f 1094/892/371 1093/890/371 1108/916/371 1109/918/371
f 1102/893/372 1101/891/372 1116/917/372 1117/919/372
f 1095/894/373 1094/892/373 1109/918/373 1110/920/373
f 1103/895/374 1102/893/374 1117/919/374 1118/904/374
f 1096/896/375 1095/894/375 1110/920/375 1111/906/375
f 1108/916/376 1107/914/376 1122/921/376 1123/922/376
f 1116/917/377 1115/915/377 1130/923/377 1131/924/377
f 1109/918/630 1108/916/630 1123/922/630 1124/925/630
f 1117/919/379 1116/917/379 1131/924/379 1132/926/379
f 1110/920/380 1109/918/380 1124/925/380 1125/927/380
f 1118/904/381 1117/919/381 1132/926/381 1133/928/381
f 1111/906/382 1110/920/382 1125/927/382 1126/929/382
f 1119/905/383 1118/904/383 1133/928/383 1134/930/383
f 1112/907/384 1111/906/384 1126/929/384 1127/931/384
f 1105/909/631 827/932/631 1120/933/631
f 834/934/632 1119/905/632 1134/930/632
f 1113/911/387 1112/907/387 1127/931/387 1128/935/387
f 1106/912/388 1105/909/388 1120/933/388 1121/936/388
f 1114/913/389 1113/911/389 1128/935/389 1129/937/389
f 1107/914/390 1106/912/390 1121/936/390 1122/921/390
f 1115/915/391 1114/913/391 1129/937/391 1130/923/391
f 1127/931/392 1126/929/392 1141/938/392 1142/939/392
f 1120/933/633 827/940/633 1135/941/633
f 834/942/634 1134/930/634 1149/943/634
f 1128/935/395 1127/931/395 1142/939/395 1143/944/395
f 1121/936/396 1120/933/396 1135/941/396 1136/945/396
f 1129/937/397 1128/935/397 1143/944/397 1144/946/397
f 1122/921/398 1121/936/398 1136/945/398 1137/947/398
f 1130/923/399 1129/937/399 1144/946/399 1145/948/399
f 1123/922/400 1122/921/400 1137/947/400 1138/949/400
f 1131/924/401 1130/923/401 1145/948/401 1146/950/401
f 1124/925/402 1123/922/402 1138/949/402 1139/951/402
f 1132/926/403 1131/924/403 1146/950/403 1147/952/403
f 1125/927/404 1124/925/404 1139/951/404 1140/953/404
f 1133/928/405 1132/926/405 1147/952/405 1148/954/405
f 1126/929/406 1125/927/406 1140/953/406 1141/938/406
f 1134/930/635 1133/928/635 1148/954/635 1149/943/635
f 1146/950/408 1145/948/408 1160/955/408 1161/956/408
f 1139/951/409 1138/949/409 1153/957/409 1154/958/409
f 1147/952/410 1146/950/410 1161/956/410 1162/959/410
f 1140/953/411 1139/951/411 1154/958/411 1155/960/411
f 1148/954/412 1147/952/412 1162/959/412 1163/961/412
f 1141/938/413 1140/953/413 1155/960/413 1156/962/413
f 1149/943/414 1148/954/414 1163/961/414 1164/963/414
f 1142/939/415 1141/938/415 1156/962/415 1157/964/415
f 1135/941/416 827/965/416 1150/966/416
f 834/967/417 1149/943/417 1164/963/417
f 1143/944/418 1142/939/418 1157/964/418 1158/968/418
f 1136/945/419 1135/941/419 1150/966/419 1151/969/419
f 1144/946/420 1143/944/420 1158/968/420 1159/970/420
f 1137/947/421 1136/945/421 1151/969/421 1152/971/421
f 1145/948/422 1144/946/422 1159/970/422 1160/955/422
f 1138/949/423 1137/947/423 1152/971/423 1153/957/423
f 1150/966/636 827/972/636 1165/973/636
f 834/974/637 1164/963/637 1179/975/637
f 1158/968/638 1157/964/638 1172/976/638 1173/977/638
f 1151/969/427 1150/966/427 1165/973/427 1166/978/427
f 1159/970/428 1158/968/428 1173/977/428 1174/979/428
f 1152/971/639 1151/969/639 1166/978/639 1167/980/639
f 1160/955/430 1159/970/430 1174/979/430 1175/981/430
f 1153/957/431 1152/971/431 1167/980/431 1168/982/431
f 1161/956/432 1160/955/432 1175/981/432 1176/983/432
f 1154/958/433 1153/957/433 1168/982/433 1169/984/433
f 1162/959/434 1161/956/434 1176/983/434 1177/985/434
f 1155/960/435 1154/958/435 1169/984/435 1170/986/435
f 1163/961/436 1162/959/436 1177/985/436 1178/987/436
f 1156/962/437 1155/960/437 1170/986/437 1171/988/437
f 1164/963/438 1163/961/438 1178/987/438 1179/975/438
f 1157/964/640 1156/962/640 1171/988/640 1172/976/640
f 1169/984/440 1168/982/440 1183/989/440 1184/990/440
f 1177/985/441 1176/983/441 1191/991/441 1192/992/441
f 1170/986/442 1169/984/442 1184/990/442 1185/993/442
f 1178/987/443 1177/985/443 1192/992/443 1193/994/443
f 1171/988/444 1170/986/444 1185/993/444 1186/995/444
f 1179/975/445 1178/987/445 1193/994/445 1194/996/445
f 1172/976/446 1171/988/446 1186/995/446 1187/997/446
f 1165/973/447 827/998/447 1180/999/447
f 834/1000/641 1179/975/641 1194/996/641
f 1173/977/449 1172/976/449 1187/997/449 1188/1001/449
f 1166/978/450 1165/973/450 1180/999/450 1181/1002/450
f 1174/979/451 1173/977/451 1188/1001/451 1189/1003/451
f 1167/980/642 1166/978/642 1181/1002/642 1182/1004/642
f 1175/981/453 1174/979/453 1189/1003/453 1190/1005/453
f 1168/982/454 1167/980/454 1182/1004/454 1183/989/454
f 1176/983/455 1175/981/455 1190/1005/455 1191/991/455
f 1188/1006/456 1187/1007/456 1202/1008/456 1203/1009/456
f 1181/1010/457 1180/1011/457 1195/1012/457 1196/1013/457
f 1189/1014/458 1188/1006/458 1203/1009/458 1204/1015/458
f 1182/1016/459 1181/1010/459 1196/1013/459 1197/1017/459
f 1190/1018/460 1189/1014/460 1204/1015/460 1205/1019/460
f 1183/1020/461 1182/1016/461 1197/1017/461 1198/1021/461
f 1191/1022/462 1190/1018/462 1205/1019/462 1206/1023/462
f 1184/1024/463 1183/1020/463 1198/1021/463 1199/1025/463
f 1192/1026/464 1191/1022/464 1206/1023/464 1207/1027/464
f 1185/1028/465 1184/1024/465 1199/1025/465 1200/1029/465
f 1193/1030/466 1192/1026/466 1207/1027/466 1208/1031/466
f 1186/1032/467 1185/1028/467 1200/1029/467 1201/1033/467
f 1194/1034/468 1193/1030/468 1208/1031/468 1209/1035/468
f 1187/1007/469 1186/1032/469 1201/1033/469 1202/1008/469
f 1180/1011/643 827/1036/643 1195/1012/643
f 834/1037/471 1194/1034/471 1209/1035/471
f 1207/1027/472 1206/1023/472 1221/1038/472 1222/1039/472
f 1200/1029/473 1199/1025/473 1214/1040/473 1215/1041/473
f 1208/1031/474 1207/1027/474 1222/1039/474 1223/1042/474
f 1201/1033/475 1200/1029/475 1215/1041/475 1216/1043/475
f 1209/1035/476 1208/1031/476 1223/1042/476 1224/1044/476
f 1202/1008/644 1201/1033/644 1216/1043/644 1217/1045/644
f 1195/1012/645 827/1046/645 1210/1047/645
f 834/1048/479 1209/1035/479 1224/1044/479
f 1203/1009/646 1202/1008/646 1217/1045/646 1218/1049/646
f 1196/1013/481 1195/1012/481 1210/1047/481 1211/1050/481
f 1204/1015/482 1203/1009/482 1218/1049/482 1219/1051/482
f 1197/1017/647 1196/1013/647 1211/1050/647 1212/1052/647
f 1205/1019/484 1204/1015/484 1219/1051/484 1220/1053/484
f 1198/1021/485 1197/1017/485 1212/1052/485 1213/1054/485
f 1206/1023/486 1205/1019/486 1220/1053/486 1221/1038/486
f 1199/1025/487 1198/1021/487 1213/1054/487 1214/1040/487
f 1219/1051/488 1218/1049/488 1233/1055/488 1234/1056/488
f 1212/1052/489 1211/1050/489 1226/1057/489 1227/1058/489
f 1220/1053/490 1219/1051/490 1234/1056/490 1235/1059/490
f 1213/1054/491 1212/1052/491 1227/1058/491 1228/1060/491
f 1221/1038/492 1220/1053/492 1235/1059/492 1236/1061/492
f 1214/1040/493 1213/1054/493 1228/1060/493 1229/1062/493
f 1222/1039/494 1221/1038/494 1236/1061/494 1237/1063/494
f 1215/1041/495 1214/1040/495 1229/1062/495 1230/1064/495
f 1223/1042/496 1222/1039/496 1237/1063/496 1238/1065/496
f 1216/1043/497 1215/1041/497 1230/1064/497 1231/1066/497
f 1224/1044/498 1223/1042/498 1238/1065/498 1239/1067/498
f 1217/1045/499 1216/1043/499 1231/1066/499 1232/1068/499
f 1210/1047/648 827/1069/648 1225/1070/648
f 834/1071/501 1224/1044/501 1239/1067/501
f 1218/1049/502 1217/1045/502 1232/1068/502 1233/1055/502
f 1211/1050/503 1210/1047/503 1225/1070/503 1226/1057/503
f 1238/1065/504 1237/1063/504 1252/1072/504 1253/1073/504
f 1231/1066/505 1230/1064/505 1245/1074/505 1246/1075/505
f 1239/1067/649 1238/1065/649 1253/1073/649 1254/1076/649
f 1232/1068/507 1231/1066/507 1246/1075/507 1247/1077/507
f 1225/1070/508 827/1078/508 1240/1079/508
f 834/1080/509 1239/1067/509 1254/1076/509
f 1233/1055/510 1232/1068/510 1247/1077/510 1248/1081/510
f 1226/1057/511 1225/1070/511 1240/1079/511 1241/1082/511
f 1234/1056/512 1233/1055/512 1248/1081/512 1249/1083/512
f 1227/1058/513 1226/1057/513 1241/1082/513 1242/1084/513
f 1235/1059/514 1234/1056/514 1249/1083/514 1250/1085/514
f 1228/1060/515 1227/1058/515 1242/1084/515 1243/1086/515
f 1236/1061/650 1235/1059/650 1250/1085/650 1251/1087/650
f 1229/1062/651 1228/1060/651 1243/1086/651 1244/1088/651
f 1237/1063/518 1236/1061/518 1251/1087/518 1252/1072/518
f 1230/1064/519 1229/1062/519 1244/1088/519 1245/1074/519
f 1242/1084/520 1241/1082/520 1256/1089/520 1257/1090/520
f 1250/1085/521 1249/1083/521 1264/1091/521 1265/1092/521
f 1243/1086/522 1242/1084/522 1257/1090/522 1258/1093/522
f 1251/1087/523 1250/1085/523 1265/1092/523 1266/1094/523
f 1244/1088/524 1243/1086/524 1258/1093/524 1259/1095/524
f 1252/1072/525 1251/1087/525 1266/1094/525 1267/1096/525
f 1245/1074/526 1244/1088/526 1259/1095/526 1260/1097/526
f 1253/1073/527 1252/1072/527 1267/1096/527 1268/1098/527
f 1246/1075/652 1245/1074/652 1260/1097/652 1261/1099/652
f 1254/1076/529 1253/1073/529 1268/1098/529 1269/1100/529
f 1247/1077/530 1246/1075/530 1261/1099/530 1262/1101/530
f 1240/1079/531 827/1102/531 1255/1103/531
f 834/1104/532 1254/1076/532 1269/1100/532
f 1248/1081/533 1247/1077/533 1262/1101/533 1263/1105/533
f 1241/1082/653 1240/1079/653 1255/1103/653 1256/1089/653
f 1249/1083/535 1248/1081/535 1263/1105/535 1264/1091/535
f 1261/1099/536 1260/1097/536 1275/1106/536 1276/1107/536
f 1269/1100/537 1268/1098/537 1283/1108/537 1284/1109/537
f 1262/1101/538 1261/1099/538 1276/1107/538 1277/1110/538
f 1255/1103/539 827/1111/539 1270/1112/539
f 834/1113/540 1269/1100/540 1284/1109/540
f 1263/1105/541 1262/1101/541 1277/1110/541 1278/1114/541
f 1256/1089/542 1255/1103/542 1270/1112/542 1271/1115/542
f 1264/1091/543 1263/1105/543 1278/1114/543 1279/1116/543
f 1257/1090/544 1256/1089/544 1271/1115/544 1272/1117/544
f 1265/1092/545 1264/1091/545 1279/1116/545 1280/1118/545
f 1258/1093/546 1257/1090/546 1272/1117/546 1273/1119/546
f 1266/1094/547 1265/1092/547 1280/1118/547 1281/1120/547
f 1259/1095/548 1258/1093/548 1273/1119/548 1274/1121/548
f 1267/1096/549 1266/1094/549 1281/1120/549 1282/1122/549
f 1260/1097/550 1259/1095/550 1274/1121/550 1275/1106/550
f 1268/1098/551 1267/1096/551 1282/1122/551 1283/1108/551
f 1280/1118/552 1279/1116/552 1294/1123/552 1295/1124/552
f 1273/1119/553 1272/1117/553 1287/1125/553 1288/1126/553
f 1281/1120/554 1280/1118/554 1295/1124/554 1296/1127/554
f 1274/1121/555 1273/1119/555 1288/1126/555 1289/1128/555
f 1282/1122/556 1281/1120/556 1296/1127/556 1297/1129/556
f 1275/1106/557 1274/1121/557 1289/1128/557 1290/1130/557
f 1283/1108/654 1282/1122/654 1297/1129/654 1298/1131/654
f 1276/1107/559 1275/1106/559 1290/1130/559 1291/1132/559
f 1284/1109/655 1283/1108/655 1298/1131/655 1299/1133/655
f 1277/1110/561 1276/1107/561 1291/1132/561 1292/1134/561
f 1270/1112/656 827/1135/656 1285/1136/656
f 834/1137/657 1284/1109/657 1299/1133/657
f 1278/1114/564 1277/1110/564 1292/1134/564 1293/1138/564
f 1271/1115/565 1270/1112/565 1285/1136/565 1286/1139/565
f 1279/1116/566 1278/1114/566 1293/1138/566 1294/1123/566
f 1272/1117/658 1271/1115/658 1286/1139/658 1287/1125/658
f 1299/1133/568 1298/1131/568 1307/592/568 1308/591/568
f 1292/1134/569 1291/1132/569 830/587/569 831/595/569
f 1285/1136/570 827/1140/570 1300/597/570
f 834/1141/659 1299/1133/659 1308/591/659
f 1293/1138/572 1292/1134/572 831/595/572 832/601/572
f 1286/1139/660 1285/1136/660 1300/597/660 1301/603/660
f 1294/1123/574 1293/1138/574 832/601/574 1304/605/574
f 1287/1125/575 1286/1139/575 1301/603/575 828/607/575
f 1295/1124/576 1294/1123/576 1304/605/576 833/609/576
f 1288/1126/577 1287/1125/577 828/607/577 1302/611/577
f 1296/1127/578 1295/1124/578 833/609/578 1305/613/578
f 1289/1128/579 1288/1126/579 1302/611/579 829/615/579
f 1297/1129/580 1296/1127/580 1305/613/580 1306/617/580
f 1290/1130/581 1289/1128/581 829/615/581 1303/588/581
f 1298/1131/582 1297/1129/582 1306/617/582 1307/592/582
f 1291/1132/583 1290/1130/583 1303/588/583 830/587/583
f 1312/587/72 1785/588/72 1322/589/72 1323/590/72
f 1790/591/73 1789/592/73 1330/593/73 1331/594/73
f 1313/595/74 1312/587/74 1323/590/74 1324/596/74
f 1782/597/661 1309/598/661 1317/599/661
f 1316/600/76 1790/591/76 1331/594/76
f 1314/601/77 1313/595/77 1324/596/77 1325/602/77
f 1783/603/662 1782/597/662 1317/599/662 1318/604/662
f 1786/605/79 1314/601/79 1325/602/79 1326/606/79
f 1310/607/663 1783/603/663 1318/604/663 1319/608/663
f 1315/609/81 1786/605/81 1326/606/81 1327/610/81
f 1784/611/82 1310/607/82 1319/608/82 1320/612/82
f 1787/613/83 1315/609/83 1327/610/83 1328/614/83
f 1311/615/84 1784/611/84 1320/612/84 1321/616/84
f 1788/617/85 1787/613/85 1328/614/85 1329/618/85
f 1785/588/86 1311/615/86 1321/616/86 1322/589/86
f 1789/592/586 1788/617/586 1329/618/586 1330/593/586
f 1322/589/88 1321/616/88 1336/619/88 1337/620/88
f 1330/593/89 1329/618/89 1344/621/89 1345/622/89
f 1323/590/90 1322/589/90 1337/620/90 1338/623/90
f 1331/594/91 1330/593/91 1345/622/91 1346/624/91
f 1324/596/92 1323/590/92 1338/623/92 1339/625/92
f 1317/599/587 1309/626/587 1332/627/587
f 1316/628/94 1331/594/94 1346/624/94
f 1325/602/95 1324/596/95 1339/625/95 1340/629/95
f 1318/604/96 1317/599/96 1332/627/96 1333/630/96
f 1326/606/97 1325/602/97 1340/629/97 1341/631/97
f 1319/608/98 1318/604/98 1333/630/98 1334/632/98
f 1327/610/99 1326/606/99 1341/631/99 1342/633/99
f 1320/612/589 1319/608/589 1334/632/589 1335/634/589
f 1328/614/101 1327/610/101 1342/633/101 1343/635/101
f 1321/616/102 1320/612/102 1335/634/102 1336/619/102
f 1329/618/664 1328/614/664 1343/635/664 1344/621/664
f 1341/631/104 1340/629/104 1355/636/104 1356/637/104
f 1334/632/590 1333/630/590 1348/638/590 1349/639/590
f 1342/633/106 1341/631/106 1356/637/106 1357/640/106
f 1335/634/107 1334/632/107 1349/639/107 1350/641/107
f 1343/635/108 1342/633/108 1357/640/108 1358/642/108
f 1336/619/109 1335/634/109 1350/641/109 1351/643/109
f 1344/621/110 1343/635/110 1358/642/110 1359/644/110
f 1337/620/111 1336/619/111 1351/643/111 1352/645/111
f 1345/622/112 1344/621/112 1359/644/112 1360/646/112
f 1338/623/113 1337/620/113 1352/645/113 1353/647/113
f 1346/624/114 1345/622/114 1360/646/114 1361/648/114
f 1339/625/665 1338/623/665 1353/647/665 1354/649/665
f 1332/627/116 1309/650/116 1347/651/116
f 1316/652/117 1346/624/117 1361/648/117
f 1340/629/118 1339/625/118 1354/649/118 1355/636/118
f 1333/630/119 1332/627/119 1347/651/119 1348/638/119
f 1360/646/120 1359/644/120 1374/653/120 1375/654/120
f 1353/647/121 1352/645/121 1367/655/121 1368/656/121
f 1361/648/122 1360/646/122 1375/654/122 1376/657/122
f 1354/649/123 1353/647/123 1368/656/123 1369/573/123
f 1347/651/124 1309/658/124 1362/659/124
f 1316/660/125 1361/648/125 1376/657/125
f 1355/636/126 1354/649/126 1369/573/126 1370/661/126
f 1348/638/595 1347/651/595 1362/659/595 1363/662/595
f 1356/637/128 1355/636/128 1370/661/128 1371/663/128
f 1349/639/129 1348/638/129 1363/662/129 1364/664/129
f 1357/640/130 1356/637/130 1371/663/130 1372/665/130
f 1350/641/131 1349/639/131 1364/664/131 1365/575/131
f 1358/642/132 1357/640/132 1372/665/132 1373/571/132
f 1351/643/666 1350/641/666 1365/575/666 1366/666/666
f 1359/644/134 1358/642/134 1373/571/134 1374/653/134
f 1352/645/135 1351/643/135 1366/666/135 1367/655/135
f 1364/664/136 1363/662/136 1378/667/136 1379/668/136
f 1372/665/137 1371/663/137 1386/669/137 1387/670/137
f 1365/575/138 1364/664/138 1379/668/138 1380/671/138
f 1373/571/667 1372/665/667 1387/670/667 1388/672/667
f 1366/666/668 1365/575/668 1380/671/668 1381/673/668
f 1374/653/141 1373/571/141 1388/672/141 1389/674/141
f 1367/655/142 1366/666/142 1381/673/142 1382/675/142
f 1375/654/143 1374/653/143 1389/674/143 1390/676/143
f 1368/656/144 1367/655/144 1382/675/144 1383/677/144
f 1376/657/598 1375/654/598 1390/676/598 1391/678/598
f 1369/573/146 1368/656/146 1383/677/146 1384/679/146
f 1362/659/147 1309/680/147 1377/681/147
f 1316/682/148 1376/657/148 1391/678/148
f 1370/661/149 1369/573/149 1384/679/149 1385/683/149
f 1363/662/150 1362/659/150 1377/681/150 1378/667/150
f 1371/663/151 1370/661/151 1385/683/151 1386/669/151
f 1383/677/152 1382/675/152 1397/684/152 1398/685/152
f 1391/678/153 1390/676/153 1405/686/153 1406/687/153
f 1384/679/154 1383/677/154 1398/685/154 1399/688/154
f 1377/681/155 1309/689/155 1392/690/155
f 1316/691/156 1391/678/156 1406/687/156
f 1385/683/157 1384/679/157 1399/688/157 1400/692/157
f 1378/667/158 1377/681/158 1392/690/158 1393/693/158
f 1386/669/159 1385/683/159 1400/692/159 1401/694/159
f 1379/668/160 1378/667/160 1393/693/160 1394/695/160
f 1387/670/161 1386/669/161 1401/694/161 1402/696/161
f 1380/671/669 1379/668/669 1394/695/669 1395/697/669
f 1388/672/163 1387/670/163 1402/696/163 1403/698/163
f 1381/673/164 1380/671/164 1395/697/164 1396/699/164
f 1389/674/670 1388/672/670 1403/698/670 1404/700/670
f 1382/675/166 1381/673/166 1396/699/166 1397/684/166
f 1390/676/167 1389/674/167 1404/700/167 1405/686/167
f 1402/696/168 1401/694/168 1416/701/168 1417/702/168
f 1395/697/169 1394/695/169 1409/703/169 1410/704/169
f 1403/698/170 1402/696/170 1417/702/170 1418/705/170
f 1396/699/171 1395/697/171 1410/704/171 1411/706/171
f 1404/700/172 1403/698/172 1418/705/172 1419/707/172
f 1397/684/173 1396/699/173 1411/706/173 1412/708/173
f 1405/686/174 1404/700/174 1419/707/174 1420/709/174
f 1398/685/175 1397/684/175 1412/708/175 1413/710/175
f 1406/687/176 1405/686/176 1420/709/176 1421/711/176
f 1399/688/177 1398/685/177 1413/710/177 1414/712/177
f 1392/690/178 1309/713/178 1407/714/178
f 1316/715/179 1406/687/179 1421/711/179
f 1400/692/180 1399/688/180 1414/712/180 1415/716/180
f 1393/693/181 1392/690/181 1407/714/181 1408/717/181
f 1401/694/182 1400/692/182 1415/716/182 1416/701/182
f 1394/695/183 1393/693/183 1408/717/183 1409/703/183
f 1421/711/184 1420/709/184 1435/718/184 1436/719/184
f 1414/712/185 1413/710/185 1428/720/185 1429/721/185
f 1407/714/599 1309/722/599 1422/723/599
f 1316/724/600 1421/711/600 1436/719/600
f 1415/716/188 1414/712/188 1429/721/188 1430/725/188
f 1408/717/189 1407/714/189 1422/723/189 1423/726/189
f 1416/701/190 1415/716/190 1430/725/190 1431/727/190
f 1409/703/191 1408/717/191 1423/726/191 1424/728/191
f 1417/702/192 1416/701/192 1431/727/192 1432/729/192
f 1410/704/193 1409/703/193 1424/728/193 1425/730/193
f 1418/705/194 1417/702/194 1432/729/194 1433/731/194
f 1411/706/195 1410/704/195 1425/730/195 1426/732/195
f 1419/707/196 1418/705/196 1433/731/196 1434/733/196
f 1412/708/197 1411/706/197 1426/732/197 1427/734/197
f 1420/709/671 1419/707/671 1434/733/671 1435/718/671
f 1413/710/199 1412/708/199 1427/734/199 1428/720/199
f 1433/731/200 1432/729/200 1447/735/200 1448/736/200
f 1426/732/201 1425/730/201 1440/737/201 1441/738/201
f 1434/733/202 1433/731/202 1448/736/202 1449/739/202
f 1427/734/203 1426/732/203 1441/738/203 1442/740/203
f 1435/718/204 1434/733/204 1449/739/204 1450/741/204
f 1428/720/205 1427/734/205 1442/740/205 1443/742/205
f 1436/719/206 1435/718/206 1450/741/206 1451/743/206
f 1429/721/207 1428/720/207 1443/742/207 1444/744/207
f 1422/723/208 1309/745/208 1437/746/208
f 1316/747/209 1436/719/209 1451/743/209
f 1430/725/210 1429/721/210 1444/744/210 1445/748/210
f 1423/726/211 1422/723/211 1437/746/211 1438/749/211
f 1431/727/212 1430/725/212 1445/748/212 1446/750/212
f 1424/728/213 1423/726/213 1438/749/213 1439/751/213
f 1432/729/214 1431/727/214 1446/750/214 1447/735/214
f 1425/730/215 1424/728/215 1439/751/215 1440/737/215
f 1437/746/216 1309/752/216 1452/753/216
f 1316/754/603 1451/743/603 1466/755/603
f 1445/748/218 1444/744/218 1459/756/218 1460/757/218
f 1438/749/219 1437/746/219 1452/753/219 1453/758/219
f 1446/750/220 1445/748/220 1460/757/220 1461/759/220
f 1439/751/221 1438/749/221 1453/758/221 1454/760/221
f 1447/735/222 1446/750/222 1461/759/222 1462/761/222
f 1440/737/223 1439/751/223 1454/760/223 1455/762/223
f 1448/736/224 1447/735/224 1462/761/224 1463/763/224
f 1441/738/225 1440/737/225 1455/762/225 1456/764/225
f 1449/739/226 1448/736/226 1463/763/226 1464/765/226
f 1442/740/227 1441/738/227 1456/764/227 1457/766/227
f 1450/741/228 1449/739/228 1464/765/228 1465/767/228
f 1443/742/229 1442/740/229 1457/766/229 1458/768/229
f 1451/743/230 1450/741/230 1465/767/230 1466/755/230
f 1444/744/231 1443/742/231 1458/768/231 1459/756/231
f 1456/764/232 1455/762/232 1470/769/232 1471/770/232
f 1464/765/233 1463/763/233 1478/771/233 1479/772/233
f 1457/766/234 1456/764/234 1471/770/234 1472/773/234
f 1465/767/235 1464/765/235 1479/772/235 1480/774/235
f 1458/768/236 1457/766/236 1472/773/236 1473/775/236
f 1466/755/237 1465/767/237 1480/774/237 1481/776/237
f 1459/756/238 1458/768/238 1473/775/238 1474/777/238
f 1452/753/239 1309/778/239 1467/779/239
f 1316/780/240 1466/755/240 1481/776/240
f 1460/757/241 1459/756/241 1474/777/241 1475/781/241
f 1453/758/242 1452/753/242 1467/779/242 1468/782/242
f 1461/759/243 1460/757/243 1475/781/243 1476/783/243
f 1454/760/672 1453/758/672 1468/782/672 1469/784/672
f 1462/761/245 1461/759/245 1476/783/245 1477/785/245
f 1455/762/246 1454/760/246 1469/784/246 1470/769/246
f 1463/763/247 1462/761/247 1477/785/247 1478/771/247
f 1475/781/248 1474/777/248 1489/786/248 1490/787/248
f 1468/782/673 1467/779/673 1482/788/673 1483/789/673
f 1476/783/250 1475/781/250 1490/787/250 1491/790/250
f 1469/784/251 1468/782/251 1483/789/251 1484/791/251
f 1477/785/252 1476/783/252 1491/790/252 1492/792/252
f 1470/769/674 1469/784/674 1484/791/674 1485/793/674
f 1478/771/675 1477/785/675 1492/792/675 1493/572/675
f 1471/770/676 1470/769/676 1485/793/676 1486/794/676
f 1479/772/256 1478/771/256 1493/572/256 1494/795/256
f 1472/773/257 1471/770/257 1486/794/257 1487/796/257
f 1480/774/258 1479/772/258 1494/795/258 1495/797/258
f 1473/775/259 1472/773/259 1487/796/259 1488/798/259
f 1481/776/677 1480/774/677 1495/797/677 1496/799/677
f 1474/777/261 1473/775/261 1488/798/261 1489/786/261
f 1467/779/606 1309/800/606 1482/788/606
f 1316/801/263 1481/776/263 1496/799/263
f 1494/795/264 1493/572/264 1508/802/264 1509/803/264
f 1487/796/265 1486/794/265 1501/804/265 1502/805/265
f 1495/797/266 1494/795/266 1509/803/266 1510/806/266
f 1488/798/267 1487/796/267 1502/805/267 1503/807/267
f 1496/799/609 1495/797/609 1510/806/609 1511/808/609
f 1489/786/269 1488/798/269 1503/807/269 1504/809/269
f 1482/788/610 1309/810/610 1497/811/610
f 1316/812/271 1496/799/271 1511/808/271
f 1490/787/272 1489/786/272 1504/809/272 1505/813/272
f 1483/789/612 1482/788/612 1497/811/612 1498/814/612
f 1491/790/274 1490/787/274 1505/813/274 1506/815/274
f 1484/791/275 1483/789/275 1498/814/275 1499/816/275
f 1492/792/276 1491/790/276 1506/815/276 1507/817/276
f 1485/793/277 1484/791/277 1499/816/277 1500/818/277
f 1493/572/278 1492/792/278 1507/817/278 1508/802/278
f 1486/794/279 1485/793/279 1500/818/279 1501/804/279
f 1498/814/280 1497/811/280 1512/819/280 1513/820/280
f 1506/815/281 1505/813/281 1520/821/281 1521/822/281
f 1499/816/615 1498/814/615 1513/820/615 1514/823/615
f 1507/817/283 1506/815/283 1521/822/283 1522/824/283
f 1500/818/284 1499/816/284 1514/823/284 1515/825/284
f 1508/802/285 1507/817/285 1522/824/285 1523/826/285
f 1501/804/286 1500/818/286 1515/825/286 1516/827/286
f 1509/803/678 1508/802/678 1523/826/678 1524/828/678
f 1502/805/288 1501/804/288 1516/827/288 1517/829/288
f 1510/806/289 1509/803/289 1524/828/289 1525/830/289
f 1503/807/290 1502/805/290 1517/829/290 1518/831/290
f 1511/808/291 1510/806/291 1525/830/291 1526/832/291
f 1504/809/679 1503/807/679 1518/831/679 1519/833/679
f 1497/811/293 1309/834/293 1512/819/293
f 1316/835/680 1511/808/680 1526/832/680
f 1505/813/295 1504/809/295 1519/833/295 1520/821/295
f 1517/829/296 1516/827/296 1531/836/296 1532/837/296
f 1525/830/297 1524/828/297 1539/838/297 1540/839/297
f 1518/831/298 1517/829/298 1532/837/298 1533/840/298
f 1526/832/299 1525/830/299 1540/839/299 1541/841/299
f 1519/833/300 1518/831/300 1533/840/300 1534/842/300
f 1512/819/681 1309/843/681 1527/844/681
f 1316/845/682 1526/832/682 1541/841/682
f 1520/821/303 1519/833/303 1534/842/303 1535/846/303
f 1513/820/304 1512/819/304 1527/844/304 1528/847/304
f 1521/822/305 1520/821/305 1535/846/305 1536/848/305
f 1514/823/306 1513/820/306 1528/847/306 1529/849/306
f 1522/824/307 1521/822/307 1536/848/307 1537/850/307
f 1515/825/683 1514/823/683 1529/849/683 1530/851/683
f 1523/826/309 1522/824/309 1537/850/309 1538/852/309
f 1516/827/310 1515/825/310 1530/851/310 1531/836/310
f 1524/828/311 1523/826/311 1538/852/311 1539/838/311
f 1536/848/312 1535/846/312 1550/853/312 1551/854/312
f 1529/849/313 1528/847/313 1543/855/313 1544/856/313
f 1537/850/314 1536/848/314 1551/854/314 1552/857/314
f 1530/851/315 1529/849/315 1544/856/315 1545/858/315
f 1538/852/316 1537/850/316 1552/857/316 1553/859/316
f 1531/836/684 1530/851/684 1545/858/684 1546/860/684
f 1539/838/318 1538/852/318 1553/859/318 1554/861/318
f 1532/837/319 1531/836/319 1546/860/319 1547/862/319
f 1540/839/320 1539/838/320 1554/861/320 1555/863/320
f 1533/840/321 1532/837/321 1547/862/321 1548/864/321
f 1541/841/322 1540/839/322 1555/863/322 1556/865/322
f 1534/842/323 1533/840/323 1548/864/323 1549/866/323
f 1527/844/324 1309/867/324 1542/868/324
f 1316/869/325 1541/841/325 1556/865/325
f 1535/846/326 1534/842/326 1549/866/326 1550/853/326
f 1528/847/685 1527/844/685 1542/868/685 1543/855/685
f 1555/863/328 1554/861/328 1569/870/328 1570/871/328
f 1548/864/329 1547/862/329 1562/872/329 1563/873/329
f 1556/865/330 1555/863/330 1570/871/330 1571/874/330
f 1549/866/331 1548/864/331 1563/873/331 1564/875/331
f 1542/868/332 1309/876/332 1557/877/332
f 1316/878/333 1556/865/333 1571/874/333
f 1550/853/334 1549/866/334 1564/875/334 1565/879/334
f 1543/855/686 1542/868/686 1557/877/686 1558/880/686
f 1551/854/336 1550/853/336 1565/879/336 1566/881/336
f 1544/856/337 1543/855/337 1558/880/337 1559/882/337
f 1552/857/338 1551/854/338 1566/881/338 1567/883/338
f 1545/858/339 1544/856/339 1559/882/339 1560/884/339
f 1553/859/340 1552/857/340 1567/883/340 1568/885/340
f 1546/860/341 1545/858/341 1560/884/341 1561/886/341
f 1554/861/342 1553/859/342 1568/885/342 1569/870/342
f 1547/862/343 1546/860/343 1561/886/343 1562/872/343
f 1567/883/344 1566/881/344 1581/887/344 1582/888/344
f 1560/884/345 1559/882/345 1574/889/345 1575/890/345
f 1568/885/346 1567/883/346 1582/888/346 1583/891/346
f 1561/886/347 1560/884/347 1575/890/347 1576/892/347
f 1569/870/348 1568/885/348 1583/891/348 1584/893/348
f 1562/872/349 1561/886/349 1576/892/349 1577/894/349
f 1570/871/350 1569/870/350 1584/893/350 1585/895/350
f 1563/873/351 1562/872/351 1577/894/351 1578/896/351
f 1571/874/352 1570/871/352 1585/895/352 1586/897/352
f 1564/875/353 1563/873/353 1578/896/353 1579/898/353
f 1557/877/687 1309/899/687 1572/900/687
f 1316/901/688 1571/874/688 1586/897/688
f 1565/879/356 1564/875/356 1579/898/356 1580/902/356
f 1558/880/357 1557/877/357 1572/900/357 1573/903/357
f 1566/881/358 1565/879/358 1580/902/358 1581/887/358
f 1559/882/627 1558/880/627 1573/903/627 1574/889/627
f 1586/897/360 1585/895/360 1600/904/360 1601/905/360
f 1579/898/361 1578/896/361 1593/906/361 1594/907/361
f 1572/900/362 1309/908/362 1587/909/362
f 1316/910/689 1586/897/689 1601/905/689
f 1580/902/629 1579/898/629 1594/907/629 1595/911/629
f 1573/903/365 1572/900/365 1587/909/365 1588/912/365
f 1581/887/366 1580/902/366 1595/911/366 1596/913/366
f 1574/889/367 1573/903/367 1588/912/367 1589/914/367
f 1582/888/368 1581/887/368 1596/913/368 1597/915/368
f 1575/890/690 1574/889/690 1589/914/690 1590/916/690
f 1583/891/370 1582/888/370 1597/915/370 1598/917/370
f 1576/892/371 1575/890/371 1590/916/371 1591/918/371
f 1584/893/372 1583/891/372 1598/917/372 1599/919/372
f 1577/894/373 1576/892/373 1591/918/373 1592/920/373
f 1585/895/374 1584/893/374 1599/919/374 1600/904/374
f 1578/896/375 1577/894/375 1592/920/375 1593/906/375
f 1590/916/376 1589/914/376 1604/921/376 1605/922/376
f 1598/917/377 1597/915/377 1612/923/377 1613/924/377
f 1591/918/630 1590/916/630 1605/922/630 1606/925/630
f 1599/919/379 1598/917/379 1613/924/379 1614/926/379
f 1592/920/380 1591/918/380 1606/925/380 1607/927/380
f 1600/904/381 1599/919/381 1614/926/381 1615/928/381
f 1593/906/691 1592/920/691 1607/927/691 1608/929/691
f 1601/905/383 1600/904/383 1615/928/383 1616/930/383
f 1594/907/384 1593/906/384 1608/929/384 1609/931/384
f 1587/909/631 1309/932/631 1602/933/631
f 1316/934/386 1601/905/386 1616/930/386
f 1595/911/387 1594/907/387 1609/931/387 1610/935/387
f 1588/912/388 1587/909/388 1602/933/388 1603/936/388
f 1596/913/389 1595/911/389 1610/935/389 1611/937/389
f 1589/914/390 1588/912/390 1603/936/390 1604/921/390
f 1597/915/391 1596/913/391 1611/937/391 1612/923/391
f 1609/931/392 1608/929/392 1623/938/392 1624/939/392
f 1602/933/633 1309/940/633 1617/941/633
f 1316/942/394 1616/930/394 1631/943/394
f 1610/935/395 1609/931/395 1624/939/395 1625/944/395
f 1603/936/692 1602/933/692 1617/941/692 1618/945/692
f 1611/937/397 1610/935/397 1625/944/397 1626/946/397
f 1604/921/398 1603/936/398 1618/945/398 1619/947/398
f 1612/923/399 1611/937/399 1626/946/399 1627/948/399
f 1605/922/400 1604/921/400 1619/947/400 1620/949/400
f 1613/924/693 1612/923/693 1627/948/693 1628/950/693
f 1606/925/694 1605/922/694 1620/949/694 1621/951/694
f 1614/926/403 1613/924/403 1628/950/403 1629/952/403
f 1607/927/404 1606/925/404 1621/951/404 1622/953/404
f 1615/928/405 1614/926/405 1629/952/405 1630/954/405
f 1608/929/406 1607/927/406 1622/953/406 1623/938/406
f 1616/930/407 1615/928/407 1630/954/407 1631/943/407
f 1628/950/408 1627/948/408 1642/955/408 1643/956/408
f 1621/951/409 1620/949/409 1635/957/409 1636/958/409
f 1629/952/410 1628/950/410 1643/956/410 1644/959/410
f 1622/953/411 1621/951/411 1636/958/411 1637/960/411
f 1630/954/412 1629/952/412 1644/959/412 1645/961/412
f 1623/938/413 1622/953/413 1637/960/413 1638/962/413
f 1631/943/414 1630/954/414 1645/961/414 1646/963/414
f 1624/939/415 1623/938/415 1638/962/415 1639/964/415
f 1617/941/416 1309/965/416 1632/966/416
f 1316/967/417 1631/943/417 1646/963/417
f 1625/944/418 1624/939/418 1639/964/418 1640/968/418
f 1618/945/419 1617/941/419 1632/966/419 1633/969/419
f 1626/946/420 1625/944/420 1640/968/420 1641/970/420
f 1619/947/421 1618/945/421 1633/969/421 1634/971/421
f 1627/948/422 1626/946/422 1641/970/422 1642/955/422
f 1620/949/423 1619/947/423 1634/971/423 1635/957/423
f 1632/966/424 1309/972/424 1647/973/424
f 1316/974/637 1646/963/637 1661/975/637
f 1640/968/426 1639/964/426 1654/976/426 1655/977/426
f 1633/969/427 1632/966/427 1647/973/427 1648/978/427
f 1641/970/428 1640/968/428 1655/977/428 1656/979/428
f 1634/971/639 1633/969/639 1648/978/639 1649/980/639
f 1642/955/430 1641/970/430 1656/979/430 1657/981/430
f 1635/957/431 1634/971/431 1649/980/431 1650/982/431
f 1643/956/432 1642/955/432 1657/981/432 1658/983/432
f 1636/958/433 1635/957/433 1650/982/433 1651/984/433
f 1644/959/434 1643/956/434 1658/983/434 1659/985/434
f 1637/960/435 1636/958/435 1651/984/435 1652/986/435
f 1645/961/695 1644/959/695 1659/985/695 1660/987/695
f 1638/962/437 1637/960/437 1652/986/437 1653/988/437
f 1646/963/438 1645/961/438 1660/987/438 1661/975/438
f 1639/964/640 1638/962/640 1653/988/640 1654/976/640
f 1651/984/440 1650/982/440 1665/989/440 1666/990/440
f 1659/985/441 1658/983/441 1673/991/441 1674/992/441
f 1652/986/442 1651/984/442 1666/990/442 1667/993/442
f 1660/987/696 1659/985/696 1674/992/696 1675/994/696
f 1653/988/444 1652/986/444 1667/993/444 1668/995/444
f 1661/975/445 1660/987/445 1675/994/445 1676/996/445
f 1654/976/446 1653/988/446 1668/995/446 1669/997/446
f 1647/973/447 1309/998/447 1662/999/447
f 1316/1000/641 1661/975/641 1676/996/641
f 1655/977/449 1654/976/449 1669/997/449 1670/1001/449
f 1648/978/450 1647/973/450 1662/999/450 1663/1002/450
f 1656/979/451 1655/977/451 1670/1001/451 1671/1003/451
f 1649/980/452 1648/978/452 1663/1002/452 1664/1004/452
f 1657/981/453 1656/979/453 1671/1003/453 1672/1005/453
f 1650/982/454 1649/980/454 1664/1004/454 1665/989/454
f 1658/983/455 1657/981/455 1672/1005/455 1673/991/455
f 1670/1006/456 1669/1007/456 1684/1008/456 1685/1009/456
f 1663/1010/457 1662/1011/457 1677/1012/457 1678/1013/457
f 1671/1014/458 1670/1006/458 1685/1009/458 1686/1015/458
f 1664/1016/459 1663/1010/459 1678/1013/459 1679/1017/459
f 1672/1018/460 1671/1014/460 1686/1015/460 1687/1019/460
f 1665/1020/461 1664/1016/461 1679/1017/461 1680/1021/461
f 1673/1022/462 1672/1018/462 1687/1019/462 1688/1023/462
f 1666/1024/463 1665/1020/463 1680/1021/463 1681/1025/463
f 1674/1026/464 1673/1022/464 1688/1023/464 1689/1027/464
f 1667/1028/465 1666/1024/465 1681/1025/465 1682/1029/465
f 1675/1030/466 1674/1026/466 1689/1027/466 1690/1031/466
f 1668/1032/467 1667/1028/467 1682/1029/467 1683/1033/467
f 1676/1034/468 1675/1030/468 1690/1031/468 1691/1035/468
f 1669/1007/469 1668/1032/469 1683/1033/469 1684/1008/469
f 1662/1011/643 1309/1036/643 1677/1012/643
f 1316/1037/471 1676/1034/471 1691/1035/471
f 1689/1027/472 1688/1023/472 1703/1038/472 1704/1039/472
f 1682/1029/473 1681/1025/473 1696/1040/473 1697/1041/473
f 1690/1031/474 1689/1027/474 1704/1039/474 1705/1042/474
f 1683/1033/475 1682/1029/475 1697/1041/475 1698/1043/475
f 1691/1035/476 1690/1031/476 1705/1042/476 1706/1044/476
f 1684/1008/644 1683/1033/644 1698/1043/644 1699/1045/644
f 1677/1012/645 1309/1046/645 1692/1047/645
f 1316/1048/479 1691/1035/479 1706/1044/479
f 1685/1009/480 1684/1008/480 1699/1045/480 1700/1049/480
f 1678/1013/481 1677/1012/481 1692/1047/481 1693/1050/481
f 1686/1015/482 1685/1009/482 1700/1049/482 1701/1051/482
f 1679/1017/647 1678/1013/647 1693/1050/647 1694/1052/647
f 1687/1019/484 1686/1015/484 1701/1051/484 1702/1053/484
f 1680/1021/485 1679/1017/485 1694/1052/485 1695/1054/485
f 1688/1023/486 1687/1019/486 1702/1053/486 1703/1038/486
f 1681/1025/487 1680/1021/487 1695/1054/487 1696/1040/487
f 1701/1051/488 1700/1049/488 1715/1055/488 1716/1056/488
f 1694/1052/489 1693/1050/489 1708/1057/489 1709/1058/489
f 1702/1053/490 1701/1051/490 1716/1056/490 1717/1059/490
f 1695/1054/491 1694/1052/491 1709/1058/491 1710/1060/491
f 1703/1038/492 1702/1053/492 1717/1059/492 1718/1061/492
f 1696/1040/493 1695/1054/493 1710/1060/493 1711/1062/493
f 1704/1039/697 1703/1038/697 1718/1061/697 1719/1063/697
f 1697/1041/495 1696/1040/495 1711/1062/495 1712/1064/495
f 1705/1042/496 1704/1039/496 1719/1063/496 1720/1065/496
f 1698/1043/497 1697/1041/497 1712/1064/497 1713/1066/497
f 1706/1044/498 1705/1042/498 1720/1065/498 1721/1067/498
f 1699/1045/499 1698/1043/499 1713/1066/499 1714/1068/499
f 1692/1047/648 1309/1069/648 1707/1070/648
f 1316/1071/501 1706/1044/501 1721/1067/501
f 1700/1049/502 1699/1045/502 1714/1068/502 1715/1055/502
f 1693/1050/503 1692/1047/503 1707/1070/503 1708/1057/503
f 1720/1065/504 1719/1063/504 1734/1072/504 1735/1073/504
f 1713/1066/505 1712/1064/505 1727/1074/505 1728/1075/505
f 1721/1067/506 1720/1065/506 1735/1073/506 1736/1076/506
f 1714/1068/507 1713/1066/507 1728/1075/507 1729/1077/507
f 1707/1070/508 1309/1078/508 1722/1079/508
f 1316/1080/509 1721/1067/509 1736/1076/509
f 1715/1055/510 1714/1068/510 1729/1077/510 1730/1081/510
f 1708/1057/698 1707/1070/698 1722/1079/698 1723/1082/698
f 1716/1056/512 1715/1055/512 1730/1081/512 1731/1083/512
f 1709/1058/513 1708/1057/513 1723/1082/513 1724/1084/513
f 1717/1059/514 1716/1056/514 1731/1083/514 1732/1085/514
f 1710/1060/515 1709/1058/515 1724/1084/515 1725/1086/515
f 1718/1061/516 1717/1059/516 1732/1085/516 1733/1087/516
f 1711/1062/651 1710/1060/651 1725/1086/651 1726/1088/651
f 1719/1063/518 1718/1061/518 1733/1087/518 1734/1072/518
f 1712/1064/519 1711/1062/519 1726/1088/519 1727/1074/519
f 1724/1084/520 1723/1082/520 1738/1089/520 1739/1090/520
f 1732/1085/521 1731/1083/521 1746/1091/521 1747/1092/521
f 1725/1086/522 1724/1084/522 1739/1090/522 1740/1093/522
f 1733/1087/523 1732/1085/523 1747/1092/523 1748/1094/523
f 1726/1088/524 1725/1086/524 1740/1093/524 1741/1095/524
f 1734/1072/525 1733/1087/525 1748/1094/525 1749/1096/525
f 1727/1074/526 1726/1088/526 1741/1095/526 1742/1097/526
f 1735/1073/527 1734/1072/527 1749/1096/527 1750/1098/527
f 1728/1075/528 1727/1074/528 1742/1097/528 1743/1099/528
f 1736/1076/699 1735/1073/699 1750/1098/699 1751/1100/699
f 1729/1077/530 1728/1075/530 1743/1099/530 1744/1101/530
f 1722/1079/700 1309/1102/700 1737/1103/700
f 1316/1104/532 1736/1076/532 1751/1100/532
f 1730/1081/533 1729/1077/533 1744/1101/533 1745/1105/533
f 1723/1082/653 1722/1079/653 1737/1103/653 1738/1089/653
f 1731/1083/701 1730/1081/701 1745/1105/701 1746/1091/701
f 1743/1099/536 1742/1097/536 1757/1106/536 1758/1107/536
f 1751/1100/537 1750/1098/537 1765/1108/537 1766/1109/537
f 1744/1101/538 1743/1099/538 1758/1107/538 1759/1110/538
f 1737/1103/539 1309/1111/539 1752/1112/539
f 1316/1113/540 1751/1100/540 1766/1109/540
f 1745/1105/541 1744/1101/541 1759/1110/541 1760/1114/541
f 1738/1089/542 1737/1103/542 1752/1112/542 1753/1115/542
f 1746/1091/543 1745/1105/543 1760/1114/543 1761/1116/543
f 1739/1090/702 1738/1089/702 1753/1115/702 1754/1117/702
f 1747/1092/545 1746/1091/545 1761/1116/545 1762/1118/545
f 1740/1093/703 1739/1090/703 1754/1117/703 1755/1119/703
f 1748/1094/547 1747/1092/547 1762/1118/547 1763/1120/547
f 1741/1095/704 1740/1093/704 1755/1119/704 1756/1121/704
f 1749/1096/549 1748/1094/549 1763/1120/549 1764/1122/549
f 1742/1097/550 1741/1095/550 1756/1121/550 1757/1106/550
f 1750/1098/705 1749/1096/705 1764/1122/705 1765/1108/705
f 1762/1118/552 1761/1116/552 1776/1123/552 1777/1124/552
f 1755/1119/553 1754/1117/553 1769/1125/553 1770/1126/553
f 1763/1120/554 1762/1118/554 1777/1124/554 1778/1127/554
f 1756/1121/555 1755/1119/555 1770/1126/555 1771/1128/555
f 1764/1122/706 1763/1120/706 1778/1127/706 1779/1129/706
f 1757/1106/557 1756/1121/557 1771/1128/557 1772/1130/557
f 1765/1108/654 1764/1122/654 1779/1129/654 1780/1131/654
f 1758/1107/559 1757/1106/559 1772/1130/559 1773/1132/559
f 1766/1109/655 1765/1108/655 1780/1131/655 1781/1133/655
f 1759/1110/561 1758/1107/561 1773/1132/561 1774/1134/561
f 1752/1112/562 1309/1135/562 1767/1136/562
f 1316/1137/563 1766/1109/563 1781/1133/563
f 1760/1114/564 1759/1110/564 1774/1134/564 1775/1138/564
f 1753/1115/565 1752/1112/565 1767/1136/565 1768/1139/565
f 1761/1116/566 1760/1114/566 1775/1138/566 1776/1123/566
f 1754/1117/658 1753/1115/658 1768/1139/658 1769/1125/658
f 1781/1133/568 1780/1131/568 1789/592/568 1790/591/568
f 1774/1134/569 1773/1132/569 1312/587/569 1313/595/569
f 1767/1136/707 1309/1140/707 1782/597/707
f 1316/1141/571 1781/1133/571 1790/591/571
f 1775/1138/572 1774/1134/572 1313/595/572 1314/601/572
f 1768/1139/573 1767/1136/573 1782/597/573 1783/603/573
f 1776/1123/574 1775/1138/574 1314/601/574 1786/605/574
f 1769/1125/575 1768/1139/575 1783/603/575 1310/607/575
f 1777/1124/576 1776/1123/576 1786/605/576 1315/609/576
f 1770/1126/577 1769/1125/577 1310/607/577 1784/611/577
f 1778/1127/708 1777/1124/708 1315/609/708 1787/613/708
f 1771/1128/579 1770/1126/579 1784/611/579 1311/615/579
f 1779/1129/580 1778/1127/580 1787/613/580 1788/617/580
f 1772/1130/581 1771/1128/581 1311/615/581 1785/588/581
f 1780/1131/582 1779/1129/582 1788/617/582 1789/592/582
f 1773/1132/583 1772/1130/583 1785/588/583 1312/587/583
f 1794/587/72 2267/588/72 1804/589/72 1805/590/72
f 2272/591/73 2271/592/73 1812/593/73 1813/594/73
f 1795/595/74 1794/587/74 1805/590/74 1806/596/74
f 2264/597/709 1791/598/709 1799/599/709
f 1798/600/710 2272/591/710 1813/594/710
f 1796/601/77 1795/595/77 1806/596/77 1807/602/77
f 2265/603/78 2264/597/78 1799/599/78 1800/604/78
f 2268/605/79 1796/601/79 1807/602/79 1808/606/79
f 1792/607/663 2265/603/663 1800/604/663 1801/608/663
f 1797/609/81 2268/605/81 1808/606/81 1809/610/81
f 2266/611/82 1792/607/82 1801/608/82 1802/612/82
f 2269/613/83 1797/609/83 1809/610/83 1810/614/83
f 1793/615/84 2266/611/84 1802/612/84 1803/616/84
f 2270/617/85 2269/613/85 1810/614/85 1811/618/85
f 2267/588/86 1793/615/86 1803/616/86 1804/589/86
f 2271/592/586 2270/617/586 1811/618/586 1812/593/586
f 1804/589/711 1803/616/711 1818/619/711 1819/620/711
f 1812/593/89 1811/618/89 1826/621/89 1827/622/89
f 1805/590/90 1804/589/90 1819/620/90 1820/623/90
f 1813/594/91 1812/593/91 1827/622/91 1828/624/91
f 1806/596/92 1805/590/92 1820/623/92 1821/625/92
f 1799/599/93 1791/626/93 1814/627/93
f 1798/628/588 1813/594/588 1828/624/588
f 1807/602/95 1806/596/95 1821/625/95 1822/629/95
f 1800/604/96 1799/599/96 1814/627/96 1815/630/96
f 1808/606/97 1807/602/97 1822/629/97 1823/631/97
f 1801/608/98 1800/604/98 1815/630/98 1816/632/98
f 1809/610/99 1808/606/99 1823/631/99 1824/633/99
f 1802/612/589 1801/608/589 1816/632/589 1817/634/589
f 1810/614/101 1809/610/101 1824/633/101 1825/635/101
f 1803/616/102 1802/612/102 1817/634/102 1818/619/102
f 1811/618/664 1810/614/664 1825/635/664 1826/621/664
f 1823/631/104 1822/629/104 1837/636/104 1838/637/104
f 1816/632/590 1815/630/590 1830/638/590 1831/639/590
f 1824/633/106 1823/631/106 1838/637/106 1839/640/106
f 1817/634/712 1816/632/712 1831/639/712 1832/641/712
f 1825/635/108 1824/633/108 1839/640/108 1840/642/108
f 1818/619/109 1817/634/109 1832/641/109 1833/643/109
f 1826/621/110 1825/635/110 1840/642/110 1841/644/110
f 1819/620/111 1818/619/111 1833/643/111 1834/645/111
f 1827/622/112 1826/621/112 1841/644/112 1842/646/112
f 1820/623/113 1819/620/113 1834/645/113 1835/647/113
f 1828/624/114 1827/622/114 1842/646/114 1843/648/114
f 1821/625/115 1820/623/115 1835/647/115 1836/649/115
f 1814/627/591 1791/650/591 1829/651/591
f 1798/652/117 1828/624/117 1843/648/117
f 1822/629/118 1821/625/118 1836/649/118 1837/636/118
f 1815/630/119 1814/627/119 1829/651/119 1830/638/119
f 1842/646/120 1841/644/120 1856/653/120 1857/654/120
f 1835/647/121 1834/645/121 1849/655/121 1850/656/121
f 1843/648/593 1842/646/593 1857/654/593 1858/657/593
f 1836/649/123 1835/647/123 1850/656/123 1851/573/123
f 1829/651/124 1791/658/124 1844/659/124
f 1798/660/125 1843/648/125 1858/657/125
f 1837/636/126 1836/649/126 1851/573/126 1852/661/126
f 1830/638/595 1829/651/595 1844/659/595 1845/662/595
f 1838/637/128 1837/636/128 1852/661/128 1853/663/128
f 1831/639/129 1830/638/129 1845/662/129 1846/664/129
f 1839/640/130 1838/637/130 1853/663/130 1854/665/130
f 1832/641/131 1831/639/131 1846/664/131 1847/575/131
f 1840/642/132 1839/640/132 1854/665/132 1855/571/132
f 1833/643/666 1832/641/666 1847/575/666 1848/666/666
f 1841/644/134 1840/642/134 1855/571/134 1856/653/134
f 1834/645/135 1833/643/135 1848/666/135 1849/655/135
f 1846/664/136 1845/662/136 1860/667/136 1861/668/136
f 1854/665/137 1853/663/137 1868/669/137 1869/670/137
f 1847/575/138 1846/664/138 1861/668/138 1862/671/138
f 1855/571/713 1854/665/713 1869/670/713 1870/672/713
f 1848/666/714 1847/575/714 1862/671/714 1863/673/714
f 1856/653/141 1855/571/141 1870/672/141 1871/674/141
f 1849/655/142 1848/666/142 1863/673/142 1864/675/142
f 1857/654/143 1856/653/143 1871/674/143 1872/676/143
f 1850/656/144 1849/655/144 1864/675/144 1865/677/144
f 1858/657/598 1857/654/598 1872/676/598 1873/678/598
f 1851/573/146 1850/656/146 1865/677/146 1866/679/146
f 1844/659/715 1791/680/715 1859/681/715
f 1798/682/148 1858/657/148 1873/678/148
f 1852/661/149 1851/573/149 1866/679/149 1867/683/149
f 1845/662/716 1844/659/716 1859/681/716 1860/667/716
f 1853/663/151 1852/661/151 1867/683/151 1868/669/151
f 1865/677/152 1864/675/152 1879/684/152 1880/685/152
f 1873/678/153 1872/676/153 1887/686/153 1888/687/153
f 1866/679/154 1865/677/154 1880/685/154 1881/688/154
f 1859/681/155 1791/689/155 1874/690/155
f 1798/691/156 1873/678/156 1888/687/156
f 1867/683/157 1866/679/157 1881/688/157 1882/692/157
f 1860/667/158 1859/681/158 1874/690/158 1875/693/158
f 1868/669/159 1867/683/159 1882/692/159 1883/694/159
f 1861/668/160 1860/667/160 1875/693/160 1876/695/160
f 1869/670/161 1868/669/161 1883/694/161 1884/696/161
f 1862/671/669 1861/668/669 1876/695/669 1877/697/669
f 1870/672/163 1869/670/163 1884/696/163 1885/698/163
f 1863/673/164 1862/671/164 1877/697/164 1878/699/164
f 1871/674/670 1870/672/670 1885/698/670 1886/700/670
f 1864/675/166 1863/673/166 1878/699/166 1879/684/166
f 1872/676/167 1871/674/167 1886/700/167 1887/686/167
f 1884/696/168 1883/694/168 1898/701/168 1899/702/168
f 1877/697/169 1876/695/169 1891/703/169 1892/704/169
f 1885/698/170 1884/696/170 1899/702/170 1900/705/170
f 1878/699/171 1877/697/171 1892/704/171 1893/706/171
f 1886/700/172 1885/698/172 1900/705/172 1901/707/172
f 1879/684/173 1878/699/173 1893/706/173 1894/708/173
f 1887/686/174 1886/700/174 1901/707/174 1902/709/174
f 1880/685/175 1879/684/175 1894/708/175 1895/710/175
f 1888/687/176 1887/686/176 1902/709/176 1903/711/176
f 1881/688/177 1880/685/177 1895/710/177 1896/712/177
f 1874/690/717 1791/713/717 1889/714/717
f 1798/715/179 1888/687/179 1903/711/179
f 1882/692/180 1881/688/180 1896/712/180 1897/716/180
f 1875/693/181 1874/690/181 1889/714/181 1890/717/181
f 1883/694/182 1882/692/182 1897/716/182 1898/701/182
f 1876/695/183 1875/693/183 1890/717/183 1891/703/183
f 1903/711/184 1902/709/184 1917/718/184 1918/719/184
f 1896/712/185 1895/710/185 1910/720/185 1911/721/185
f 1889/714/599 1791/722/599 1904/723/599
f 1798/724/600 1903/711/600 1918/719/600
f 1897/716/188 1896/712/188 1911/721/188 1912/725/188
f 1890/717/189 1889/714/189 1904/723/189 1905/726/189
f 1898/701/190 1897/716/190 1912/725/190 1913/727/190
f 1891/703/191 1890/717/191 1905/726/191 1906/728/191
f 1899/702/192 1898/701/192 1913/727/192 1914/729/192
f 1892/704/193 1891/703/193 1906/728/193 1907/730/193
f 1900/705/194 1899/702/194 1914/729/194 1915/731/194
f 1893/706/195 1892/704/195 1907/730/195 1908/732/195
f 1901/707/196 1900/705/196 1915/731/196 1916/733/196
f 1894/708/197 1893/706/197 1908/732/197 1909/734/197
f 1902/709/671 1901/707/671 1916/733/671 1917/718/671
f 1895/710/199 1894/708/199 1909/734/199 1910/720/199
f 1915/731/200 1914/729/200 1929/735/200 1930/736/200
f 1908/732/201 1907/730/201 1922/737/201 1923/738/201
f 1916/733/202 1915/731/202 1930/736/202 1931/739/202
f 1909/734/203 1908/732/203 1923/738/203 1924/740/203
f 1917/718/204 1916/733/204 1931/739/204 1932/741/204
f 1910/720/205 1909/734/205 1924/740/205 1925/742/205
f 1918/719/206 1917/718/206 1932/741/206 1933/743/206
f 1911/721/207 1910/720/207 1925/742/207 1926/744/207
f 1904/723/208 1791/745/208 1919/746/208
f 1798/747/209 1918/719/209 1933/743/209
f 1912/725/210 1911/721/210 1926/744/210 1927/748/210
f 1905/726/211 1904/723/211 1919/746/211 1920/749/211
f 1913/727/212 1912/725/212 1927/748/212 1928/750/212
f 1906/728/213 1905/726/213 1920/749/213 1921/751/213
f 1914/729/214 1913/727/214 1928/750/214 1929/735/214
f 1907/730/215 1906/728/215 1921/751/215 1922/737/215
f 1919/746/602 1791/752/602 1934/753/602
f 1798/754/603 1933/743/603 1948/755/603
f 1927/748/218 1926/744/218 1941/756/218 1942/757/218
f 1920/749/219 1919/746/219 1934/753/219 1935/758/219
f 1928/750/220 1927/748/220 1942/757/220 1943/759/220
f 1921/751/221 1920/749/221 1935/758/221 1936/760/221
f 1929/735/222 1928/750/222 1943/759/222 1944/761/222
f 1922/737/223 1921/751/223 1936/760/223 1937/762/223
f 1930/736/224 1929/735/224 1944/761/224 1945/763/224
f 1923/738/225 1922/737/225 1937/762/225 1938/764/225
f 1931/739/226 1930/736/226 1945/763/226 1946/765/226
f 1924/740/227 1923/738/227 1938/764/227 1939/766/227
f 1932/741/228 1931/739/228 1946/765/228 1947/767/228
f 1925/742/229 1924/740/229 1939/766/229 1940/768/229
f 1933/743/230 1932/741/230 1947/767/230 1948/755/230
f 1926/744/231 1925/742/231 1940/768/231 1941/756/231
f 1938/764/232 1937/762/232 1952/769/232 1953/770/232
f 1946/765/718 1945/763/718 1960/771/718 1961/772/718
f 1939/766/234 1938/764/234 1953/770/234 1954/773/234
f 1947/767/235 1946/765/235 1961/772/235 1962/774/235
f 1940/768/236 1939/766/236 1954/773/236 1955/775/236
f 1948/755/237 1947/767/237 1962/774/237 1963/776/237
f 1941/756/238 1940/768/238 1955/775/238 1956/777/238
f 1934/753/239 1791/778/239 1949/779/239
f 1798/780/240 1948/755/240 1963/776/240
f 1942/757/241 1941/756/241 1956/777/241 1957/781/241
f 1935/758/242 1934/753/242 1949/779/242 1950/782/242
f 1943/759/243 1942/757/243 1957/781/243 1958/783/243
f 1936/760/244 1935/758/244 1950/782/244 1951/784/244
f 1944/761/245 1943/759/245 1958/783/245 1959/785/245
f 1937/762/719 1936/760/719 1951/784/719 1952/769/719
f 1945/763/247 1944/761/247 1959/785/247 1960/771/247
f 1957/781/248 1956/777/248 1971/786/248 1972/787/248
f 1950/782/673 1949/779/673 1964/788/673 1965/789/673
f 1958/783/250 1957/781/250 1972/787/250 1973/790/250
f 1951/784/251 1950/782/251 1965/789/251 1966/791/251
f 1959/785/252 1958/783/252 1973/790/252 1974/792/252
f 1952/769/253 1951/784/253 1966/791/253 1967/793/253
f 1960/771/720 1959/785/720 1974/792/720 1975/572/720
f 1953/770/721 1952/769/721 1967/793/721 1968/794/721
f 1961/772/256 1960/771/256 1975/572/256 1976/795/256
f 1954/773/257 1953/770/257 1968/794/257 1969/796/257
f 1962/774/258 1961/772/258 1976/795/258 1977/797/258
f 1955/775/259 1954/773/259 1969/796/259 1970/798/259
f 1963/776/260 1962/774/260 1977/797/260 1978/799/260
f 1956/777/261 1955/775/261 1970/798/261 1971/786/261
f 1949/779/262 1791/800/262 1964/788/262
f 1798/801/263 1963/776/263 1978/799/263
f 1976/795/264 1975/572/264 1990/802/264 1991/803/264
f 1969/796/265 1968/794/265 1983/804/265 1984/805/265
f 1977/797/266 1976/795/266 1991/803/266 1992/806/266
f 1970/798/267 1969/796/267 1984/805/267 1985/807/267
f 1978/799/609 1977/797/609 1992/806/609 1993/808/609
f 1971/786/269 1970/798/269 1985/807/269 1986/809/269
f 1964/788/610 1791/810/610 1979/811/610
f 1798/812/271 1978/799/271 1993/808/271
f 1972/787/272 1971/786/272 1986/809/272 1987/813/272
f 1965/789/612 1964/788/612 1979/811/612 1980/814/612
f 1973/790/613 1972/787/613 1987/813/613 1988/815/613
f 1966/791/275 1965/789/275 1980/814/275 1981/816/275
f 1974/792/276 1973/790/276 1988/815/276 1989/817/276
f 1967/793/277 1966/791/277 1981/816/277 1982/818/277
f 1975/572/614 1974/792/614 1989/817/614 1990/802/614
f 1968/794/279 1967/793/279 1982/818/279 1983/804/279
f 1980/814/280 1979/811/280 1994/819/280 1995/820/280
f 1988/815/281 1987/813/281 2002/821/281 2003/822/281
f 1981/816/615 1980/814/615 1995/820/615 1996/823/615
f 1989/817/283 1988/815/283 2003/822/283 2004/824/283
f 1982/818/284 1981/816/284 1996/823/284 1997/825/284
f 1990/802/285 1989/817/285 2004/824/285 2005/826/285
f 1983/804/286 1982/818/286 1997/825/286 1998/827/286
f 1991/803/616 1990/802/616 2005/826/616 2006/828/616
f 1984/805/288 1983/804/288 1998/827/288 1999/829/288
f 1992/806/289 1991/803/289 2006/828/289 2007/830/289
f 1985/807/290 1984/805/290 1999/829/290 2000/831/290
f 1993/808/291 1992/806/291 2007/830/291 2008/832/291
f 1986/809/292 1985/807/292 2000/831/292 2001/833/292
f 1979/811/722 1791/834/722 1994/819/722
f 1798/835/680 1993/808/680 2008/832/680
f 1987/813/295 1986/809/295 2001/833/295 2002/821/295
f 1999/829/296 1998/827/296 2013/836/296 2014/837/296
f 2007/830/297 2006/828/297 2021/838/297 2022/839/297
f 2000/831/298 1999/829/298 2014/837/298 2015/840/298
f 2008/832/723 2007/830/723 2022/839/723 2023/841/723
f 2001/833/300 2000/831/300 2015/840/300 2016/842/300
f 1994/819/301 1791/843/301 2009/844/301
f 1798/845/302 2008/832/302 2023/841/302
f 2002/821/303 2001/833/303 2016/842/303 2017/846/303
f 1995/820/304 1994/819/304 2009/844/304 2010/847/304
f 2003/822/305 2002/821/305 2017/846/305 2018/848/305
f 1996/823/306 1995/820/306 2010/847/306 2011/849/306
f 2004/824/307 2003/822/307 2018/848/307 2019/850/307
f 1997/825/683 1996/823/683 2011/849/683 2012/851/683
f 2005/826/309 2004/824/309 2019/850/309 2020/852/309
f 1998/827/310 1997/825/310 2012/851/310 2013/836/310
f 2006/828/311 2005/826/311 2020/852/311 2021/838/311
f 2018/848/312 2017/846/312 2032/853/312 2033/854/312
f 2011/849/618 2010/847/618 2025/855/618 2026/856/618
f 2019/850/314 2018/848/314 2033/854/314 2034/857/314
f 2012/851/315 2011/849/315 2026/856/315 2027/858/315
f 2020/852/724 2019/850/724 2034/857/724 2035/859/724
f 2013/836/317 2012/851/317 2027/858/317 2028/860/317
f 2021/838/318 2020/852/318 2035/859/318 2036/861/318
f 2014/837/319 2013/836/319 2028/860/319 2029/862/319
f 2022/839/320 2021/838/320 2036/861/320 2037/863/320
f 2015/840/321 2014/837/321 2029/862/321 2030/864/321
f 2023/841/322 2022/839/322 2037/863/322 2038/865/322
f 2016/842/323 2015/840/323 2030/864/323 2031/866/323
f 2009/844/725 1791/867/725 2024/868/725
f 1798/869/726 2023/841/726 2038/865/726
f 2017/846/326 2016/842/326 2031/866/326 2032/853/326
f 2010/847/327 2009/844/327 2024/868/327 2025/855/327
f 2037/863/328 2036/861/328 2051/870/328 2052/871/328
f 2030/864/329 2029/862/329 2044/872/329 2045/873/329
f 2038/865/330 2037/863/330 2052/871/330 2053/874/330
f 2031/866/331 2030/864/331 2045/873/331 2046/875/331
f 2024/868/727 1791/876/727 2039/877/727
f 1798/878/728 2038/865/728 2053/874/728
f 2032/853/334 2031/866/334 2046/875/334 2047/879/334
f 2025/855/335 2024/868/335 2039/877/335 2040/880/335
f 2033/854/336 2032/853/336 2047/879/336 2048/881/336
f 2026/856/337 2025/855/337 2040/880/337 2041/882/337
f 2034/857/338 2033/854/338 2048/881/338 2049/883/338
f 2027/858/339 2026/856/339 2041/882/339 2042/884/339
f 2035/859/729 2034/857/729 2049/883/729 2050/885/729
f 2028/860/625 2027/858/625 2042/884/625 2043/886/625
f 2036/861/342 2035/859/342 2050/885/342 2051/870/342
f 2029/862/343 2028/860/343 2043/886/343 2044/872/343
f 2049/883/344 2048/881/344 2063/887/344 2064/888/344
f 2042/884/345 2041/882/345 2056/889/345 2057/890/345
f 2050/885/346 2049/883/346 2064/888/346 2065/891/346
f 2043/886/347 2042/884/347 2057/890/347 2058/892/347
f 2051/870/348 2050/885/348 2065/891/348 2066/893/348
f 2044/872/349 2043/886/349 2058/892/349 2059/894/349
f 2052/871/350 2051/870/350 2066/893/350 2067/895/350
f 2045/873/351 2044/872/351 2059/894/351 2060/896/351
f 2053/874/730 2052/871/730 2067/895/730 2068/897/730
f 2046/875/353 2045/873/353 2060/896/353 2061/898/353
f 2039/877/354 1791/899/354 2054/900/354
f 1798/901/355 2053/874/355 2068/897/355
f 2047/879/356 2046/875/356 2061/898/356 2062/902/356
f 2040/880/357 2039/877/357 2054/900/357 2055/903/357
f 2048/881/358 2047/879/358 2062/902/358 2063/887/358
f 2041/882/627 2040/880/627 2055/903/627 2056/889/627
f 2068/897/360 2067/895/360 2082/904/360 2083/905/360
f 2061/898/628 2060/896/628 2075/906/628 2076/907/628
f 2054/900/731 1791/908/731 2069/909/731
f 1798/910/689 2068/897/689 2083/905/689
f 2062/902/629 2061/898/629 2076/907/629 2077/911/629
f 2055/903/365 2054/900/365 2069/909/365 2070/912/365
f 2063/887/366 2062/902/366 2077/911/366 2078/913/366
f 2056/889/367 2055/903/367 2070/912/367 2071/914/367
f 2064/888/368 2063/887/368 2078/913/368 2079/915/368
f 2057/890/732 2056/889/732 2071/914/732 2072/916/732
f 2065/891/370 2064/888/370 2079/915/370 2080/917/370
f 2058/892/371 2057/890/371 2072/916/371 2073/918/371
f 2066/893/372 2065/891/372 2080/917/372 2081/919/372
f 2059/894/373 2058/892/373 2073/918/373 2074/920/373
f 2067/895/374 2066/893/374 2081/919/374 2082/904/374
f 2060/896/375 2059/894/375 2074/920/375 2075/906/375
f 2072/916/376 2071/914/376 2086/921/376 2087/922/376
f 2080/917/733 2079/915/733 2094/923/733 2095/924/733
f 2073/918/630 2072/916/630 2087/922/630 2088/925/630
f 2081/919/379 2080/917/379 2095/924/379 2096/926/379
f 2074/920/380 2073/918/380 2088/925/380 2089/927/380
f 2082/904/381 2081/919/381 2096/926/381 2097/928/381
f 2075/906/691 2074/920/691 2089/927/691 2090/929/691
f 2083/905/383 2082/904/383 2097/928/383 2098/930/383
f 2076/907/384 2075/906/384 2090/929/384 2091/931/384
f 2069/909/631 1791/932/631 2084/933/631
f 1798/934/386 2083/905/386 2098/930/386
f 2077/911/387 2076/907/387 2091/931/387 2092/935/387
f 2070/912/388 2069/909/388 2084/933/388 2085/936/388
f 2078/913/734 2077/911/734 2092/935/734 2093/937/734
f 2071/914/390 2070/912/390 2085/936/390 2086/921/390
f 2079/915/391 2078/913/391 2093/937/391 2094/923/391
f 2091/931/392 2090/929/392 2105/938/392 2106/939/392
f 2084/933/393 1791/940/393 2099/941/393
f 1798/942/394 2098/930/394 2113/943/394
f 2092/935/395 2091/931/395 2106/939/395 2107/944/395
f 2085/936/692 2084/933/692 2099/941/692 2100/945/692
f 2093/937/397 2092/935/397 2107/944/397 2108/946/397
f 2086/921/398 2085/936/398 2100/945/398 2101/947/398
f 2094/923/399 2093/937/399 2108/946/399 2109/948/399
f 2087/922/400 2086/921/400 2101/947/400 2102/949/400
f 2095/924/693 2094/923/693 2109/948/693 2110/950/693
f 2088/925/694 2087/922/694 2102/949/694 2103/951/694
f 2096/926/403 2095/924/403 2110/950/403 2111/952/403
f 2089/927/404 2088/925/404 2103/951/404 2104/953/404
f 2097/928/405 2096/926/405 2111/952/405 2112/954/405
f 2090/929/406 2089/927/406 2104/953/406 2105/938/406
f 2098/930/407 2097/928/407 2112/954/407 2113/943/407
f 2110/950/408 2109/948/408 2124/955/408 2125/956/408
f 2103/951/409 2102/949/409 2117/957/409 2118/958/409
f 2111/952/410 2110/950/410 2125/956/410 2126/959/410
f 2104/953/411 2103/951/411 2118/958/411 2119/960/411
f 2112/954/412 2111/952/412 2126/959/412 2127/961/412
f 2105/938/413 2104/953/413 2119/960/413 2120/962/413
f 2113/943/414 2112/954/414 2127/961/414 2128/963/414
f 2106/939/415 2105/938/415 2120/962/415 2121/964/415
f 2099/941/416 1791/965/416 2114/966/416
f 1798/967/417 2113/943/417 2128/963/417
f 2107/944/418 2106/939/418 2121/964/418 2122/968/418
f 2100/945/419 2099/941/419 2114/966/419 2115/969/419
f 2108/946/420 2107/944/420 2122/968/420 2123/970/420
f 2101/947/421 2100/945/421 2115/969/421 2116/971/421
f 2109/948/422 2108/946/422 2123/970/422 2124/955/422
f 2102/949/423 2101/947/423 2116/971/423 2117/957/423
f 2114/966/636 1791/972/636 2129/973/636
f 1798/974/637 2128/963/637 2143/975/637
f 2122/968/426 2121/964/426 2136/976/426 2137/977/426
f 2115/969/427 2114/966/427 2129/973/427 2130/978/427
f 2123/970/428 2122/968/428 2137/977/428 2138/979/428
f 2116/971/429 2115/969/429 2130/978/429 2131/980/429
f 2124/955/430 2123/970/430 2138/979/430 2139/981/430
f 2117/957/431 2116/971/431 2131/980/431 2132/982/431
f 2125/956/432 2124/955/432 2139/981/432 2140/983/432
f 2118/958/433 2117/957/433 2132/982/433 2133/984/433
f 2126/959/434 2125/956/434 2140/983/434 2141/985/434
f 2119/960/435 2118/958/435 2133/984/435 2134/986/435
f 2127/961/695 2126/959/695 2141/985/695 2142/987/695
f 2120/962/437 2119/960/437 2134/986/437 2135/988/437
f 2128/963/438 2127/961/438 2142/987/438 2143/975/438
f 2121/964/640 2120/962/640 2135/988/640 2136/976/640
f 2133/984/440 2132/982/440 2147/989/440 2148/990/440
f 2141/985/441 2140/983/441 2155/991/441 2156/992/441
f 2134/986/442 2133/984/442 2148/990/442 2149/993/442
f 2142/987/696 2141/985/696 2156/992/696 2157/994/696
f 2135/988/444 2134/986/444 2149/993/444 2150/995/444
f 2143/975/445 2142/987/445 2157/994/445 2158/996/445
f 2136/976/446 2135/988/446 2150/995/446 2151/997/446
f 2129/973/447 1791/998/447 2144/999/447
f 1798/1000/641 2143/975/641 2158/996/641
f 2137/977/449 2136/976/449 2151/997/449 2152/1001/449
f 2130/978/450 2129/973/450 2144/999/450 2145/1002/450
f 2138/979/451 2137/977/451 2152/1001/451 2153/1003/451
f 2131/980/452 2130/978/452 2145/1002/452 2146/1004/452
f 2139/981/453 2138/979/453 2153/1003/453 2154/1005/453
f 2132/982/454 2131/980/454 2146/1004/454 2147/989/454
f 2140/983/455 2139/981/455 2154/1005/455 2155/991/455
f 2152/1006/456 2151/1007/456 2166/1008/456 2167/1009/456
f 2145/1010/457 2144/1011/457 2159/1012/457 2160/1013/457
f 2153/1014/458 2152/1006/458 2167/1009/458 2168/1015/458
f 2146/1016/459 2145/1010/459 2160/1013/459 2161/1017/459
f 2154/1018/460 2153/1014/460 2168/1015/460 2169/1019/460
f 2147/1020/461 2146/1016/461 2161/1017/461 2162/1021/461
f 2155/1022/462 2154/1018/462 2169/1019/462 2170/1023/462
f 2148/1024/463 2147/1020/463 2162/1021/463 2163/1025/463
f 2156/1026/464 2155/1022/464 2170/1023/464 2171/1027/464
f 2149/1028/465 2148/1024/465 2163/1025/465 2164/1029/465
f 2157/1030/466 2156/1026/466 2171/1027/466 2172/1031/466
f 2150/1032/467 2149/1028/467 2164/1029/467 2165/1033/467
f 2158/1034/468 2157/1030/468 2172/1031/468 2173/1035/468
f 2151/1007/469 2150/1032/469 2165/1033/469 2166/1008/469
f 2144/1011/643 1791/1036/643 2159/1012/643
f 1798/1037/471 2158/1034/471 2173/1035/471
f 2171/1027/472 2170/1023/472 2185/1038/472 2186/1039/472
f 2164/1029/473 2163/1025/473 2178/1040/473 2179/1041/473
f 2172/1031/735 2171/1027/735 2186/1039/735 2187/1042/735
f 2165/1033/475 2164/1029/475 2179/1041/475 2180/1043/475
f 2173/1035/476 2172/1031/476 2187/1042/476 2188/1044/476
f 2166/1008/644 2165/1033/644 2180/1043/644 2181/1045/644
f 2159/1012/478 1791/1046/478 2174/1047/478
f 1798/1048/479 2173/1035/479 2188/1044/479
f 2167/1009/480 2166/1008/480 2181/1045/480 2182/1049/480
f 2160/1013/481 2159/1012/481 2174/1047/481 2175/1050/481
f 2168/1015/482 2167/1009/482 2182/1049/482 2183/1051/482
f 2161/1017/483 2160/1013/483 2175/1050/483 2176/1052/483
f 2169/1019/484 2168/1015/484 2183/1051/484 2184/1053/484
f 2162/1021/485 2161/1017/485 2176/1052/485 2177/1054/485
f 2170/1023/486 2169/1019/486 2184/1053/486 2185/1038/486
f 2163/1025/487 2162/1021/487 2177/1054/487 2178/1040/487
f 2183/1051/488 2182/1049/488 2197/1055/488 2198/1056/488
f 2176/1052/489 2175/1050/489 2190/1057/489 2191/1058/489
f 2184/1053/490 2183/1051/490 2198/1056/490 2199/1059/490
f 2177/1054/491 2176/1052/491 2191/1058/491 2192/1060/491
f 2185/1038/492 2184/1053/492 2199/1059/492 2200/1061/492
f 2178/1040/493 2177/1054/493 2192/1060/493 2193/1062/493
f 2186/1039/697 2185/1038/697 2200/1061/697 2201/1063/697
f 2179/1041/495 2178/1040/495 2193/1062/495 2194/1064/495
f 2187/1042/496 2186/1039/496 2201/1063/496 2202/1065/496
f 2180/1043/497 2179/1041/497 2194/1064/497 2195/1066/497
f 2188/1044/498 2187/1042/498 2202/1065/498 2203/1067/498
f 2181/1045/499 2180/1043/499 2195/1066/499 2196/1068/499
f 2174/1047/648 1791/1069/648 2189/1070/648
f 1798/1071/501 2188/1044/501 2203/1067/501
f 2182/1049/502 2181/1045/502 2196/1068/502 2197/1055/502
f 2175/1050/503 2174/1047/503 2189/1070/503 2190/1057/503
f 2202/1065/504 2201/1063/504 2216/1072/504 2217/1073/504
f 2195/1066/505 2194/1064/505 2209/1074/505 2210/1075/505
f 2203/1067/649 2202/1065/649 2217/1073/649 2218/1076/649
f 2196/1068/507 2195/1066/507 2210/1075/507 2211/1077/507
f 2189/1070/736 1791/1078/736 2204/1079/736
f 1798/1080/509 2203/1067/509 2218/1076/509
f 2197/1055/510 2196/1068/510 2211/1077/510 2212/1081/510
f 2190/1057/698 2189/1070/698 2204/1079/698 2205/1082/698
f 2198/1056/512 2197/1055/512 2212/1081/512 2213/1083/512
f 2191/1058/513 2190/1057/513 2205/1082/513 2206/1084/513
f 2199/1059/514 2198/1056/514 2213/1083/514 2214/1085/514
f 2192/1060/515 2191/1058/515 2206/1084/515 2207/1086/515
f 2200/1061/516 2199/1059/516 2214/1085/516 2215/1087/516
f 2193/1062/517 2192/1060/517 2207/1086/517 2208/1088/517
f 2201/1063/518 2200/1061/518 2215/1087/518 2216/1072/518
f 2194/1064/519 2193/1062/519 2208/1088/519 2209/1074/519
f 2206/1084/520 2205/1082/520 2220/1089/520 2221/1090/520
f 2214/1085/521 2213/1083/521 2228/1091/521 2229/1092/521
f 2207/1086/522 2206/1084/522 2221/1090/522 2222/1093/522
f 2215/1087/523 2214/1085/523 2229/1092/523 2230/1094/523
f 2208/1088/524 2207/1086/524 2222/1093/524 2223/1095/524
f 2216/1072/525 2215/1087/525 2230/1094/525 2231/1096/525
f 2209/1074/526 2208/1088/526 2223/1095/526 2224/1097/526
f 2217/1073/527 2216/1072/527 2231/1096/527 2232/1098/527
f 2210/1075/528 2209/1074/528 2224/1097/528 2225/1099/528
f 2218/1076/529 2217/1073/529 2232/1098/529 2233/1100/529
f 2211/1077/530 2210/1075/530 2225/1099/530 2226/1101/530
f 2204/1079/700 1791/1102/700 2219/1103/700
f 1798/1104/532 2218/1076/532 2233/1100/532
f 2212/1081/533 2211/1077/533 2226/1101/533 2227/1105/533
f 2205/1082/653 2204/1079/653 2219/1103/653 2220/1089/653
f 2213/1083/701 2212/1081/701 2227/1105/701 2228/1091/701
f 2225/1099/536 2224/1097/536 2239/1106/536 2240/1107/536
f 2233/1100/537 2232/1098/537 2247/1108/537 2248/1109/537
f 2226/1101/538 2225/1099/538 2240/1107/538 2241/1110/538
f 2219/1103/737 1791/1111/737 2234/1112/737
f 1798/1113/540 2233/1100/540 2248/1109/540
f 2227/1105/541 2226/1101/541 2241/1110/541 2242/1114/541
f 2220/1089/542 2219/1103/542 2234/1112/542 2235/1115/542
f 2228/1091/543 2227/1105/543 2242/1114/543 2243/1116/543
f 2221/1090/702 2220/1089/702 2235/1115/702 2236/1117/702
f 2229/1092/545 2228/1091/545 2243/1116/545 2244/1118/545
f 2222/1093/546 2221/1090/546 2236/1117/546 2237/1119/546
f 2230/1094/547 2229/1092/547 2244/1118/547 2245/1120/547
f 2223/1095/548 2222/1093/548 2237/1119/548 2238/1121/548
f 2231/1096/738 2230/1094/738 2245/1120/738 2246/1122/738
f 2224/1097/550 2223/1095/550 2238/1121/550 2239/1106/550
f 2232/1098/705 2231/1096/705 2246/1122/705 2247/1108/705
f 2244/1118/552 2243/1116/552 2258/1123/552 2259/1124/552
f 2237/1119/553 2236/1117/553 2251/1125/553 2252/1126/553
f 2245/1120/554 2244/1118/554 2259/1124/554 2260/1127/554
f 2238/1121/555 2237/1119/555 2252/1126/555 2253/1128/555
f 2246/1122/706 2245/1120/706 2260/1127/706 2261/1129/706
f 2239/1106/557 2238/1121/557 2253/1128/557 2254/1130/557
f 2247/1108/654 2246/1122/654 2261/1129/654 2262/1131/654
f 2240/1107/559 2239/1106/559 2254/1130/559 2255/1132/559
f 2248/1109/655 2247/1108/655 2262/1131/655 2263/1133/655
f 2241/1110/561 2240/1107/561 2255/1132/561 2256/1134/561
f 2234/1112/656 1791/1135/656 2249/1136/656
f 1798/1137/657 2248/1109/657 2263/1133/657
f 2242/1114/564 2241/1110/564 2256/1134/564 2257/1138/564
f 2235/1115/565 2234/1112/565 2249/1136/565 2250/1139/565
f 2243/1116/566 2242/1114/566 2257/1138/566 2258/1123/566
f 2236/1117/658 2235/1115/658 2250/1139/658 2251/1125/658
f 2263/1133/568 2262/1131/568 2271/592/568 2272/591/568
f 2256/1134/569 2255/1132/569 1794/587/569 1795/595/569
f 2249/1136/739 1791/1140/739 2264/597/739
f 1798/1141/740 2263/1133/740 2272/591/740
f 2257/1138/572 2256/1134/572 1795/595/572 1796/601/572
f 2250/1139/660 2249/1136/660 2264/597/660 2265/603/660
f 2258/1123/574 2257/1138/574 1796/601/574 2268/605/574
f 2251/1125/575 2250/1139/575 2265/603/575 1792/607/575
f 2259/1124/576 2258/1123/576 2268/605/576 1797/609/576
f 2252/1126/577 2251/1125/577 1792/607/577 2266/611/577
f 2260/1127/708 2259/1124/708 1797/609/708 2269/613/708
f 2253/1128/579 2252/1126/579 2266/611/579 1793/615/579
f 2261/1129/580 2260/1127/580 2269/613/580 2270/617/580
f 2254/1130/581 2253/1128/581 1793/615/581 2267/588/581
f 2262/1131/582 2261/1129/582 2270/617/582 2271/592/582
f 2255/1132/583 2254/1130/583 2267/588/583 1794/587/583
