# Blender 5.2.2 LTS
# www.blender.org
mtllib roskis.mtl
o Cube
v 0.994450 1.480106 -0.650018
v 0.650018 1.480106 -0.994450
v 0.649401 -0.510029 -0.649401
v 0.649401 -0.163746 -0.990134
v 0.990134 -0.163746 -0.649401
v 0.650018 1.480106 0.994450
v 0.994450 1.480106 0.650018
v 0.990134 -0.163746 0.649401
v 0.649401 -0.163746 0.990134
v 0.649401 -0.510028 0.649401
v -0.650018 1.480106 -0.994450
v -0.994450 1.480106 -0.650018
v -0.990134 -0.163746 -0.649401
v -0.649401 -0.163746 -0.990134
v -0.649401 -0.510028 -0.649401
v -0.994450 1.480106 0.650018
v -0.650018 1.480106 0.994450
v -0.649401 -0.510029 0.649401
v -0.649401 -0.163746 0.990134
v -0.990134 -0.163746 0.649401
v 0.987697 -0.273998 -0.649150
v 0.981158 -0.357687 -0.648900
v 0.966822 -0.418517 -0.648707
v 0.940991 -0.460191 -0.648630
v 0.899978 -0.486424 -0.648707
v 0.840134 -0.500966 -0.648900
v 0.757822 -0.507581 -0.649150
v 0.649150 -0.507581 -0.757822
v 0.648900 -0.500966 -0.840134
v 0.648707 -0.486424 -0.899978
v 0.648630 -0.460191 -0.940991
v 0.648707 -0.418517 -0.966822
v 0.648900 -0.357687 -0.981158
v 0.649150 -0.273998 -0.987697
v 0.757822 -0.163495 -0.987697
v 0.840134 -0.163245 -0.981158
v 0.899978 -0.163052 -0.966822
v 0.940991 -0.162975 -0.940991
v 0.966822 -0.163052 -0.899978
v 0.981158 -0.163245 -0.840134
v 0.987697 -0.163495 -0.757822
v 0.757822 -0.507580 0.649150
v 0.840134 -0.500966 0.648900
v 0.899978 -0.486424 0.648707
v 0.940991 -0.460191 0.648630
v 0.966822 -0.418517 0.648707
v 0.981158 -0.357687 0.648900
v 0.987697 -0.273998 0.649150
v 0.987697 -0.163495 0.757822
v 0.981158 -0.163245 0.840134
v 0.966822 -0.163052 0.899978
v 0.940991 -0.162975 0.940991
v 0.899978 -0.163052 0.966822
v 0.840134 -0.163245 0.981158
v 0.757822 -0.163495 0.987697
v 0.649151 -0.273998 0.987697
v 0.648900 -0.357687 0.981158
v 0.648707 -0.418517 0.966822
v 0.648630 -0.460191 0.940991
v 0.648707 -0.486424 0.899978
v 0.648900 -0.500966 0.840134
v 0.649150 -0.507581 0.757822
v -0.757822 -0.507580 -0.649150
v -0.840134 -0.500966 -0.648900
v -0.899978 -0.486424 -0.648707
v -0.940991 -0.460191 -0.648630
v -0.966822 -0.418517 -0.648707
v -0.981158 -0.357687 -0.648900
v -0.987697 -0.273998 -0.649150
v -0.987697 -0.163495 -0.757822
v -0.981158 -0.163245 -0.840134
v -0.966822 -0.163052 -0.899978
v -0.940991 -0.162975 -0.940991
v -0.899978 -0.163052 -0.966822
v -0.840134 -0.163245 -0.981158
v -0.757822 -0.163495 -0.987697
v -0.649151 -0.273998 -0.987697
v -0.648900 -0.357687 -0.981158
v -0.648707 -0.418517 -0.966822
v -0.648630 -0.460191 -0.940991
v -0.648707 -0.486424 -0.899978
v -0.648900 -0.500966 -0.840134
v -0.649150 -0.507581 -0.757822
v -0.987697 -0.273998 0.649151
v -0.981158 -0.357687 0.648900
v -0.966822 -0.418517 0.648707
v -0.940991 -0.460191 0.648630
v -0.899978 -0.486424 0.648707
v -0.840134 -0.500966 0.648900
v -0.757822 -0.507581 0.649150
v -0.649150 -0.507581 0.757822
v -0.648900 -0.500966 0.840134
v -0.648707 -0.486424 0.899978
v -0.648630 -0.460191 0.940991
v -0.648707 -0.418517 0.966822
v -0.648900 -0.357687 0.981158
v -0.649150 -0.273998 0.987697
v -0.757822 -0.163495 0.987697
v -0.840134 -0.163245 0.981158
v -0.899978 -0.163052 0.966822
v -0.940991 -0.162975 0.940991
v -0.966822 -0.163052 0.899978
v -0.981158 -0.163245 0.840134
v -0.987697 -0.163495 0.757822
v -0.649603 -0.511445 -0.513079
v -0.649748 -0.512457 -0.354447
v -0.649835 -0.513063 -0.180942
v -0.649863 -0.513266 -0.000000
v -0.649835 -0.513063 0.180942
v -0.649748 -0.512456 0.354447
v -0.649603 -0.511445 0.513079
v -0.991550 -0.163948 0.513079
v -0.992562 -0.164093 0.354447
v -0.993169 -0.164179 0.180942
v -0.993371 -0.164208 -0.000000
v -0.993169 -0.164179 -0.180942
v -0.992562 -0.164093 -0.354447
v -0.991550 -0.163948 -0.513079
v 0.513079 -0.511445 -0.649603
v 0.354447 -0.512457 -0.649748
v 0.180942 -0.513063 -0.649835
v 0.000000 -0.513266 -0.649863
v -0.180942 -0.513063 -0.649835
v -0.354447 -0.512456 -0.649748
v -0.513079 -0.511445 -0.649603
v -0.513079 -0.163948 -0.991550
v -0.354447 -0.164093 -0.992562
v -0.180942 -0.164179 -0.993169
v 0.000000 -0.164208 -0.993371
v 0.180942 -0.164179 -0.993169
v 0.354447 -0.164093 -0.992562
v 0.513079 -0.163948 -0.991550
v 0.758700 1.480106 -0.991501
v 0.841339 1.480106 -0.984386
v 0.901581 1.480106 -0.969458
v 0.943072 1.480106 -0.943072
v 0.969458 1.480106 -0.901581
v 0.984386 1.480106 -0.841339
v 0.991501 1.480106 -0.758700
v 0.994442 1.234898 -0.650016
v 0.994383 0.993475 -0.650008
v 0.994223 0.759618 -0.649985
v 0.993911 0.537111 -0.649941
v 0.993397 0.329738 -0.649867
v 0.992629 0.141282 -0.649758
v 0.991559 -0.024474 -0.649604
v 0.649604 -0.024474 -0.991559
v 0.649758 0.141282 -0.992629
v 0.649867 0.329738 -0.993397
v 0.649941 0.537111 -0.993911
v 0.649985 0.759618 -0.994223
v 0.650008 0.993475 -0.994383
v 0.650016 1.234898 -0.994442
v -0.649605 -0.024474 0.991559
v -0.649757 0.141282 0.992629
v -0.649867 0.329738 0.993397
v -0.649941 0.537111 0.993911
v -0.649985 0.759618 0.994223
v -0.650008 0.993475 0.994383
v -0.650016 1.234898 0.994442
v -0.758700 1.480105 0.991501
v -0.841339 1.480106 0.984386
v -0.901580 1.480105 0.969458
v -0.943072 1.480106 0.943072
v -0.969458 1.480106 0.901581
v -0.984386 1.480106 0.841339
v -0.991501 1.480106 0.758700
v -0.994442 1.234898 0.650016
v -0.994383 0.993475 0.650008
v -0.994223 0.759618 0.649985
v -0.993911 0.537111 0.649941
v -0.993397 0.329738 0.649867
v -0.992629 0.141282 0.649757
v -0.991559 -0.024474 0.649604
v 0.991501 1.480106 0.758700
v 0.984386 1.480106 0.841339
v 0.969458 1.480106 0.901581
v 0.943072 1.480106 0.943072
v 0.901581 1.480106 0.969458
v 0.841339 1.480106 0.984386
v 0.758700 1.480106 0.991501
v 0.650016 1.234898 0.994442
v 0.650008 0.993475 0.994383
v 0.649985 0.759618 0.994223
v 0.649941 0.537111 0.993911
v 0.649867 0.329738 0.993397
v 0.649757 0.141282 0.992629
v 0.649605 -0.024474 0.991559
v 0.991559 -0.024474 0.649605
v 0.992629 0.141282 0.649758
v 0.993397 0.329738 0.649867
v 0.993911 0.537111 0.649941
v 0.994223 0.759618 0.649985
v 0.994383 0.993475 0.650008
v 0.994442 1.234898 0.650016
v -0.991501 1.480106 -0.758700
v -0.984386 1.480106 -0.841339
v -0.969458 1.480106 -0.901581
v -0.943072 1.480106 -0.943072
v -0.901581 1.480106 -0.969458
v -0.841339 1.480106 -0.984386
v -0.758700 1.480106 -0.991501
v -0.650016 1.234898 -0.994442
v -0.650008 0.993475 -0.994383
v -0.649985 0.759618 -0.994223
v -0.649941 0.537111 -0.993911
v -0.649867 0.329738 -0.993397
v -0.649757 0.141282 -0.992629
v -0.649605 -0.024474 -0.991559
v -0.991559 -0.024474 -0.649604
v -0.992629 0.141282 -0.649758
v -0.993397 0.329738 -0.649867
v -0.993911 0.537111 -0.649941
v -0.994223 0.759618 -0.649985
v -0.994383 0.993475 -0.650008
v -0.994442 1.234898 -0.650016
v -0.513079 -0.511445 0.649603
v -0.354447 -0.512457 0.649748
v -0.180942 -0.513063 0.649835
v 0.000000 -0.513266 0.649863
v 0.180942 -0.513063 0.649835
v 0.354447 -0.512456 0.649748
v 0.513079 -0.511445 0.649603
v 0.513079 -0.163948 0.991550
v 0.354447 -0.164093 0.992562
v 0.180942 -0.164179 0.993169
v -0.000000 -0.164208 0.993371
v -0.180942 -0.164179 0.993169
v -0.354447 -0.164093 0.992562
v -0.513079 -0.163948 0.991550
v 0.649603 -0.511445 0.513079
v 0.649748 -0.512457 0.354447
v 0.649835 -0.513063 0.180942
v 0.649863 -0.513266 0.000000
v 0.649835 -0.513063 -0.180942
v 0.649748 -0.512456 -0.354447
v 0.649603 -0.511445 -0.513079
v 0.991550 -0.163948 -0.513079
v 0.992562 -0.164093 -0.354447
v 0.993169 -0.164180 -0.180942
v 0.993371 -0.164208 0.000000
v 0.993169 -0.164180 0.180942
v 0.992562 -0.164093 0.354447
v 0.991550 -0.163948 0.513079
v -0.513491 1.480106 -0.996271
v -0.354698 1.480106 -0.997572
v -0.181060 1.480106 -0.998353
v 0.000000 1.480106 -0.998613
v 0.181060 1.480106 -0.998353
v 0.354698 1.480106 -0.997572
v 0.513491 1.480106 -0.996271
v 0.996271 1.480106 -0.513491
v 0.997572 1.480106 -0.354698
v 0.998353 1.480106 -0.181060
v 0.998613 1.480106 0.000000
v 0.998353 1.480106 0.181060
v 0.997572 1.480106 0.354698
v 0.996271 1.480106 0.513491
v 0.513491 1.480106 0.996271
v 0.354698 1.480106 0.997572
v 0.181060 1.480106 0.998353
v 0.000000 1.480106 0.998613
v -0.181060 1.480105 0.998352
v -0.354698 1.480106 0.997572
v -0.513491 1.480105 0.996271
v -0.996271 1.480106 0.513491
v -0.997572 1.480106 0.354698
v -0.998353 1.480106 0.181060
v -0.998613 1.480106 0.000000
v -0.998353 1.480106 -0.181060
v -0.997572 1.480106 -0.354698
v -0.996271 1.480106 -0.513491
v 0.917382 -0.436236 -0.917382
v 0.757455 -0.505348 -0.757455
v 0.757025 -0.498997 -0.839561
v 0.756593 -0.484765 -0.899072
v 0.756389 -0.458891 -0.939698
v 0.839561 -0.498997 -0.757025
v 0.838486 -0.493083 -0.838486
v 0.836854 -0.479582 -0.896637
v 0.835949 -0.454863 -0.935722
v 0.899072 -0.484765 -0.756593
v 0.896637 -0.479582 -0.836853
v 0.892155 -0.467752 -0.892155
v 0.889183 -0.446346 -0.927333
v 0.757455 -0.273631 -0.985476
v 0.839561 -0.273200 -0.979200
v 0.899072 -0.272766 -0.965173
v 0.939698 -0.272560 -0.939698
v 0.757025 -0.357113 -0.979200
v 0.838486 -0.356028 -0.973359
v 0.896637 -0.354374 -0.960056
v 0.935722 -0.353458 -0.935722
v 0.756593 -0.417607 -0.965173
v 0.836853 -0.415142 -0.960056
v 0.892155 -0.410594 -0.948403
v 0.927333 -0.407576 -0.927333
v 0.985475 -0.273631 -0.757455
v 0.979200 -0.357113 -0.757025
v 0.965173 -0.417607 -0.756593
v 0.939698 -0.458891 -0.756389
v 0.979200 -0.273200 -0.839561
v 0.973359 -0.356028 -0.838486
v 0.960056 -0.415142 -0.836854
v 0.935722 -0.454863 -0.835949
v 0.965173 -0.272766 -0.899072
v 0.960056 -0.354374 -0.896637
v 0.948403 -0.410594 -0.892155
v 0.927333 -0.446346 -0.889183
v 0.917382 -0.436236 0.917382
v 0.985476 -0.273631 0.757455
v 0.979200 -0.273200 0.839561
v 0.965173 -0.272766 0.899072
v 0.939698 -0.272560 0.939698
v 0.979200 -0.357113 0.757025
v 0.973359 -0.356028 0.838486
v 0.960056 -0.354374 0.896637
v 0.935722 -0.353458 0.935722
v 0.965173 -0.417607 0.756593
v 0.960056 -0.415142 0.836853
v 0.948403 -0.410594 0.892155
v 0.927333 -0.407576 0.927333
v 0.757455 -0.273631 0.985476
v 0.757025 -0.357113 0.979200
v 0.756593 -0.417607 0.965173
v 0.756389 -0.458891 0.939698
v 0.839561 -0.273200 0.979200
v 0.838486 -0.356028 0.973359
v 0.836853 -0.415143 0.960056
v 0.835949 -0.454863 0.935722
v 0.899072 -0.272766 0.965173
v 0.896637 -0.354374 0.960056
v 0.892155 -0.410594 0.948403
v 0.889183 -0.446346 0.927333
v 0.757455 -0.505348 0.757455
v 0.839561 -0.498997 0.757025
v 0.899072 -0.484765 0.756593
v 0.939698 -0.458891 0.756389
v 0.757025 -0.498997 0.839561
v 0.838486 -0.493083 0.838486
v 0.896637 -0.479582 0.836854
v 0.935722 -0.454863 0.835949
v 0.756593 -0.484765 0.899072
v 0.836853 -0.479582 0.896637
v 0.892155 -0.467752 0.892155
v 0.927333 -0.446346 0.889183
v -0.917382 -0.436236 -0.917382
v -0.985476 -0.273631 -0.757455
v -0.979200 -0.273200 -0.839561
v -0.965173 -0.272766 -0.899072
v -0.939698 -0.272560 -0.939698
v -0.979200 -0.357113 -0.757025
v -0.973359 -0.356028 -0.838486
v -0.960056 -0.354374 -0.896637
v -0.935722 -0.353458 -0.935722
v -0.965173 -0.417607 -0.756593
v -0.960056 -0.415142 -0.836853
v -0.948403 -0.410594 -0.892155
v -0.927333 -0.407576 -0.927333
v -0.757455 -0.273631 -0.985476
v -0.757025 -0.357113 -0.979200
v -0.756593 -0.417607 -0.965173
v -0.756389 -0.458891 -0.939698
v -0.839561 -0.273200 -0.979200
v -0.838486 -0.356028 -0.973359
v -0.836853 -0.415143 -0.960056
v -0.835949 -0.454863 -0.935722
v -0.899072 -0.272766 -0.965173
v -0.896637 -0.354374 -0.960056
v -0.892155 -0.410594 -0.948403
v -0.889183 -0.446346 -0.927333
v -0.757455 -0.505348 -0.757455
v -0.839561 -0.498997 -0.757025
v -0.899072 -0.484765 -0.756593
v -0.939698 -0.458891 -0.756389
v -0.757025 -0.498997 -0.839561
v -0.838486 -0.493083 -0.838486
v -0.896637 -0.479582 -0.836854
v -0.935722 -0.454863 -0.835949
v -0.756593 -0.484765 -0.899072
v -0.836853 -0.479582 -0.896637
v -0.892155 -0.467752 -0.892155
v -0.927333 -0.446346 -0.889183
v -0.917382 -0.436236 0.917382
v -0.757455 -0.505348 0.757455
v -0.757025 -0.498997 0.839561
v -0.756593 -0.484765 0.899072
v -0.756389 -0.458891 0.939698
v -0.839561 -0.498997 0.757025
v -0.838486 -0.493083 0.838486
v -0.836854 -0.479582 0.896637
v -0.835949 -0.454863 0.935722
v -0.899072 -0.484765 0.756593
v -0.896637 -0.479582 0.836853
v -0.892155 -0.467752 0.892155
v -0.889183 -0.446346 0.927333
v -0.757455 -0.273631 0.985476
v -0.839561 -0.273200 0.979200
v -0.899072 -0.272766 0.965173
v -0.939698 -0.272560 0.939698
v -0.757025 -0.357113 0.979200
v -0.838486 -0.356028 0.973359
v -0.896637 -0.354374 0.960056
v -0.935722 -0.353458 0.935722
v -0.756593 -0.417607 0.965173
v -0.836853 -0.415142 0.960056
v -0.892155 -0.410594 0.948403
v -0.927333 -0.407576 0.927333
v -0.985475 -0.273631 0.757455
v -0.979200 -0.357113 0.757025
v -0.965173 -0.417607 0.756593
v -0.939698 -0.458891 0.756389
v -0.979200 -0.273200 0.839561
v -0.973359 -0.356028 0.838486
v -0.960056 -0.415142 0.836854
v -0.935722 -0.454863 0.835949
v -0.965173 -0.272766 0.899072
v -0.960056 -0.354374 0.896637
v -0.948403 -0.410594 0.892155
v -0.927333 -0.446346 0.889183
v -0.758110 -0.508829 -0.512912
v -0.758315 -0.509721 -0.354346
v -0.758439 -0.510256 -0.180894
v -0.758480 -0.510434 -0.000000
v -0.758439 -0.510256 0.180894
v -0.758315 -0.509721 0.354346
v -0.758110 -0.508829 0.512912
v -0.840529 -0.502025 -0.512745
v -0.840812 -0.502782 -0.354244
v -0.840981 -0.503236 -0.180846
v -0.841038 -0.503387 -0.000000
v -0.840981 -0.503236 0.180846
v -0.840812 -0.502782 0.354244
v -0.840529 -0.502025 0.512745
v -0.900504 -0.487289 -0.512616
v -0.900879 -0.487907 -0.354166
v -0.901105 -0.488277 -0.180809
v -0.901180 -0.488401 -0.000000
v -0.901105 -0.488277 0.180809
v -0.900879 -0.487907 0.354166
v -0.900503 -0.487289 0.512616
v -0.941674 -0.460874 -0.512565
v -0.942161 -0.461362 -0.354134
v -0.942454 -0.461655 -0.180795
v -0.942551 -0.461752 -0.000000
v -0.942454 -0.461655 0.180795
v -0.942161 -0.461362 0.354134
v -0.941674 -0.460874 0.512565
v -0.967687 -0.419043 -0.512616
v -0.968305 -0.419419 -0.354166
v -0.968676 -0.419644 -0.180809
v -0.968799 -0.419720 -0.000000
v -0.968676 -0.419644 0.180809
v -0.968305 -0.419419 0.354166
v -0.967687 -0.419043 0.512616
v -0.982217 -0.358083 -0.512745
v -0.982974 -0.358365 -0.354244
v -0.983428 -0.358534 -0.180846
v -0.983579 -0.358591 -0.000000
v -0.983428 -0.358534 0.180846
v -0.982974 -0.358365 0.354244
v -0.982217 -0.358083 0.512745
v -0.988945 -0.274286 -0.512912
v -0.989837 -0.274492 -0.354346
v -0.990372 -0.274616 -0.180894
v -0.990550 -0.274657 -0.000000
v -0.990372 -0.274616 0.180894
v -0.989837 -0.274492 0.354346
v -0.988945 -0.274286 0.512912
v 0.512912 -0.508829 -0.758110
v 0.354346 -0.509721 -0.758315
v 0.180894 -0.510256 -0.758439
v 0.000000 -0.510434 -0.758480
v -0.180894 -0.510256 -0.758439
v -0.354346 -0.509721 -0.758315
v -0.512912 -0.508829 -0.758110
v 0.512745 -0.502025 -0.840529
v 0.354244 -0.502782 -0.840812
v 0.180846 -0.503236 -0.840981
v 0.000000 -0.503387 -0.841038
v -0.180846 -0.503236 -0.840981
v -0.354244 -0.502782 -0.840812
v -0.512745 -0.502025 -0.840529
v 0.512616 -0.487289 -0.900504
v 0.354166 -0.487907 -0.900879
v 0.180809 -0.488277 -0.901105
v 0.000000 -0.488401 -0.901180
v -0.180809 -0.488277 -0.901105
v -0.354166 -0.487907 -0.900879
v -0.512616 -0.487289 -0.900503
v 0.512565 -0.460874 -0.941674
v 0.354134 -0.461362 -0.942161
v 0.180795 -0.461655 -0.942454
v 0.000000 -0.461752 -0.942551
v -0.180795 -0.461655 -0.942454
v -0.354134 -0.461362 -0.942161
v -0.512565 -0.460874 -0.941674
v 0.512616 -0.419043 -0.967687
v 0.354166 -0.419419 -0.968305
v 0.180809 -0.419644 -0.968676
v 0.000000 -0.419720 -0.968799
v -0.180809 -0.419644 -0.968676
v -0.354166 -0.419419 -0.968305
v -0.512616 -0.419043 -0.967687
v 0.512745 -0.358083 -0.982217
v 0.354244 -0.358365 -0.982974
v 0.180846 -0.358534 -0.983428
v 0.000000 -0.358591 -0.983579
v -0.180846 -0.358534 -0.983428
v -0.354244 -0.358365 -0.982974
v -0.512745 -0.358083 -0.982217
v 0.512912 -0.274286 -0.988945
v 0.354346 -0.274492 -0.989837
v 0.180894 -0.274616 -0.990372
v 0.000000 -0.274657 -0.990550
v -0.180894 -0.274616 -0.990372
v -0.354346 -0.274492 -0.989837
v -0.512912 -0.274286 -0.988945
v 0.991494 1.234899 -0.758698
v 0.991442 0.993479 -0.758686
v 0.991301 0.759631 -0.758653
v 0.991026 0.537142 -0.758590
v 0.990573 0.329799 -0.758485
v 0.989896 0.141387 -0.758329
v 0.988953 -0.024306 -0.758111
v 0.984380 1.234899 -0.841336
v 0.984336 0.993482 -0.841320
v 0.984216 0.759644 -0.841275
v 0.983983 0.537174 -0.841188
v 0.983598 0.329860 -0.841045
v 0.983024 0.141493 -0.840830
v 0.982224 -0.024138 -0.840532
v 0.969453 1.234900 -0.901577
v 0.969417 0.993485 -0.901556
v 0.969319 0.759654 -0.901496
v 0.969129 0.537198 -0.901380
v 0.968815 0.329907 -0.901189
v 0.968346 0.141574 -0.900904
v 0.967692 -0.024009 -0.900507
v 0.943068 1.234900 -0.943068
v 0.943039 0.993487 -0.943039
v 0.942962 0.759658 -0.942962
v 0.942812 0.537207 -0.942812
v 0.942564 0.329926 -0.942564
v 0.942194 0.141607 -0.942194
v 0.941678 -0.023958 -0.941678
v 0.901577 1.234900 -0.969453
v 0.901556 0.993485 -0.969417
v 0.901496 0.759654 -0.969319
v 0.901380 0.537198 -0.969129
v 0.901189 0.329907 -0.968815
v 0.900904 0.141574 -0.968346
v 0.900507 -0.024009 -0.967692
v 0.841336 1.234899 -0.984380
v 0.841320 0.993482 -0.984336
v 0.841275 0.759644 -0.984216
v 0.841188 0.537174 -0.983983
v 0.841045 0.329860 -0.983598
v 0.840831 0.141493 -0.983024
v 0.840532 -0.024138 -0.982224
v 0.758698 1.234899 -0.991494
v 0.758686 0.993478 -0.991442
v 0.758653 0.759631 -0.991301
v 0.758590 0.537142 -0.991026
v 0.758485 0.329799 -0.990573
v 0.758329 0.141387 -0.989896
v 0.758111 -0.024306 -0.988953
v -0.758111 -0.024306 0.988953
v -0.758329 0.141387 0.989896
v -0.758485 0.329799 0.990573
v -0.758590 0.537142 0.991026
v -0.758653 0.759631 0.991301
v -0.758686 0.993478 0.991442
v -0.758698 1.234899 0.991494
v -0.840532 -0.024138 0.982224
v -0.840830 0.141493 0.983024
v -0.841044 0.329860 0.983598
v -0.841188 0.537174 0.983983
v -0.841275 0.759644 0.984216
v -0.841320 0.993482 0.984336
v -0.841336 1.234899 0.984380
v -0.900507 -0.024009 0.967692
v -0.900904 0.141574 0.968346
v -0.901189 0.329907 0.968814
v -0.901380 0.537198 0.969129
v -0.901496 0.759654 0.969319
v -0.901556 0.993485 0.969417
v -0.901577 1.234900 0.969453
v -0.941678 -0.023958 0.941678
v -0.942194 0.141607 0.942194
v -0.942564 0.329926 0.942564
v -0.942812 0.537207 0.942812
v -0.942962 0.759658 0.942962
v -0.943039 0.993487 0.943039
v -0.943068 1.234900 0.943068
v -0.967692 -0.024009 0.900507
v -0.968346 0.141574 0.900904
v -0.968815 0.329907 0.901189
v -0.969129 0.537198 0.901380
v -0.969319 0.759654 0.901496
v -0.969417 0.993485 0.901556
v -0.969453 1.234900 0.901577
v -0.982224 -0.024138 0.840532
v -0.983024 0.141493 0.840831
v -0.983598 0.329860 0.841045
v -0.983983 0.537174 0.841188
v -0.984216 0.759644 0.841275
v -0.984336 0.993482 0.841320
v -0.984380 1.234899 0.841336
v -0.988953 -0.024306 0.758111
v -0.989896 0.141387 0.758329
v -0.990573 0.329799 0.758485
v -0.991026 0.537142 0.758590
v -0.991301 0.759631 0.758653
v -0.991442 0.993478 0.758686
v -0.991494 1.234899 0.758698
v 0.758698 1.234899 0.991494
v 0.758686 0.993479 0.991442
v 0.758653 0.759631 0.991301
v 0.758590 0.537142 0.991026
v 0.758485 0.329799 0.990573
v 0.758329 0.141387 0.989896
v 0.758112 -0.024306 0.988953
v 0.841336 1.234899 0.984380
v 0.841320 0.993482 0.984336
v 0.841275 0.759644 0.984216
v 0.841188 0.537174 0.983983
v 0.841045 0.329860 0.983598
v 0.840830 0.141493 0.983024
v 0.840532 -0.024138 0.982224
v 0.901577 1.234900 0.969453
v 0.901556 0.993485 0.969417
v 0.901496 0.759654 0.969319
v 0.901380 0.537198 0.969129
v 0.901189 0.329907 0.968814
v 0.900904 0.141574 0.968346
v 0.900507 -0.024009 0.967692
v 0.943068 1.234900 0.943068
v 0.943039 0.993487 0.943039
v 0.942962 0.759658 0.942962
v 0.942812 0.537207 0.942812
v 0.942564 0.329926 0.942564
v 0.942194 0.141607 0.942194
v 0.941678 -0.023958 0.941678
v 0.969453 1.234900 0.901577
v 0.969417 0.993485 0.901556
v 0.969319 0.759654 0.901496
v 0.969129 0.537198 0.901380
v 0.968815 0.329907 0.901189
v 0.968346 0.141574 0.900904
v 0.967692 -0.024009 0.900507
v 0.984380 1.234899 0.841336
v 0.984336 0.993482 0.841320
v 0.984216 0.759644 0.841275
v 0.983983 0.537174 0.841188
v 0.983598 0.329860 0.841045
v 0.983024 0.141493 0.840830
v 0.982224 -0.024138 0.840532
v 0.991494 1.234899 0.758698
v 0.991442 0.993478 0.758686
v 0.991301 0.759631 0.758653
v 0.991026 0.537142 0.758590
v 0.990573 0.329799 0.758485
v 0.989896 0.141387 0.758329
v 0.988953 -0.024306 0.758111
v -0.758698 1.234899 -0.991494
v -0.758686 0.993479 -0.991442
v -0.758653 0.759631 -0.991301
v -0.758590 0.537142 -0.991026
v -0.758485 0.329799 -0.990573
v -0.758329 0.141387 -0.989896
v -0.758112 -0.024306 -0.988953
v -0.841336 1.234899 -0.984380
v -0.841320 0.993482 -0.984336
v -0.841275 0.759644 -0.984216
v -0.841188 0.537174 -0.983983
v -0.841045 0.329860 -0.983598
v -0.840830 0.141493 -0.983024
v -0.840532 -0.024138 -0.982224
v -0.901577 1.234900 -0.969453
v -0.901556 0.993485 -0.969417
v -0.901496 0.759654 -0.969319
v -0.901380 0.537198 -0.969129
v -0.901189 0.329907 -0.968814
v -0.900904 0.141574 -0.968346
v -0.900507 -0.024009 -0.967692
v -0.943068 1.234900 -0.943068
v -0.943039 0.993487 -0.943039
v -0.942962 0.759658 -0.942962
v -0.942812 0.537207 -0.942812
v -0.942564 0.329926 -0.942564
v -0.942194 0.141607 -0.942194
v -0.941678 -0.023958 -0.941678
v -0.969453 1.234900 -0.901577
v -0.969417 0.993485 -0.901556
v -0.969319 0.759654 -0.901496
v -0.969129 0.537198 -0.901380
v -0.968815 0.329907 -0.901189
v -0.968346 0.141574 -0.900904
v -0.967692 -0.024009 -0.900507
v -0.984380 1.234899 -0.841336
v -0.984336 0.993482 -0.841320
v -0.984216 0.759644 -0.841275
v -0.983983 0.537174 -0.841188
v -0.983598 0.329860 -0.841045
v -0.983024 0.141493 -0.840831
v -0.982224 -0.024138 -0.840532
v -0.991494 1.234899 -0.758698
v -0.991442 0.993478 -0.758686
v -0.991301 0.759631 -0.758653
v -0.991026 0.537142 -0.758590
v -0.990573 0.329799 -0.758485
v -0.989896 0.141387 -0.758329
v -0.988953 -0.024306 -0.758111
v -0.512912 -0.508829 0.758110
v -0.354346 -0.509721 0.758315
v -0.180894 -0.510256 0.758439
v 0.000000 -0.510434 0.758480
v 0.180894 -0.510256 0.758439
v 0.354346 -0.509721 0.758315
v 0.512912 -0.508829 0.758110
v -0.512745 -0.502025 0.840529
v -0.354244 -0.502782 0.840812
v -0.180846 -0.503236 0.840981
v 0.000000 -0.503387 0.841038
v 0.180846 -0.503236 0.840981
v 0.354244 -0.502782 0.840812
v 0.512745 -0.502025 0.840529
v -0.512616 -0.487289 0.900504
v -0.354166 -0.487907 0.900879
v -0.180809 -0.488277 0.901105
v -0.000000 -0.488401 0.901180
v 0.180809 -0.488277 0.901105
v 0.354166 -0.487907 0.900879
v 0.512616 -0.487289 0.900503
v -0.512565 -0.460874 0.941674
v -0.354134 -0.461362 0.942161
v -0.180795 -0.461655 0.942454
v -0.000000 -0.461752 0.942551
v 0.180795 -0.461655 0.942454
v 0.354134 -0.461362 0.942161
v 0.512565 -0.460874 0.941674
v -0.512616 -0.419043 0.967687
v -0.354166 -0.419419 0.968305
v -0.180809 -0.419644 0.968676
v -0.000000 -0.419720 0.968799
v 0.180809 -0.419644 0.968676
v 0.354166 -0.419419 0.968305
v 0.512616 -0.419043 0.967687
v -0.512745 -0.358083 0.982217
v -0.354244 -0.358365 0.982974
v -0.180846 -0.358534 0.983428
v -0.000000 -0.358591 0.983579
v 0.180846 -0.358534 0.983428
v 0.354244 -0.358365 0.982974
v 0.512745 -0.358083 0.982217
v -0.512912 -0.274286 0.988945
v -0.354346 -0.274492 0.989837
v -0.180894 -0.274616 0.990372
v -0.000000 -0.274657 0.990550
v 0.180894 -0.274616 0.990372
v 0.354346 -0.274492 0.989837
v 0.512912 -0.274286 0.988945
v 0.758110 -0.508829 0.512912
v 0.758315 -0.509721 0.354346
v 0.758439 -0.510256 0.180894
v 0.758480 -0.510434 0.000000
v 0.758439 -0.510256 -0.180894
v 0.758316 -0.509721 -0.354346
v 0.758110 -0.508829 -0.512912
v 0.840529 -0.502025 0.512745
v 0.840812 -0.502782 0.354244
v 0.840981 -0.503236 0.180846
v 0.841038 -0.503387 0.000000
v 0.840981 -0.503236 -0.180846
v 0.840812 -0.502782 -0.354244
v 0.840529 -0.502025 -0.512745
v 0.900504 -0.487289 0.512616
v 0.900879 -0.487907 0.354166
v 0.901105 -0.488277 0.180809
v 0.901180 -0.488401 0.000000
v 0.901105 -0.488277 -0.180809
v 0.900879 -0.487907 -0.354166
v 0.900504 -0.487289 -0.512616
v 0.941673 -0.460874 0.512564
v 0.942161 -0.461362 0.354134
v 0.942454 -0.461655 0.180795
v 0.942551 -0.461752 0.000000
v 0.942454 -0.461655 -0.180795
v 0.942161 -0.461362 -0.354134
v 0.941673 -0.460874 -0.512564
v 0.967687 -0.419043 0.512616
v 0.968305 -0.419419 0.354166
v 0.968676 -0.419644 0.180809
v 0.968799 -0.419719 0.000000
v 0.968675 -0.419644 -0.180809
v 0.968305 -0.419419 -0.354166
v 0.967687 -0.419043 -0.512616
v 0.982217 -0.358083 0.512745
v 0.982974 -0.358365 0.354244
v 0.983428 -0.358534 0.180846
v 0.983579 -0.358591 0.000000
v 0.983428 -0.358534 -0.180846
v 0.982974 -0.358365 -0.354244
v 0.982217 -0.358083 -0.512745
v 0.988945 -0.274286 0.512912
v 0.989837 -0.274492 0.354346
v 0.990372 -0.274616 0.180894
v 0.990550 -0.274657 0.000000
v 0.990372 -0.274616 -0.180894
v 0.989837 -0.274492 -0.354346
v 0.988945 -0.274286 -0.512912
v -0.513215 -0.024610 -0.993109
v -0.513317 0.141196 -0.994280
v -0.513391 0.329688 -0.995119
v -0.513440 0.537086 -0.995681
v -0.513470 0.759607 -0.996022
v -0.513485 0.993471 -0.996198
v -0.513490 1.234898 -0.996262
v -0.354530 -0.024706 -0.994216
v -0.354592 0.141135 -0.995458
v -0.354637 0.329653 -0.996349
v -0.354667 0.537068 -0.996946
v -0.354685 0.759599 -0.997308
v -0.354694 0.993469 -0.997494
v -0.354697 1.234898 -0.997562
v -0.180981 -0.024764 -0.994880
v -0.181010 0.141099 -0.996166
v -0.181031 0.329632 -0.997087
v -0.181045 0.537057 -0.997705
v -0.181054 0.759595 -0.998079
v -0.181058 0.993468 -0.998272
v -0.181060 1.234897 -0.998342
v 0.000000 -0.024784 -0.995101
v 0.000000 0.141087 -0.996401
v -0.000000 0.329625 -0.997333
v 0.000000 0.537053 -0.997957
v 0.000000 0.759593 -0.998336
v -0.000000 0.993467 -0.998531
v -0.000000 1.234897 -0.998602
v 0.180981 -0.024764 -0.994880
v 0.181010 0.141099 -0.996166
v 0.181031 0.329632 -0.997087
v 0.181045 0.537057 -0.997705
v 0.181054 0.759595 -0.998079
v 0.181058 0.993468 -0.998272
v 0.181060 1.234897 -0.998342
v 0.354530 -0.024706 -0.994216
v 0.354592 0.141135 -0.995458
v 0.354637 0.329653 -0.996349
v 0.354667 0.537068 -0.996946
v 0.354685 0.759599 -0.997308
v 0.354694 0.993469 -0.997494
v 0.354697 1.234898 -0.997562
v 0.513215 -0.024610 -0.993109
v 0.513317 0.141196 -0.994280
v 0.513391 0.329688 -0.995119
v 0.513440 0.537086 -0.995681
v 0.513470 0.759607 -0.996022
v 0.513485 0.993471 -0.996198
v 0.513490 1.234898 -0.996262
v 0.993109 -0.024610 -0.513215
v 0.994280 0.141196 -0.513317
v 0.995119 0.329688 -0.513391
v 0.995681 0.537086 -0.513440
v 0.996022 0.759607 -0.513470
v 0.996198 0.993471 -0.513485
v 0.996262 1.234898 -0.513490
v 0.994216 -0.024706 -0.354530
v 0.995458 0.141135 -0.354592
v 0.996349 0.329653 -0.354637
v 0.996946 0.537068 -0.354667
v 0.997308 0.759599 -0.354685
v 0.997494 0.993469 -0.354694
v 0.997562 1.234898 -0.354697
v 0.994880 -0.024764 -0.180981
v 0.996166 0.141099 -0.181010
v 0.997087 0.329632 -0.181031
v 0.997705 0.537057 -0.181045
v 0.998079 0.759595 -0.181054
v 0.998272 0.993468 -0.181058
v 0.998342 1.234897 -0.181060
v 0.995101 -0.024784 0.000000
v 0.996401 0.141087 0.000000
v 0.997333 0.329625 0.000000
v 0.997957 0.537053 -0.000000
v 0.998336 0.759593 -0.000000
v 0.998531 0.993467 -0.000000
v 0.998602 1.234897 -0.000000
v 0.994880 -0.024764 0.180981
v 0.996166 0.141099 0.181010
v 0.997087 0.329632 0.181031
v 0.997705 0.537057 0.181045
v 0.998079 0.759595 0.181054
v 0.998272 0.993468 0.181058
v 0.998342 1.234897 0.181060
v 0.994216 -0.024706 0.354530
v 0.995458 0.141135 0.354592
v 0.996349 0.329653 0.354637
v 0.996946 0.537068 0.354667
v 0.997308 0.759599 0.354685
v 0.997494 0.993469 0.354694
v 0.997562 1.234898 0.354697
v 0.993109 -0.024609 0.513215
v 0.994280 0.141196 0.513317
v 0.995119 0.329688 0.513391
v 0.995681 0.537086 0.513440
v 0.996022 0.759607 0.513470
v 0.996198 0.993471 0.513485
v 0.996262 1.234898 0.513490
v -0.513215 -0.512994 -0.513214
v -0.354530 -0.514100 -0.513311
v -0.180981 -0.514764 -0.513369
v 0.000000 -0.514986 -0.513388
v 0.180981 -0.514764 -0.513369
v 0.354530 -0.514100 -0.513311
v 0.513214 -0.512994 -0.513214
v -0.513311 -0.514100 -0.354530
v -0.354588 -0.515275 -0.354588
v -0.181008 -0.515979 -0.354624
v 0.000000 -0.516214 -0.354635
v 0.181009 -0.515979 -0.354624
v 0.354588 -0.515275 -0.354588
v 0.513311 -0.514100 -0.354530
v -0.513369 -0.514764 -0.180981
v -0.354624 -0.515979 -0.181008
v -0.181025 -0.516708 -0.181025
v 0.000000 -0.516951 -0.181031
v 0.181025 -0.516708 -0.181025
v 0.354624 -0.515979 -0.181008
v 0.513369 -0.514764 -0.180981
v -0.513388 -0.514986 -0.000000
v -0.354635 -0.516214 -0.000000
v -0.181031 -0.516951 -0.000000
v 0.000000 -0.517197 0.000000
v 0.181031 -0.516951 0.000000
v 0.354635 -0.516214 0.000000
v 0.513388 -0.514986 0.000000
v -0.513369 -0.514764 0.180981
v -0.354624 -0.515979 0.181008
v -0.181025 -0.516708 0.181025
v 0.000000 -0.516951 0.181031
v 0.181025 -0.516708 0.181025
v 0.354624 -0.515979 0.181008
v 0.513369 -0.514764 0.180981
v -0.513311 -0.514100 0.354530
v -0.354588 -0.515275 0.354588
v -0.181009 -0.515979 0.354624
v 0.000000 -0.516214 0.354635
v 0.181009 -0.515979 0.354624
v 0.354588 -0.515275 0.354588
v 0.513311 -0.514100 0.354530
v -0.513214 -0.512994 0.513214
v -0.354530 -0.514100 0.513311
v -0.180981 -0.514764 0.513369
v 0.000000 -0.514986 0.513388
v 0.180981 -0.514764 0.513369
v 0.354530 -0.514100 0.513311
v 0.513214 -0.512994 0.513215
v 0.513215 -0.024610 0.993109
v 0.513317 0.141196 0.994280
v 0.513391 0.329688 0.995119
v 0.513440 0.537086 0.995681
v 0.513470 0.759607 0.996022
v 0.513485 0.993471 0.996198
v 0.513490 1.234898 0.996262
v 0.354530 -0.024706 0.994216
v 0.354592 0.141135 0.995458
v 0.354637 0.329653 0.996349
v 0.354667 0.537068 0.996946
v 0.354685 0.759599 0.997308
v 0.354694 0.993469 0.997494
v 0.354697 1.234898 0.997562
v 0.180981 -0.024764 0.994880
v 0.181010 0.141099 0.996166
v 0.181031 0.329632 0.997087
v 0.181045 0.537057 0.997705
v 0.181054 0.759595 0.998079
v 0.181058 0.993468 0.998272
v 0.181060 1.234897 0.998342
v -0.000000 -0.024784 0.995101
v 0.000000 0.141087 0.996401
v 0.000000 0.329625 0.997333
v -0.000000 0.537053 0.997957
v 0.000000 0.759593 0.998336
v 0.000000 0.993467 0.998531
v 0.000000 1.234897 0.998602
v -0.180981 -0.024764 0.994880
v -0.181010 0.141099 0.996166
v -0.181031 0.329632 0.997087
v -0.181045 0.537057 0.997705
v -0.181054 0.759595 0.998079
v -0.181058 0.993468 0.998271
v -0.181060 1.234898 0.998342
v -0.354530 -0.024706 0.994216
v -0.354592 0.141135 0.995458
v -0.354637 0.329653 0.996349
v -0.354667 0.537068 0.996946
v -0.354685 0.759599 0.997308
v -0.354694 0.993469 0.997494
v -0.354697 1.234898 0.997562
v -0.513215 -0.024610 0.993109
v -0.513317 0.141196 0.994280
v -0.513391 0.329688 0.995119
v -0.513440 0.537086 0.995681
v -0.513470 0.759607 0.996022
v -0.513485 0.993471 0.996198
v -0.513490 1.234898 0.996262
v -0.993109 -0.024610 0.513215
v -0.994280 0.141196 0.513317
v -0.995119 0.329688 0.513391
v -0.995681 0.537086 0.513440
v -0.996022 0.759607 0.513470
v -0.996198 0.993471 0.513485
v -0.996262 1.234898 0.513490
v -0.994216 -0.024706 0.354530
v -0.995458 0.141135 0.354592
v -0.996349 0.329653 0.354637
v -0.996946 0.537068 0.354667
v -0.997308 0.759599 0.354685
v -0.997494 0.993469 0.354694
v -0.997562 1.234898 0.354697
v -0.994880 -0.024764 0.180981
v -0.996166 0.141099 0.181010
v -0.997087 0.329632 0.181031
v -0.997705 0.537057 0.181045
v -0.998079 0.759595 0.181054
v -0.998272 0.993468 0.181058
v -0.998342 1.234897 0.181060
v -0.995101 -0.024784 -0.000000
v -0.996401 0.141087 0.000000
v -0.997333 0.329625 0.000000
v -0.997957 0.537053 0.000000
v -0.998336 0.759593 0.000000
v -0.998531 0.993467 0.000000
v -0.998602 1.234897 0.000000
v -0.994880 -0.024764 -0.180981
v -0.996166 0.141099 -0.181010
v -0.997087 0.329632 -0.181031
v -0.997705 0.537057 -0.181045
v -0.998079 0.759595 -0.181054
v -0.998272 0.993468 -0.181058
v -0.998342 1.234897 -0.181060
v -0.994216 -0.024706 -0.354530
v -0.995458 0.141135 -0.354592
v -0.996349 0.329653 -0.354637
v -0.996946 0.537068 -0.354667
v -0.997308 0.759599 -0.354685
v -0.997494 0.993469 -0.354694
v -0.997562 1.234898 -0.354697
v -0.993109 -0.024610 -0.513215
v -0.994280 0.141196 -0.513317
v -0.995119 0.329688 -0.513391
v -0.995681 0.537086 -0.513440
v -0.996022 0.759607 -0.513470
v -0.996198 0.993471 -0.513485
v -0.996262 1.234898 -0.513490
v -0.964240 1.474255 1.003312
v -0.999816 1.474255 0.967646
v -0.999816 1.915022 0.967646
v -0.964240 1.915022 1.003312
v -0.999816 1.474255 -0.961023
v -0.964240 1.474255 -0.996688
v -0.964240 1.915022 -0.996688
v -0.999816 1.915022 -0.961023
v 0.995178 1.474255 0.967646
v 0.959601 1.474255 1.003312
v 0.959601 1.915022 1.003312
v 0.995178 1.915022 0.967646
v 0.959601 1.474255 -0.996688
v 0.995178 1.474255 -0.961023
v 0.995178 1.915022 -0.961023
v 0.959601 1.915022 -0.996688
v -0.941336 1.474255 0.947879
v -0.944522 1.474255 0.944685
v -0.944522 1.915022 0.944685
v -0.941336 1.915022 0.947879
v -0.944522 1.474255 -0.938062
v -0.941336 1.474255 -0.941255
v -0.941336 1.915022 -0.941255
v -0.944522 1.915022 -0.938062
v 0.939883 1.474255 0.944685
v 0.936698 1.474255 0.947879
v 0.936698 1.915022 0.947879
v 0.939883 1.915022 0.944685
v 0.936698 1.474255 -0.941255
v 0.939883 1.474255 -0.938062
v 0.939883 1.915022 -0.938062
v 0.936698 1.915022 -0.941255
vn 0.0753 -0.9943 -0.0753
vn 0.0716 -0.9706 -0.2300
vn 0.0700 -0.8418 -0.5353
vn 0.2300 -0.9706 -0.0716
vn 0.2239 -0.9486 -0.2239
vn 0.2166 -0.8242 -0.5232
vn 0.0744 -0.0731 -0.9945
vn 0.2269 -0.0696 -0.9714
vn 0.5294 -0.0682 -0.8456
vn 0.0708 -0.2234 -0.9722
vn 0.2210 -0.2174 -0.9507
vn 0.5180 -0.2110 -0.8289
vn 0.9945 -0.0731 -0.0744
vn 0.9722 -0.2234 -0.0708
vn 0.8494 -0.5232 -0.0696
vn 0.9714 -0.0696 -0.2269
vn 0.9507 -0.2174 -0.2210
vn 0.8319 -0.5115 -0.2152
vn 0.0696 -0.5232 -0.8494
vn 0.2152 -0.5115 -0.8319
vn 0.8456 -0.0682 -0.5294
vn 0.8289 -0.2110 -0.5180
vn 0.5353 -0.8418 -0.0700
vn 0.5232 -0.8242 -0.2166
vn 0.4681 -0.7495 -0.4681
vn 0.4655 -0.4581 -0.7573
vn 0.7573 -0.4581 -0.4655
vn 0.0216 -0.9995 -0.0216
vn 0.0197 -0.9967 -0.0787
vn 0.0179 -0.9720 -0.2344
vn 0.0170 -0.8428 -0.5380
vn 0.0787 -0.9967 -0.0197
vn 0.2344 -0.9720 -0.0179
vn 0.5380 -0.8428 -0.0170
vn 0.0215 -0.0212 -0.9995
vn 0.0778 -0.0193 -0.9968
vn 0.2313 -0.0175 -0.9727
vn 0.5321 -0.0167 -0.8465
vn 0.0196 -0.0765 -0.9969
vn 0.0178 -0.2277 -0.9736
vn 0.0170 -0.5260 -0.8503
vn 0.9995 -0.0212 -0.0215
vn 0.9969 -0.0765 -0.0196
vn 0.9736 -0.2277 -0.0178
vn 0.8503 -0.5260 -0.0170
vn 0.9968 -0.0193 -0.0778
vn 0.9727 -0.0175 -0.2313
vn 0.8465 -0.0167 -0.5321
vn 0.9945 -0.0731 0.0744
vn 0.9714 -0.0696 0.2269
vn 0.8456 -0.0682 0.5294
vn 0.9722 -0.2234 0.0708
vn 0.9507 -0.2174 0.2210
vn 0.8289 -0.2110 0.5180
vn 0.0744 -0.0731 0.9945
vn 0.0708 -0.2234 0.9722
vn 0.0696 -0.5232 0.8494
vn 0.2269 -0.0696 0.9714
vn 0.2210 -0.2174 0.9507
vn 0.2152 -0.5115 0.8319
vn 0.0753 -0.9943 0.0753
vn 0.2300 -0.9706 0.0716
vn 0.5353 -0.8418 0.0700
vn 0.0716 -0.9706 0.2300
vn 0.2239 -0.9486 0.2239
vn 0.5232 -0.8242 0.2166
vn 0.5294 -0.0682 0.8456
vn 0.5180 -0.2110 0.8289
vn 0.0700 -0.8418 0.5353
vn 0.2166 -0.8242 0.5232
vn 0.8494 -0.5232 0.0696
vn 0.8319 -0.5115 0.2152
vn 0.7573 -0.4581 0.4655
vn 0.4655 -0.4581 0.7573
vn 0.4681 -0.7495 0.4681
vn 0.9995 -0.0212 0.0215
vn 0.9968 -0.0193 0.0778
vn 0.9727 -0.0175 0.2313
vn 0.8465 -0.0167 0.5321
vn 0.9969 -0.0765 0.0196
vn 0.9736 -0.2277 0.0178
vn 0.8503 -0.5260 0.0170
vn 0.0215 -0.0212 0.9995
vn 0.0196 -0.0765 0.9969
vn 0.0178 -0.2277 0.9736
vn 0.0170 -0.5260 0.8503
vn 0.0778 -0.0193 0.9968
vn 0.2313 -0.0175 0.9727
vn 0.5321 -0.0167 0.8465
vn 0.0216 -0.9995 0.0216
vn 0.0787 -0.9967 0.0197
vn 0.2344 -0.9720 0.0179
vn 0.5380 -0.8428 0.0170
vn 0.0197 -0.9967 0.0787
vn 0.0179 -0.9720 0.2344
vn 0.0170 -0.8428 0.5380
vn -0.9945 -0.0731 -0.0744
vn -0.9714 -0.0696 -0.2269
vn -0.8456 -0.0682 -0.5294
vn -0.9722 -0.2234 -0.0708
vn -0.9507 -0.2174 -0.2210
vn -0.8289 -0.2110 -0.5180
vn -0.0744 -0.0731 -0.9945
vn -0.0708 -0.2234 -0.9722
vn -0.0696 -0.5232 -0.8494
vn -0.2269 -0.0696 -0.9714
vn -0.2210 -0.2174 -0.9507
vn -0.2152 -0.5115 -0.8319
vn -0.0753 -0.9943 -0.0753
vn -0.2300 -0.9706 -0.0716
vn -0.5353 -0.8418 -0.0700
vn -0.0716 -0.9706 -0.2300
vn -0.2239 -0.9486 -0.2239
vn -0.5232 -0.8242 -0.2166
vn -0.5294 -0.0682 -0.8456
vn -0.5180 -0.2110 -0.8289
vn -0.0700 -0.8418 -0.5353
vn -0.2166 -0.8242 -0.5232
vn -0.8494 -0.5232 -0.0696
vn -0.8319 -0.5115 -0.2152
vn -0.7573 -0.4581 -0.4655
vn -0.4655 -0.4581 -0.7573
vn -0.4681 -0.7495 -0.4681
vn -0.9995 -0.0212 -0.0215
vn -0.9968 -0.0193 -0.0778
vn -0.9727 -0.0175 -0.2313
vn -0.8465 -0.0167 -0.5321
vn -0.9969 -0.0765 -0.0196
vn -0.9736 -0.2277 -0.0178
vn -0.8503 -0.5260 -0.0170
vn -0.0215 -0.0212 -0.9995
vn -0.0196 -0.0765 -0.9969
vn -0.0178 -0.2277 -0.9736
vn -0.0170 -0.5260 -0.8503
vn -0.0778 -0.0193 -0.9968
vn -0.2313 -0.0175 -0.9727
vn -0.5321 -0.0167 -0.8465
vn -0.0216 -0.9995 -0.0216
vn -0.0787 -0.9967 -0.0197
vn -0.2344 -0.9720 -0.0179
vn -0.5380 -0.8428 -0.0170
vn -0.0197 -0.9967 -0.0787
vn -0.0179 -0.9720 -0.2344
vn -0.0170 -0.8428 -0.5380
vn -0.0753 -0.9943 0.0753
vn -0.0716 -0.9706 0.2300
vn -0.0700 -0.8418 0.5353
vn -0.2300 -0.9706 0.0716
vn -0.2239 -0.9486 0.2239
vn -0.2166 -0.8242 0.5232
vn -0.0744 -0.0731 0.9945
vn -0.2269 -0.0696 0.9714
vn -0.5294 -0.0682 0.8456
vn -0.0708 -0.2234 0.9722
vn -0.2210 -0.2174 0.9507
vn -0.5180 -0.2110 0.8289
vn -0.9945 -0.0731 0.0744
vn -0.9722 -0.2234 0.0708
vn -0.8494 -0.5232 0.0696
vn -0.9714 -0.0696 0.2269
vn -0.9507 -0.2174 0.2210
vn -0.8319 -0.5115 0.2152
vn -0.0696 -0.5232 0.8494
vn -0.2152 -0.5115 0.8319
vn -0.8456 -0.0682 0.5294
vn -0.8289 -0.2110 0.5180
vn -0.5353 -0.8418 0.0700
vn -0.5232 -0.8242 0.2166
vn -0.4681 -0.7495 0.4681
vn -0.4655 -0.4581 0.7573
vn -0.7573 -0.4581 0.4655
vn -0.0216 -0.9995 0.0216
vn -0.0197 -0.9967 0.0787
vn -0.0179 -0.9720 0.2344
vn -0.0170 -0.8428 0.5380
vn -0.0787 -0.9967 0.0197
vn -0.2344 -0.9720 0.0179
vn -0.5380 -0.8428 0.0170
vn -0.0215 -0.0212 0.9995
vn -0.0778 -0.0193 0.9968
vn -0.2313 -0.0175 0.9727
vn -0.5321 -0.0167 0.8465
vn -0.0196 -0.0765 0.9969
vn -0.0178 -0.2277 0.9736
vn -0.0170 -0.5260 0.8503
vn -0.9995 -0.0212 0.0215
vn -0.9969 -0.0765 0.0196
vn -0.9736 -0.2277 0.0178
vn -0.8503 -0.5260 0.0170
vn -0.9968 -0.0193 0.0778
vn -0.9727 -0.0175 0.2313
vn -0.8465 -0.0167 0.5321
vn -0.0831 -0.9965 -0.0053
vn -0.0843 -0.9964 -0.0029
vn -0.0849 -0.9964 -0.0009
vn -0.0849 -0.9964 0.0009
vn -0.0843 -0.9964 0.0029
vn -0.0831 -0.9965 0.0053
vn -0.2395 -0.9709 -0.0047
vn -0.2409 -0.9705 -0.0026
vn -0.2416 -0.9704 -0.0008
vn -0.2416 -0.9704 0.0008
vn -0.2409 -0.9705 0.0026
vn -0.2395 -0.9709 0.0047
vn -0.5404 -0.8414 -0.0044
vn -0.5411 -0.8410 -0.0024
vn -0.5414 -0.8407 -0.0008
vn -0.5414 -0.8407 0.0008
vn -0.5411 -0.8410 0.0024
vn -0.5404 -0.8414 0.0044
vn -0.8489 -0.5285 -0.0044
vn -0.8485 -0.5292 -0.0024
vn -0.8483 -0.5296 -0.0008
vn -0.8483 -0.5296 0.0008
vn -0.8485 -0.5292 0.0024
vn -0.8489 -0.5285 0.0044
vn -0.9725 -0.2327 -0.0047
vn -0.9722 -0.2341 -0.0026
vn -0.9720 -0.2348 -0.0008
vn -0.9720 -0.2348 0.0008
vn -0.9722 -0.2341 0.0026
vn -0.9725 -0.2327 0.0047
vn -0.9967 -0.0808 -0.0053
vn -0.9966 -0.0820 -0.0029
vn -0.9966 -0.0826 -0.0009
vn -0.9966 -0.0826 0.0009
vn -0.9966 -0.0820 0.0029
vn -0.9967 -0.0808 0.0053
vn -0.0234 -0.9997 -0.0098
vn -0.0247 -0.9997 -0.0060
vn -0.0255 -0.9997 -0.0033
vn -0.0260 -0.9997 -0.0011
vn -0.0260 -0.9997 0.0011
vn -0.0255 -0.9997 0.0033
vn -0.0247 -0.9997 0.0060
vn -0.0234 -0.9997 0.0098
vn -0.0812 -0.9967 0.0086
vn -0.2374 -0.9714 0.0077
vn -0.5394 -0.8420 0.0072
vn -0.8496 -0.5275 0.0072
vn -0.9730 -0.2306 0.0077
vn -0.9968 -0.0790 0.0086
vn -0.9997 -0.0229 0.0098
vn -0.9997 -0.0241 0.0060
vn -0.9997 -0.0250 0.0033
vn -0.9997 -0.0254 0.0011
vn -0.9997 -0.0254 -0.0011
vn -0.9997 -0.0250 -0.0033
vn -0.9997 -0.0241 -0.0060
vn -0.9997 -0.0229 -0.0098
vn -0.9968 -0.0790 -0.0086
vn -0.9730 -0.2306 -0.0077
vn -0.8496 -0.5275 -0.0072
vn -0.5394 -0.8420 -0.0072
vn -0.2374 -0.9714 -0.0077
vn -0.0812 -0.9967 -0.0086
vn 0.0053 -0.9965 -0.0830
vn 0.0029 -0.9964 -0.0843
vn 0.0009 -0.9964 -0.0849
vn -0.0009 -0.9964 -0.0849
vn -0.0029 -0.9964 -0.0843
vn -0.0053 -0.9965 -0.0831
vn 0.0047 -0.9709 -0.2395
vn 0.0026 -0.9705 -0.2409
vn 0.0008 -0.9704 -0.2416
vn -0.0008 -0.9704 -0.2416
vn -0.0026 -0.9705 -0.2409
vn -0.0047 -0.9709 -0.2395
vn 0.0044 -0.8414 -0.5404
vn 0.0024 -0.8410 -0.5411
vn 0.0008 -0.8407 -0.5414
vn -0.0008 -0.8407 -0.5414
vn -0.0024 -0.8410 -0.5411
vn -0.0044 -0.8414 -0.5404
vn 0.0044 -0.5285 -0.8489
vn 0.0024 -0.5292 -0.8485
vn 0.0008 -0.5296 -0.8483
vn -0.0008 -0.5296 -0.8483
vn -0.0024 -0.5292 -0.8485
vn -0.0044 -0.5285 -0.8489
vn 0.0047 -0.2327 -0.9725
vn 0.0026 -0.2341 -0.9722
vn 0.0008 -0.2348 -0.9720
vn -0.0008 -0.2348 -0.9720
vn -0.0026 -0.2341 -0.9722
vn -0.0047 -0.2327 -0.9725
vn 0.0053 -0.0808 -0.9967
vn 0.0029 -0.0820 -0.9966
vn 0.0009 -0.0826 -0.9966
vn -0.0009 -0.0826 -0.9966
vn -0.0029 -0.0820 -0.9966
vn -0.0053 -0.0808 -0.9967
vn 0.0098 -0.9997 -0.0234
vn 0.0060 -0.9997 -0.0247
vn 0.0033 -0.9997 -0.0255
vn 0.0011 -0.9997 -0.0260
vn -0.0011 -0.9997 -0.0260
vn -0.0033 -0.9997 -0.0255
vn -0.0060 -0.9997 -0.0247
vn -0.0098 -0.9997 -0.0234
vn -0.0086 -0.9967 -0.0812
vn -0.0077 -0.9714 -0.2374
vn -0.0072 -0.8420 -0.5394
vn -0.0072 -0.5275 -0.8495
vn -0.0077 -0.2306 -0.9730
vn -0.0086 -0.0790 -0.9968
vn -0.0098 -0.0229 -0.9997
vn -0.0060 -0.0241 -0.9997
vn -0.0033 -0.0250 -0.9997
vn -0.0011 -0.0254 -0.9997
vn 0.0011 -0.0254 -0.9997
vn 0.0033 -0.0250 -0.9997
vn 0.0060 -0.0241 -0.9997
vn 0.0098 -0.0229 -0.9997
vn 0.0086 -0.0790 -0.9968
vn 0.0077 -0.2306 -0.9730
vn 0.0072 -0.5275 -0.8495
vn 0.0072 -0.8420 -0.5394
vn 0.0077 -0.9714 -0.2374
vn 0.0086 -0.9967 -0.0812
vn 0.9963 -0.0002 -0.0857
vn 0.9963 -0.0006 -0.0856
vn 0.9964 -0.0012 -0.0852
vn 0.9964 -0.0021 -0.0846
vn 0.9965 -0.0034 -0.0836
vn 0.9966 -0.0054 -0.0822
vn 0.9707 -0.0002 -0.2405
vn 0.9707 -0.0005 -0.2403
vn 0.9708 -0.0010 -0.2399
vn 0.9710 -0.0018 -0.2391
vn 0.9713 -0.0030 -0.2380
vn 0.9716 -0.0048 -0.2364
vn 0.8438 -0.0002 -0.5366
vn 0.8439 -0.0005 -0.5365
vn 0.8440 -0.0010 -0.5363
vn 0.8442 -0.0017 -0.5360
vn 0.8446 -0.0028 -0.5354
vn 0.8451 -0.0045 -0.5346
vn 0.5366 -0.0002 -0.8438
vn 0.5365 -0.0005 -0.8439
vn 0.5363 -0.0010 -0.8440
vn 0.5360 -0.0017 -0.8442
vn 0.5354 -0.0028 -0.8446
vn 0.5346 -0.0045 -0.8451
vn 0.2405 -0.0002 -0.9707
vn 0.2403 -0.0005 -0.9707
vn 0.2399 -0.0010 -0.9708
vn 0.2391 -0.0018 -0.9710
vn 0.2380 -0.0030 -0.9713
vn 0.2364 -0.0048 -0.9716
vn 0.0857 -0.0002 -0.9963
vn 0.0856 -0.0006 -0.9963
vn 0.0852 -0.0012 -0.9964
vn 0.0846 -0.0021 -0.9964
vn 0.0836 -0.0034 -0.9965
vn 0.0822 -0.0054 -0.9966
vn 0.9996 -0.0000 -0.0271
vn 0.9996 -0.0002 -0.0271
vn 0.9996 -0.0006 -0.0270
vn 0.9996 -0.0013 -0.0267
vn 0.9997 -0.0023 -0.0263
vn 0.9997 -0.0038 -0.0256
vn 0.9997 -0.0061 -0.0246
vn 0.9997 -0.0097 -0.0233
vn 0.9967 -0.0085 -0.0803
vn 0.9721 -0.0075 -0.2342
vn 0.8457 -0.0071 -0.5335
vn 0.5335 -0.0071 -0.8457
vn 0.2342 -0.0075 -0.9721
vn 0.0803 -0.0085 -0.9967
vn 0.0233 -0.0097 -0.9997
vn 0.0246 -0.0061 -0.9997
vn 0.0256 -0.0038 -0.9997
vn 0.0263 -0.0023 -0.9997
vn 0.0267 -0.0013 -0.9996
vn 0.0270 -0.0006 -0.9996
vn 0.0271 -0.0002 -0.9996
vn 0.0271 -0.0000 -0.9996
vn 0.0858 -0.0000 -0.9963
vn 0.2405 -0.0000 -0.9706
vn 0.5366 -0.0000 -0.8438
vn 0.8438 -0.0000 -0.5366
vn 0.9706 -0.0000 -0.2405
vn 0.9963 -0.0000 -0.0858
vn -0.0822 -0.0054 0.9966
vn -0.0836 -0.0034 0.9965
vn -0.0846 -0.0021 0.9964
vn -0.0852 -0.0012 0.9964
vn -0.0856 -0.0006 0.9963
vn -0.0857 -0.0002 0.9963
vn -0.2364 -0.0048 0.9716
vn -0.2380 -0.0030 0.9713
vn -0.2391 -0.0018 0.9710
vn -0.2399 -0.0010 0.9708
vn -0.2403 -0.0005 0.9707
vn -0.2405 -0.0002 0.9707
vn -0.5346 -0.0045 0.8451
vn -0.5354 -0.0028 0.8446
vn -0.5360 -0.0017 0.8442
vn -0.5363 -0.0010 0.8440
vn -0.5365 -0.0005 0.8439
vn -0.5366 -0.0002 0.8438
vn -0.8451 -0.0045 0.5346
vn -0.8446 -0.0028 0.5354
vn -0.8442 -0.0017 0.5360
vn -0.8440 -0.0010 0.5363
vn -0.8439 -0.0005 0.5365
vn -0.8438 -0.0002 0.5366
vn -0.9716 -0.0048 0.2364
vn -0.9713 -0.0030 0.2380
vn -0.9710 -0.0018 0.2391
vn -0.9708 -0.0010 0.2399
vn -0.9707 -0.0005 0.2403
vn -0.9707 -0.0002 0.2405
vn -0.9966 -0.0054 0.0822
vn -0.9965 -0.0034 0.0836
vn -0.9964 -0.0021 0.0846
vn -0.9964 -0.0012 0.0852
vn -0.9963 -0.0006 0.0856
vn -0.9963 -0.0002 0.0857
vn -0.0233 -0.0097 0.9997
vn -0.0246 -0.0061 0.9997
vn -0.0256 -0.0038 0.9997
vn -0.0263 -0.0023 0.9997
vn -0.0267 -0.0013 0.9996
vn -0.0270 -0.0006 0.9996
vn -0.0271 -0.0002 0.9996
vn -0.0271 -0.0000 0.9996
vn -0.0858 -0.0000 0.9963
vn -0.2405 -0.0000 0.9706
vn -0.5366 -0.0000 0.8438
vn -0.8438 -0.0000 0.5366
vn -0.9706 -0.0000 0.2405
vn -0.9963 -0.0000 0.0858
vn -0.9996 -0.0000 0.0271
vn -0.9996 -0.0002 0.0271
vn -0.9996 -0.0006 0.0270
vn -0.9996 -0.0013 0.0267
vn -0.9997 -0.0023 0.0263
vn -0.9997 -0.0038 0.0256
vn -0.9997 -0.0061 0.0246
vn -0.9997 -0.0097 0.0233
vn -0.9967 -0.0085 0.0803
vn -0.9721 -0.0075 0.2342
vn -0.8457 -0.0071 0.5335
vn -0.5335 -0.0071 0.8457
vn -0.2342 -0.0075 0.9721
vn -0.0803 -0.0085 0.9967
vn 0.0857 -0.0002 0.9963
vn 0.0856 -0.0006 0.9963
vn 0.0852 -0.0012 0.9964
vn 0.0846 -0.0021 0.9964
vn 0.0836 -0.0034 0.9965
vn 0.0822 -0.0054 0.9966
vn 0.2405 -0.0002 0.9707
vn 0.2403 -0.0005 0.9707
vn 0.2399 -0.0010 0.9708
vn 0.2391 -0.0018 0.9710
vn 0.2380 -0.0030 0.9713
vn 0.2364 -0.0048 0.9716
vn 0.5366 -0.0002 0.8438
vn 0.5365 -0.0005 0.8439
vn 0.5363 -0.0010 0.8440
vn 0.5360 -0.0017 0.8442
vn 0.5354 -0.0028 0.8446
vn 0.5346 -0.0045 0.8451
vn 0.8438 -0.0002 0.5366
vn 0.8439 -0.0005 0.5365
vn 0.8440 -0.0010 0.5363
vn 0.8442 -0.0017 0.5360
vn 0.8446 -0.0028 0.5354
vn 0.8451 -0.0045 0.5346
vn 0.9707 -0.0002 0.2405
vn 0.9707 -0.0005 0.2403
vn 0.9708 -0.0010 0.2399
vn 0.9710 -0.0018 0.2391
vn 0.9713 -0.0030 0.2380
vn 0.9716 -0.0048 0.2364
vn 0.9963 -0.0002 0.0857
vn 0.9963 -0.0006 0.0856
vn 0.9964 -0.0012 0.0852
vn 0.9964 -0.0021 0.0846
vn 0.9965 -0.0034 0.0836
vn 0.9966 -0.0054 0.0822
vn 0.0271 -0.0000 0.9996
vn 0.0271 -0.0002 0.9996
vn 0.0270 -0.0006 0.9996
vn 0.0267 -0.0013 0.9996
vn 0.0263 -0.0023 0.9997
vn 0.0256 -0.0038 0.9997
vn 0.0246 -0.0061 0.9997
vn 0.0233 -0.0097 0.9997
vn 0.0803 -0.0085 0.9967
vn 0.2342 -0.0075 0.9721
vn 0.5335 -0.0071 0.8457
vn 0.8457 -0.0071 0.5335
vn 0.9721 -0.0075 0.2342
vn 0.9967 -0.0085 0.0803
vn 0.9997 -0.0097 0.0233
vn 0.9997 -0.0061 0.0246
vn 0.9997 -0.0038 0.0256
vn 0.9997 -0.0023 0.0263
vn 0.9996 -0.0013 0.0267
vn 0.9996 -0.0006 0.0270
vn 0.9996 -0.0002 0.0271
vn 0.9996 -0.0000 0.0271
vn 0.9963 -0.0000 0.0858
vn 0.9706 -0.0000 0.2405
vn 0.8438 -0.0000 0.5366
vn 0.5366 -0.0000 0.8438
vn 0.2405 -0.0000 0.9706
vn 0.0858 -0.0000 0.9963
vn -0.0857 -0.0002 -0.9963
vn -0.0856 -0.0006 -0.9963
vn -0.0852 -0.0012 -0.9964
vn -0.0846 -0.0021 -0.9964
vn -0.0836 -0.0034 -0.9965
vn -0.0822 -0.0054 -0.9966
vn -0.2405 -0.0002 -0.9707
vn -0.2403 -0.0005 -0.9707
vn -0.2399 -0.0010 -0.9708
vn -0.2391 -0.0018 -0.9710
vn -0.2380 -0.0030 -0.9713
vn -0.2364 -0.0048 -0.9716
vn -0.5366 -0.0002 -0.8438
vn -0.5365 -0.0005 -0.8439
vn -0.5363 -0.0010 -0.8440
vn -0.5360 -0.0017 -0.8442
vn -0.5354 -0.0028 -0.8446
vn -0.5346 -0.0045 -0.8451
vn -0.8438 -0.0002 -0.5366
vn -0.8439 -0.0005 -0.5365
vn -0.8440 -0.0010 -0.5363
vn -0.8442 -0.0017 -0.5360
vn -0.8446 -0.0028 -0.5354
vn -0.8451 -0.0045 -0.5346
vn -0.9707 -0.0002 -0.2405
vn -0.9707 -0.0005 -0.2403
vn -0.9708 -0.0010 -0.2399
vn -0.9710 -0.0018 -0.2391
vn -0.9713 -0.0030 -0.2380
vn -0.9716 -0.0048 -0.2364
vn -0.9963 -0.0002 -0.0857
vn -0.9963 -0.0006 -0.0856
vn -0.9964 -0.0012 -0.0852
vn -0.9964 -0.0021 -0.0846
vn -0.9965 -0.0034 -0.0836
vn -0.9966 -0.0054 -0.0822
vn -0.0271 -0.0000 -0.9996
vn -0.0271 -0.0002 -0.9996
vn -0.0270 -0.0006 -0.9996
vn -0.0267 -0.0013 -0.9996
vn -0.0263 -0.0023 -0.9997
vn -0.0256 -0.0038 -0.9997
vn -0.0246 -0.0061 -0.9997
vn -0.0233 -0.0097 -0.9997
vn -0.0803 -0.0085 -0.9967
vn -0.2342 -0.0075 -0.9721
vn -0.5335 -0.0071 -0.8457
vn -0.8457 -0.0071 -0.5335
vn -0.9721 -0.0075 -0.2342
vn -0.9967 -0.0085 -0.0803
vn -0.9997 -0.0097 -0.0233
vn -0.9997 -0.0061 -0.0246
vn -0.9997 -0.0038 -0.0256
vn -0.9997 -0.0023 -0.0263
vn -0.9996 -0.0013 -0.0267
vn -0.9996 -0.0006 -0.0270
vn -0.9996 -0.0002 -0.0271
vn -0.9996 -0.0000 -0.0271
vn -0.9963 -0.0000 -0.0858
vn -0.9706 -0.0000 -0.2405
vn -0.8438 -0.0000 -0.5366
vn -0.5366 -0.0000 -0.8438
vn -0.2405 -0.0000 -0.9706
vn -0.0858 -0.0000 -0.9963
vn -0.0053 -0.9965 0.0831
vn -0.0029 -0.9964 0.0843
vn -0.0009 -0.9964 0.0849
vn 0.0009 -0.9964 0.0849
vn 0.0029 -0.9964 0.0843
vn 0.0053 -0.9965 0.0831
vn -0.0047 -0.9709 0.2395
vn -0.0026 -0.9705 0.2409
vn -0.0008 -0.9704 0.2416
vn 0.0008 -0.9704 0.2416
vn 0.0026 -0.9705 0.2409
vn 0.0047 -0.9709 0.2395
vn -0.0044 -0.8414 0.5404
vn -0.0024 -0.8410 0.5411
vn -0.0008 -0.8407 0.5414
vn 0.0008 -0.8407 0.5414
vn 0.0024 -0.8410 0.5411
vn 0.0044 -0.8414 0.5404
vn -0.0044 -0.5285 0.8489
vn -0.0024 -0.5292 0.8485
vn -0.0008 -0.5296 0.8483
vn 0.0008 -0.5296 0.8483
vn 0.0024 -0.5292 0.8485
vn 0.0044 -0.5285 0.8489
vn -0.0047 -0.2327 0.9725
vn -0.0026 -0.2341 0.9722
vn -0.0008 -0.2348 0.9720
vn 0.0008 -0.2348 0.9720
vn 0.0026 -0.2341 0.9722
vn 0.0047 -0.2327 0.9725
vn -0.0053 -0.0808 0.9967
vn -0.0029 -0.0820 0.9966
vn -0.0009 -0.0826 0.9966
vn 0.0009 -0.0826 0.9966
vn 0.0029 -0.0820 0.9966
vn 0.0053 -0.0808 0.9967
vn -0.0098 -0.9997 0.0234
vn -0.0060 -0.9997 0.0247
vn -0.0033 -0.9997 0.0255
vn -0.0011 -0.9997 0.0260
vn 0.0011 -0.9997 0.0260
vn 0.0033 -0.9997 0.0255
vn 0.0060 -0.9997 0.0247
vn 0.0098 -0.9997 0.0234
vn 0.0086 -0.9967 0.0812
vn 0.0077 -0.9714 0.2374
vn 0.0072 -0.8420 0.5394
vn 0.0072 -0.5275 0.8495
vn 0.0077 -0.2306 0.9730
vn 0.0086 -0.0790 0.9968
vn 0.0098 -0.0229 0.9997
vn 0.0060 -0.0241 0.9997
vn 0.0033 -0.0250 0.9997
vn 0.0011 -0.0254 0.9997
vn -0.0011 -0.0254 0.9997
vn -0.0033 -0.0250 0.9997
vn -0.0060 -0.0241 0.9997
vn -0.0098 -0.0229 0.9997
vn -0.0086 -0.0790 0.9968
vn -0.0077 -0.2306 0.9730
vn -0.0072 -0.5275 0.8495
vn -0.0072 -0.8420 0.5394
vn -0.0077 -0.9714 0.2374
vn -0.0086 -0.9967 0.0812
vn 0.0831 -0.9965 0.0053
vn 0.0843 -0.9964 0.0029
vn 0.0849 -0.9964 0.0009
vn 0.0849 -0.9964 -0.0009
vn 0.0843 -0.9964 -0.0029
vn 0.0831 -0.9965 -0.0053
vn 0.2395 -0.9709 0.0047
vn 0.2409 -0.9705 0.0026
vn 0.2416 -0.9704 0.0008
vn 0.2416 -0.9704 -0.0008
vn 0.2409 -0.9705 -0.0026
vn 0.2395 -0.9709 -0.0047
vn 0.5404 -0.8414 0.0044
vn 0.5411 -0.8410 0.0024
vn 0.5414 -0.8407 0.0008
vn 0.5414 -0.8407 -0.0008
vn 0.5411 -0.8410 -0.0024
vn 0.5404 -0.8414 -0.0044
vn 0.8489 -0.5285 0.0044
vn 0.8485 -0.5292 0.0024
vn 0.8483 -0.5296 0.0008
vn 0.8483 -0.5296 -0.0008
vn 0.8485 -0.5292 -0.0024
vn 0.8489 -0.5285 -0.0044
vn 0.9725 -0.2327 0.0047
vn 0.9722 -0.2341 0.0026
vn 0.9720 -0.2348 0.0008
vn 0.9720 -0.2348 -0.0008
vn 0.9722 -0.2341 -0.0026
vn 0.9725 -0.2327 -0.0047
vn 0.9967 -0.0808 0.0053
vn 0.9966 -0.0820 0.0029
vn 0.9966 -0.0826 0.0009
vn 0.9966 -0.0826 -0.0009
vn 0.9966 -0.0820 -0.0029
vn 0.9967 -0.0808 -0.0053
vn 0.0234 -0.9997 0.0098
vn 0.0247 -0.9997 0.0060
vn 0.0255 -0.9997 0.0033
vn 0.0260 -0.9997 0.0011
vn 0.0260 -0.9997 -0.0011
vn 0.0255 -0.9997 -0.0033
vn 0.0247 -0.9997 -0.0060
vn 0.0234 -0.9997 -0.0098
vn 0.0812 -0.9967 -0.0086
vn 0.2374 -0.9714 -0.0077
vn 0.5394 -0.8420 -0.0072
vn 0.8496 -0.5275 -0.0072
vn 0.9730 -0.2306 -0.0077
vn 0.9968 -0.0790 -0.0086
vn 0.9997 -0.0229 -0.0098
vn 0.9997 -0.0241 -0.0060
vn 0.9997 -0.0250 -0.0033
vn 0.9997 -0.0254 -0.0011
vn 0.9997 -0.0254 0.0011
vn 0.9997 -0.0250 0.0033
vn 0.9997 -0.0241 0.0060
vn 0.9997 -0.0229 0.0098
vn 0.9968 -0.0790 0.0086
vn 0.9730 -0.2306 0.0077
vn 0.8496 -0.5275 0.0072
vn 0.5394 -0.8420 0.0072
vn 0.2374 -0.9714 0.0077
vn 0.0812 -0.9967 0.0086
vn -0.0072 -0.0073 -0.9999
vn -0.0076 -0.0046 -1.0000
vn -0.0079 -0.0028 -1.0000
vn -0.0080 -0.0016 -1.0000
vn -0.0081 -0.0008 -1.0000
vn -0.0082 -0.0003 -1.0000
vn -0.0040 -0.0076 -1.0000
vn -0.0042 -0.0048 -1.0000
vn -0.0043 -0.0029 -1.0000
vn -0.0044 -0.0017 -1.0000
vn -0.0045 -0.0008 -1.0000
vn -0.0045 -0.0003 -1.0000
vn -0.0013 -0.0078 -1.0000
vn -0.0013 -0.0049 -1.0000
vn -0.0014 -0.0030 -1.0000
vn -0.0014 -0.0017 -1.0000
vn -0.0014 -0.0008 -1.0000
vn -0.0014 -0.0003 -1.0000
vn 0.0013 -0.0078 -1.0000
vn 0.0013 -0.0049 -1.0000
vn 0.0014 -0.0030 -1.0000
vn 0.0014 -0.0017 -1.0000
vn 0.0014 -0.0008 -1.0000
vn 0.0014 -0.0003 -1.0000
vn 0.0040 -0.0076 -1.0000
vn 0.0042 -0.0048 -1.0000
vn 0.0043 -0.0029 -1.0000
vn 0.0044 -0.0017 -1.0000
vn 0.0045 -0.0008 -1.0000
vn 0.0045 -0.0003 -1.0000
vn 0.0072 -0.0073 -0.9999
vn 0.0076 -0.0046 -1.0000
vn 0.0079 -0.0028 -1.0000
vn 0.0080 -0.0016 -1.0000
vn 0.0081 -0.0008 -1.0000
vn 0.0082 -0.0003 -1.0000
vn -0.0109 -0.0107 -0.9999
vn -0.0117 -0.0068 -0.9999
vn -0.0124 -0.0043 -0.9999
vn -0.0128 -0.0026 -0.9999
vn -0.0131 -0.0015 -0.9999
vn -0.0132 -0.0007 -0.9999
vn -0.0133 -0.0003 -0.9999
vn -0.0133 -0.0000 -0.9999
vn -0.0082 -0.0000 -1.0000
vn -0.0045 -0.0000 -1.0000
vn -0.0014 -0.0000 -1.0000
vn 0.0014 -0.0000 -1.0000
vn 0.0045 -0.0000 -1.0000
vn 0.0082 -0.0000 -1.0000
vn 0.0133 -0.0000 -0.9999
vn 0.0133 -0.0003 -0.9999
vn 0.0132 -0.0007 -0.9999
vn 0.0131 -0.0015 -0.9999
vn 0.0128 -0.0026 -0.9999
vn 0.0124 -0.0043 -0.9999
vn 0.0117 -0.0068 -0.9999
vn 0.0109 -0.0107 -0.9999
vn 0.0067 -0.0115 -0.9999
vn 0.0037 -0.0121 -0.9999
vn 0.0012 -0.0123 -0.9999
vn -0.0012 -0.0123 -0.9999
vn -0.0037 -0.0121 -0.9999
vn -0.0067 -0.0115 -0.9999
vn 0.9999 -0.0073 -0.0072
vn 1.0000 -0.0046 -0.0076
vn 1.0000 -0.0028 -0.0079
vn 1.0000 -0.0016 -0.0080
vn 1.0000 -0.0008 -0.0081
vn 1.0000 -0.0003 -0.0082
vn 1.0000 -0.0076 -0.0040
vn 1.0000 -0.0048 -0.0042
vn 1.0000 -0.0029 -0.0043
vn 1.0000 -0.0017 -0.0044
vn 1.0000 -0.0008 -0.0045
vn 1.0000 -0.0003 -0.0045
vn 1.0000 -0.0078 -0.0013
vn 1.0000 -0.0049 -0.0013
vn 1.0000 -0.0030 -0.0014
vn 1.0000 -0.0017 -0.0014
vn 1.0000 -0.0008 -0.0014
vn 1.0000 -0.0003 -0.0014
vn 1.0000 -0.0078 0.0013
vn 1.0000 -0.0049 0.0013
vn 1.0000 -0.0030 0.0014
vn 1.0000 -0.0017 0.0014
vn 1.0000 -0.0008 0.0014
vn 1.0000 -0.0003 0.0014
vn 1.0000 -0.0076 0.0040
vn 1.0000 -0.0048 0.0042
vn 1.0000 -0.0029 0.0043
vn 1.0000 -0.0017 0.0044
vn 1.0000 -0.0008 0.0045
vn 1.0000 -0.0003 0.0045
vn 0.9999 -0.0073 0.0072
vn 1.0000 -0.0046 0.0076
vn 1.0000 -0.0028 0.0079
vn 1.0000 -0.0016 0.0080
vn 1.0000 -0.0008 0.0081
vn 1.0000 -0.0003 0.0082
vn 0.9999 -0.0107 -0.0109
vn 0.9999 -0.0068 -0.0117
vn 0.9999 -0.0043 -0.0124
vn 0.9999 -0.0026 -0.0128
vn 0.9999 -0.0015 -0.0131
vn 0.9999 -0.0007 -0.0132
vn 0.9999 -0.0003 -0.0133
vn 0.9999 -0.0000 -0.0133
vn 1.0000 -0.0000 -0.0082
vn 1.0000 -0.0000 -0.0045
vn 1.0000 -0.0000 -0.0014
vn 1.0000 -0.0000 0.0014
vn 1.0000 -0.0000 0.0045
vn 1.0000 -0.0000 0.0082
vn 0.9999 -0.0000 0.0133
vn 0.9999 -0.0003 0.0133
vn 0.9999 -0.0007 0.0132
vn 0.9999 -0.0015 0.0131
vn 0.9999 -0.0026 0.0128
vn 0.9999 -0.0043 0.0124
vn 0.9999 -0.0068 0.0117
vn 0.9999 -0.0107 0.0109
vn 0.9999 -0.0115 0.0067
vn 0.9999 -0.0121 0.0037
vn 0.9999 -0.0123 0.0012
vn 0.9999 -0.0123 -0.0012
vn 0.9999 -0.0121 -0.0037
vn 0.9999 -0.0115 -0.0067
vn -0.0072 -0.9999 -0.0072
vn -0.0039 -1.0000 -0.0075
vn -0.0013 -1.0000 -0.0077
vn 0.0013 -1.0000 -0.0077
vn 0.0039 -1.0000 -0.0075
vn 0.0072 -0.9999 -0.0072
vn -0.0075 -1.0000 -0.0039
vn -0.0041 -1.0000 -0.0041
vn -0.0013 -1.0000 -0.0042
vn 0.0013 -1.0000 -0.0042
vn 0.0041 -1.0000 -0.0041
vn 0.0075 -1.0000 -0.0039
vn -0.0077 -1.0000 -0.0013
vn -0.0042 -1.0000 -0.0013
vn -0.0013 -1.0000 -0.0013
vn 0.0013 -1.0000 -0.0013
vn 0.0042 -1.0000 -0.0013
vn 0.0077 -1.0000 -0.0013
vn -0.0077 -1.0000 0.0013
vn -0.0042 -1.0000 0.0013
vn -0.0013 -1.0000 0.0013
vn 0.0013 -1.0000 0.0013
vn 0.0042 -1.0000 0.0013
vn 0.0077 -1.0000 0.0013
vn -0.0075 -1.0000 0.0039
vn -0.0041 -1.0000 0.0041
vn -0.0013 -1.0000 0.0042
vn 0.0013 -1.0000 0.0042
vn 0.0041 -1.0000 0.0041
vn 0.0075 -1.0000 0.0039
vn -0.0072 -0.9999 0.0072
vn -0.0039 -1.0000 0.0075
vn -0.0013 -1.0000 0.0077
vn 0.0013 -1.0000 0.0077
vn 0.0039 -1.0000 0.0075
vn 0.0072 -0.9999 0.0072
vn -0.0109 -0.9999 -0.0109
vn -0.0067 -0.9999 -0.0117
vn -0.0037 -0.9999 -0.0123
vn -0.0012 -0.9999 -0.0125
vn 0.0012 -0.9999 -0.0125
vn 0.0037 -0.9999 -0.0123
vn 0.0067 -0.9999 -0.0117
vn 0.0109 -0.9999 -0.0109
vn 0.0117 -0.9999 -0.0067
vn 0.0123 -0.9999 -0.0037
vn 0.0125 -0.9999 -0.0012
vn 0.0125 -0.9999 0.0012
vn 0.0123 -0.9999 0.0037
vn 0.0117 -0.9999 0.0067
vn 0.0109 -0.9999 0.0109
vn 0.0067 -0.9999 0.0117
vn 0.0037 -0.9999 0.0123
vn 0.0012 -0.9999 0.0125
vn -0.0012 -0.9999 0.0125
vn -0.0037 -0.9999 0.0123
vn -0.0067 -0.9999 0.0117
vn -0.0109 -0.9999 0.0109
vn -0.0117 -0.9999 0.0067
vn -0.0123 -0.9999 0.0037
vn -0.0125 -0.9999 0.0012
vn -0.0125 -0.9999 -0.0012
vn -0.0123 -0.9999 -0.0037
vn -0.0117 -0.9999 -0.0067
vn 0.0072 -0.0073 0.9999
vn 0.0076 -0.0046 1.0000
vn 0.0079 -0.0028 1.0000
vn 0.0080 -0.0016 1.0000
vn 0.0081 -0.0008 1.0000
vn 0.0082 -0.0003 1.0000
vn 0.0040 -0.0076 1.0000
vn 0.0042 -0.0048 1.0000
vn 0.0043 -0.0029 1.0000
vn 0.0044 -0.0017 1.0000
vn 0.0045 -0.0008 1.0000
vn 0.0045 -0.0003 1.0000
vn 0.0013 -0.0078 1.0000
vn 0.0013 -0.0049 1.0000
vn 0.0014 -0.0030 1.0000
vn 0.0014 -0.0017 1.0000
vn 0.0014 -0.0008 1.0000
vn 0.0014 -0.0003 1.0000
vn -0.0013 -0.0078 1.0000
vn -0.0013 -0.0049 1.0000
vn -0.0014 -0.0030 1.0000
vn -0.0014 -0.0017 1.0000
vn -0.0014 -0.0008 1.0000
vn -0.0014 -0.0003 1.0000
vn -0.0040 -0.0076 1.0000
vn -0.0042 -0.0048 1.0000
vn -0.0043 -0.0029 1.0000
vn -0.0044 -0.0017 1.0000
vn -0.0045 -0.0008 1.0000
vn -0.0045 -0.0003 1.0000
vn -0.0072 -0.0073 0.9999
vn -0.0076 -0.0046 1.0000
vn -0.0079 -0.0028 1.0000
vn -0.0080 -0.0016 1.0000
vn -0.0081 -0.0008 1.0000
vn -0.0082 -0.0003 1.0000
vn 0.0109 -0.0107 0.9999
vn 0.0117 -0.0068 0.9999
vn 0.0124 -0.0043 0.9999
vn 0.0128 -0.0026 0.9999
vn 0.0131 -0.0015 0.9999
vn 0.0132 -0.0007 0.9999
vn 0.0133 -0.0003 0.9999
vn 0.0133 -0.0000 0.9999
vn 0.0082 -0.0000 1.0000
vn 0.0045 -0.0000 1.0000
vn 0.0014 -0.0000 1.0000
vn -0.0014 -0.0000 1.0000
vn -0.0045 -0.0000 1.0000
vn -0.0082 -0.0000 1.0000
vn -0.0133 -0.0000 0.9999
vn -0.0133 -0.0003 0.9999
vn -0.0132 -0.0007 0.9999
vn -0.0131 -0.0015 0.9999
vn -0.0128 -0.0026 0.9999
vn -0.0124 -0.0043 0.9999
vn -0.0117 -0.0068 0.9999
vn -0.0109 -0.0107 0.9999
vn -0.0067 -0.0115 0.9999
vn -0.0037 -0.0121 0.9999
vn -0.0012 -0.0123 0.9999
vn 0.0012 -0.0123 0.9999
vn 0.0037 -0.0121 0.9999
vn 0.0067 -0.0115 0.9999
vn -0.9999 -0.0073 0.0072
vn -1.0000 -0.0046 0.0076
vn -1.0000 -0.0028 0.0079
vn -1.0000 -0.0016 0.0080
vn -1.0000 -0.0008 0.0081
vn -1.0000 -0.0003 0.0082
vn -1.0000 -0.0076 0.0040
vn -1.0000 -0.0048 0.0042
vn -1.0000 -0.0029 0.0043
vn -1.0000 -0.0017 0.0044
vn -1.0000 -0.0008 0.0045
vn -1.0000 -0.0003 0.0045
vn -1.0000 -0.0078 0.0013
vn -1.0000 -0.0049 0.0013
vn -1.0000 -0.0030 0.0014
vn -1.0000 -0.0017 0.0014
vn -1.0000 -0.0008 0.0014
vn -1.0000 -0.0003 0.0014
vn -1.0000 -0.0078 -0.0013
vn -1.0000 -0.0049 -0.0013
vn -1.0000 -0.0030 -0.0014
vn -1.0000 -0.0017 -0.0014
vn -1.0000 -0.0008 -0.0014
vn -1.0000 -0.0003 -0.0014
vn -1.0000 -0.0076 -0.0040
vn -1.0000 -0.0048 -0.0042
vn -1.0000 -0.0029 -0.0043
vn -1.0000 -0.0017 -0.0044
vn -1.0000 -0.0008 -0.0045
vn -1.0000 -0.0003 -0.0045
vn -0.9999 -0.0073 -0.0072
vn -1.0000 -0.0046 -0.0076
vn -1.0000 -0.0028 -0.0079
vn -1.0000 -0.0016 -0.0080
vn -1.0000 -0.0008 -0.0081
vn -1.0000 -0.0003 -0.0082
vn -0.9999 -0.0107 0.0109
vn -0.9999 -0.0068 0.0117
vn -0.9999 -0.0043 0.0124
vn -0.9999 -0.0026 0.0128
vn -0.9999 -0.0015 0.0131
vn -0.9999 -0.0007 0.0132
vn -0.9999 -0.0003 0.0133
vn -0.9999 -0.0000 0.0133
vn -1.0000 -0.0000 0.0082
vn -1.0000 -0.0000 0.0045
vn -1.0000 -0.0000 0.0014
vn -1.0000 -0.0000 -0.0014
vn -1.0000 -0.0000 -0.0045
vn -1.0000 -0.0000 -0.0082
vn -0.9999 -0.0000 -0.0133
vn -0.9999 -0.0003 -0.0133
vn -0.9999 -0.0007 -0.0132
vn -0.9999 -0.0015 -0.0131
vn -0.9999 -0.0026 -0.0128
vn -0.9999 -0.0043 -0.0124
vn -0.9999 -0.0068 -0.0117
vn -0.9999 -0.0107 -0.0109
vn -0.9999 -0.0115 -0.0067
vn -0.9999 -0.0121 -0.0037
vn -0.9999 -0.0123 -0.0012
vn -0.9999 -0.0123 0.0012
vn -0.9999 -0.0121 0.0037
vn -0.9999 -0.0115 0.0067
vn -0.7080 -0.0000 0.7062
vn -0.7080 -0.0000 -0.7062
vn 0.7080 -0.0000 -0.7062
vn 0.7080 -0.0000 0.7062
vn -1.0000 -0.0000 -0.0000
vn -0.0000 -0.0000 1.0000
vn -0.0000 -0.0000 -1.0000
vn 1.0000 -0.0000 -0.0000
vn -0.0000 -1.0000 -0.0000
vn -0.0000 1.0000 -0.0000
vt 0.811673 0.812391
vt 0.811496 0.846149
vt 0.844988 0.845707
vt 0.845431 0.812215
vt 0.811319 0.870617
vt 0.844317 0.869616
vt 0.811235 0.887320
vt 0.843946 0.885685
vt 0.868897 0.845036
vt 0.869898 0.812037
vt 0.867054 0.867773
vt 0.865832 0.882236
vt 0.811673 0.100141
vt 0.845431 0.100319
vt 0.844988 0.066264
vt 0.811496 0.065818
vt 0.869898 0.100497
vt 0.868897 0.066944
vt 0.886602 0.100582
vt 0.884967 0.067321
vt 0.844317 0.041959
vt 0.811319 0.040946
vt 0.867054 0.043829
vt 0.881518 0.045070
vt 0.812391 0.100141
vt 0.812215 0.065818
vt 0.845707 0.066264
vt 0.846149 0.100319
vt 0.812037 0.040946
vt 0.845036 0.041959
vt 0.811953 0.023972
vt 0.844664 0.025628
vt 0.869616 0.066944
vt 0.870617 0.100497
vt 0.867773 0.043829
vt 0.866551 0.029130
vt 0.843946 0.025628
vt 0.811235 0.023972
vt 0.865832 0.029130
vt 0.885685 0.067321
vt 0.887320 0.100582
vt 0.882236 0.045070
vt 0.884967 0.844664
vt 0.886602 0.811953
vt 0.881518 0.866551
vt 0.877427 0.878145
vt 0.877427 0.033287
vt 0.878145 0.033287
vt 0.767247 0.767965
vt 0.767144 0.812542
vt 0.811824 0.767862
vt 0.767041 0.846385
vt 0.766962 0.870989
vt 0.766930 0.887852
vt 0.845666 0.767759
vt 0.870271 0.767680
vt 0.887133 0.767648
vt 0.767247 0.145320
vt 0.811824 0.145423
vt 0.767144 0.099990
vt 0.845666 0.145526
vt 0.870271 0.145606
vt 0.887133 0.145637
vt 0.767041 0.065582
vt 0.766962 0.040572
vt 0.766930 0.023438
vt 0.767965 0.145320
vt 0.767862 0.099990
vt 0.812542 0.145423
vt 0.767759 0.065582
vt 0.767680 0.040572
vt 0.767648 0.023438
vt 0.846385 0.145526
vt 0.870989 0.145606
vt 0.887852 0.145637
vt 0.189541 0.100141
vt 0.155783 0.100319
vt 0.156225 0.066264
vt 0.189718 0.065818
vt 0.131315 0.100497
vt 0.132316 0.066944
vt 0.114612 0.100582
vt 0.116247 0.067321
vt 0.156896 0.041959
vt 0.189895 0.040946
vt 0.134159 0.043829
vt 0.119696 0.045070
vt 0.845431 0.100319
vt 0.811319 0.040946
vt 0.868897 0.066944
vt 0.869898 0.100497
vt 0.867054 0.043829
vt 0.865833 0.029130
vt 0.811673 0.189541
vt 0.845431 0.189718
vt 0.844988 0.156225
vt 0.811496 0.155783
vt 0.869898 0.189895
vt 0.868897 0.156896
vt 0.886602 0.189979
vt 0.884967 0.157268
vt 0.844317 0.132316
vt 0.811319 0.131315
vt 0.867054 0.134159
vt 0.881518 0.135381
vt 0.843946 0.116247
vt 0.811235 0.114612
vt 0.865833 0.119696
vt 0.157268 0.025628
vt 0.189979 0.023972
vt 0.135381 0.029130
vt 0.123787 0.033287
vt 0.877427 0.123787
vt 0.233967 0.145320
vt 0.189390 0.145423
vt 0.234070 0.099990
vt 0.155547 0.145526
vt 0.130943 0.145606
vt 0.114080 0.145637
vt 0.234173 0.065582
vt 0.234252 0.040572
vt 0.234284 0.023438
vt 0.845666 0.145526
vt 0.870271 0.145606
vt 0.887133 0.145637
vt 0.767247 0.233967
vt 0.811824 0.234070
vt 0.767144 0.189390
vt 0.845666 0.234173
vt 0.870271 0.234252
vt 0.887133 0.234284
vt 0.767041 0.155547
vt 0.766962 0.130943
vt 0.766930 0.114080
vt 0.812391 0.100141
vt 0.870617 0.100497
vt 0.869616 0.066944
vt 0.812037 0.040946
vt 0.188822 0.100141
vt 0.188999 0.065818
vt 0.155506 0.066264
vt 0.155064 0.100319
vt 0.189176 0.040946
vt 0.156177 0.041959
vt 0.189260 0.023972
vt 0.156549 0.025628
vt 0.131598 0.066944
vt 0.130597 0.100497
vt 0.133440 0.043829
vt 0.134662 0.029130
vt 0.188822 0.812391
vt 0.155064 0.812215
vt 0.155506 0.845707
vt 0.188999 0.846149
vt 0.130597 0.812037
vt 0.131598 0.845036
vt 0.113893 0.811953
vt 0.115528 0.844664
vt 0.156177 0.869616
vt 0.189176 0.870617
vt 0.133440 0.867773
vt 0.118977 0.866551
vt 0.115528 0.067321
vt 0.113893 0.100582
vt 0.118977 0.045070
vt 0.156549 0.885685
vt 0.189260 0.887320
vt 0.134662 0.882236
vt 0.123068 0.033287
vt 0.123068 0.878145
vt 0.767965 0.145320
vt 0.846385 0.145526
vt 0.887852 0.145637
vt 0.233248 0.145320
vt 0.233351 0.099990
vt 0.188671 0.145423
vt 0.233454 0.065582
vt 0.233533 0.040572
vt 0.233565 0.023438
vt 0.154829 0.145526
vt 0.130224 0.145606
vt 0.113362 0.145637
vt 0.233248 0.767965
vt 0.188671 0.767862
vt 0.233351 0.812542
vt 0.154829 0.767759
vt 0.130224 0.767680
vt 0.113362 0.767648
vt 0.233454 0.846385
vt 0.233533 0.870989
vt 0.233565 0.887852
vt 0.188822 0.189541
vt 0.188999 0.155783
vt 0.155506 0.156225
vt 0.155064 0.189718
vt 0.189176 0.131315
vt 0.156177 0.132316
vt 0.189260 0.114612
vt 0.156549 0.116247
vt 0.131598 0.156896
vt 0.130597 0.189895
vt 0.133440 0.134159
vt 0.134662 0.119696
vt 0.155506 0.066264
vt 0.188999 0.065818
vt 0.130597 0.100497
vt 0.131598 0.066944
vt 0.115528 0.067321
vt 0.189176 0.040946
vt 0.189541 0.100141
vt 0.189895 0.040946
vt 0.156896 0.041959
vt 0.132316 0.066944
vt 0.131315 0.100497
vt 0.156549 0.025628
vt 0.115528 0.157268
vt 0.113893 0.189979
vt 0.118977 0.135381
vt 0.123068 0.123787
vt 0.233248 0.233967
vt 0.233351 0.189390
vt 0.188671 0.234070
vt 0.233454 0.155547
vt 0.233533 0.130943
vt 0.233565 0.114080
vt 0.154829 0.234173
vt 0.130224 0.234252
vt 0.113362 0.234284
vt 0.188671 0.145423
vt 0.233351 0.099990
vt 0.154829 0.145526
vt 0.113362 0.145637
vt 0.189390 0.145423
vt 0.155547 0.145526
vt 0.114080 0.145637
vt 0.188553 0.711848
vt 0.188468 0.646654
vt 0.154550 0.646612
vt 0.154666 0.711780
vt 0.188417 0.575340
vt 0.154480 0.575320
vt 0.188400 0.500966
vt 0.154457 0.500966
vt 0.188417 0.426592
vt 0.154480 0.426612
vt 0.188468 0.355278
vt 0.154550 0.355320
vt 0.188553 0.290084
vt 0.154666 0.290152
vt 0.129853 0.646580
vt 0.130008 0.711727
vt 0.129761 0.575305
vt 0.129730 0.500966
vt 0.129761 0.426627
vt 0.129853 0.355352
vt 0.130008 0.290205
vt 0.112880 0.646567
vt 0.113081 0.711705
vt 0.112760 0.575299
vt 0.112720 0.500966
vt 0.112760 0.426633
vt 0.112880 0.355365
vt 0.113081 0.290227
vt 0.711705 0.023157
vt 0.646567 0.022956
vt 0.646580 0.040201
vt 0.711727 0.040356
vt 0.575299 0.022836
vt 0.575305 0.040108
vt 0.500966 0.022796
vt 0.500966 0.040077
vt 0.426633 0.022836
vt 0.426627 0.040108
vt 0.355365 0.022956
vt 0.355352 0.040201
vt 0.290227 0.023157
vt 0.290205 0.040356
vt 0.646612 0.065303
vt 0.711780 0.065419
vt 0.575320 0.065234
vt 0.500966 0.065210
vt 0.426612 0.065234
vt 0.355320 0.065303
vt 0.290153 0.065419
vt 0.646654 0.099787
vt 0.711848 0.099872
vt 0.575340 0.099737
vt 0.500966 0.099720
vt 0.426592 0.099737
vt 0.355278 0.099787
vt 0.290084 0.099872
vt 0.233165 0.711917
vt 0.233105 0.646696
vt 0.233070 0.575360
vt 0.233058 0.500966
vt 0.233070 0.426572
vt 0.233105 0.355236
vt 0.233165 0.290015
vt 0.290015 0.145237
vt 0.355236 0.145178
vt 0.426572 0.145142
vt 0.500966 0.145130
vt 0.575360 0.145142
vt 0.646696 0.145178
vt 0.711917 0.145237
vt 0.711130 0.812661
vt 0.645936 0.812745
vt 0.645894 0.846663
vt 0.711061 0.846547
vt 0.574621 0.812796
vt 0.574602 0.846733
vt 0.500247 0.812813
vt 0.500247 0.846756
vt 0.425873 0.812796
vt 0.425893 0.846733
vt 0.354559 0.812745
vt 0.354601 0.846663
vt 0.289365 0.812661
vt 0.289434 0.846547
vt 0.645862 0.871360
vt 0.711008 0.871205
vt 0.574587 0.871453
vt 0.500247 0.871484
vt 0.425908 0.871453
vt 0.354633 0.871360
vt 0.289487 0.871205
vt 0.645849 0.888333
vt 0.710987 0.888132
vt 0.574581 0.888453
vt 0.500247 0.888493
vt 0.425914 0.888453
vt 0.354646 0.888333
vt 0.289508 0.888132
vt 0.710987 0.023157
vt 0.645849 0.022956
vt 0.645862 0.040201
vt 0.711008 0.040356
vt 0.574581 0.022836
vt 0.574587 0.040108
vt 0.500247 0.022796
vt 0.500247 0.040077
vt 0.425914 0.022836
vt 0.425908 0.040108
vt 0.354646 0.022956
vt 0.354633 0.040201
vt 0.289508 0.023157
vt 0.289487 0.040356
vt 0.645894 0.065303
vt 0.711061 0.065419
vt 0.574602 0.065234
vt 0.500247 0.065210
vt 0.425893 0.065234
vt 0.354601 0.065303
vt 0.289434 0.065419
vt 0.645936 0.099787
vt 0.711130 0.099872
vt 0.574621 0.099737
vt 0.500247 0.099720
vt 0.425873 0.099737
vt 0.354559 0.099787
vt 0.289365 0.099872
vt 0.711198 0.768049
vt 0.645977 0.768108
vt 0.574641 0.768144
vt 0.500247 0.768156
vt 0.425854 0.768144
vt 0.354517 0.768108
vt 0.289296 0.768049
vt 0.289296 0.145237
vt 0.354517 0.145178
vt 0.425854 0.145142
vt 0.500247 0.145130
vt 0.574641 0.145142
vt 0.645977 0.145178
vt 0.711198 0.145237
vt 0.812902 0.720369
vt 0.812898 0.621110
vt 0.846872 0.621112
vt 0.846879 0.720369
vt 0.812884 0.524964
vt 0.846854 0.524970
vt 0.812858 0.433489
vt 0.846818 0.433501
vt 0.812815 0.348240
vt 0.846759 0.348265
vt 0.812751 0.270775
vt 0.846671 0.270818
vt 0.812661 0.202651
vt 0.846548 0.202720
vt 0.871638 0.621113
vt 0.871647 0.720370
vt 0.871614 0.524974
vt 0.871566 0.433511
vt 0.871487 0.348284
vt 0.871370 0.270852
vt 0.871207 0.202773
vt 0.888694 0.621113
vt 0.888706 0.720370
vt 0.888662 0.524975
vt 0.888600 0.433515
vt 0.888498 0.348292
vt 0.888346 0.270865
vt 0.888134 0.202794
vt 0.887987 0.720370
vt 0.887975 0.621113
vt 0.870919 0.621113
vt 0.870928 0.720370
vt 0.887944 0.524975
vt 0.870895 0.524974
vt 0.887882 0.433515
vt 0.870847 0.433511
vt 0.887780 0.348292
vt 0.870769 0.348284
vt 0.887628 0.270865
vt 0.870652 0.270852
vt 0.887415 0.202794
vt 0.870488 0.202773
vt 0.846154 0.621112
vt 0.846160 0.720369
vt 0.846135 0.524970
vt 0.846099 0.433501
vt 0.846040 0.348265
vt 0.845952 0.270818
vt 0.845830 0.202720
vt 0.812179 0.621110
vt 0.812184 0.720369
vt 0.812165 0.524964
vt 0.812139 0.433489
vt 0.812096 0.348240
vt 0.812032 0.270775
vt 0.811943 0.202651
vt 0.768219 0.821185
vt 0.768218 0.720369
vt 0.812903 0.821185
vt 0.768215 0.621108
vt 0.768206 0.524959
vt 0.768187 0.433476
vt 0.768157 0.348215
vt 0.768112 0.270732
vt 0.768049 0.202582
vt 0.767330 0.202582
vt 0.767393 0.270732
vt 0.767438 0.348215
vt 0.767469 0.433476
vt 0.767487 0.524959
vt 0.767496 0.621108
vt 0.767500 0.720369
vt 0.812185 0.821185
vt 0.767500 0.821185
vt 0.846161 0.821185
vt 0.870930 0.821185
vt 0.887989 0.821185
vt 0.871648 0.821185
vt 0.888707 0.821185
vt 0.846880 0.821185
vt 0.188552 0.202651
vt 0.188462 0.270775
vt 0.154542 0.270818
vt 0.154665 0.202720
vt 0.188398 0.348240
vt 0.154454 0.348265
vt 0.188355 0.433489
vt 0.154395 0.433501
vt 0.188329 0.524964
vt 0.154360 0.524970
vt 0.188316 0.621110
vt 0.154341 0.621112
vt 0.188311 0.720369
vt 0.154334 0.720369
vt 0.129843 0.270852
vt 0.130007 0.202773
vt 0.129726 0.348284
vt 0.129647 0.433511
vt 0.129600 0.524974
vt 0.129575 0.621113
vt 0.129566 0.720370
vt 0.112867 0.270865
vt 0.113079 0.202794
vt 0.112715 0.348292
vt 0.112613 0.433515
vt 0.112551 0.524975
vt 0.112519 0.621113
vt 0.112508 0.720370
vt 0.113798 0.202794
vt 0.113586 0.270865
vt 0.130562 0.270852
vt 0.130725 0.202773
vt 0.113434 0.348292
vt 0.130445 0.348284
vt 0.113332 0.433515
vt 0.130366 0.433511
vt 0.113270 0.524975
vt 0.130318 0.524974
vt 0.113238 0.621113
vt 0.130294 0.621113
vt 0.113226 0.720370
vt 0.130285 0.720370
vt 0.155261 0.270818
vt 0.155384 0.202720
vt 0.155173 0.348265
vt 0.155114 0.433501
vt 0.155078 0.524970
vt 0.155060 0.621112
vt 0.155053 0.720369
vt 0.189181 0.270775
vt 0.189271 0.202651
vt 0.189117 0.348240
vt 0.189074 0.433489
vt 0.189048 0.524964
vt 0.189034 0.621110
vt 0.189029 0.720369
vt 0.233164 0.202582
vt 0.233101 0.270732
vt 0.233056 0.348215
vt 0.233026 0.433476
vt 0.233008 0.524959
vt 0.232998 0.621108
vt 0.232995 0.720369
vt 0.232994 0.821185
vt 0.188310 0.821185
vt 0.154333 0.821185
vt 0.129565 0.821185
vt 0.112506 0.821185
vt 0.113225 0.821185
vt 0.130284 0.821185
vt 0.155052 0.821185
vt 0.189029 0.821185
vt 0.233713 0.821185
vt 0.233714 0.720369
vt 0.233717 0.621108
vt 0.233726 0.524959
vt 0.233745 0.433476
vt 0.233775 0.348215
vt 0.233820 0.270732
vt 0.233883 0.202582
vt 0.846135 0.524970
vt 0.812096 0.348240
vt 0.812032 0.270775
vt 0.811943 0.202651
vt 0.870847 0.433511
vt 0.870769 0.348284
vt 0.887975 0.621113
vt 0.887628 0.270865
vt 0.113226 0.720370
vt 0.113238 0.621113
vt 0.113270 0.524975
vt 0.113332 0.433515
vt 0.130366 0.433511
vt 0.130445 0.348284
vt 0.113586 0.270865
vt 0.130562 0.270852
vt 0.113798 0.202794
vt 0.130725 0.202773
vt 0.155053 0.720369
vt 0.155078 0.524970
vt 0.155114 0.433501
vt 0.155261 0.270819
vt 0.189034 0.621110
vt 0.189117 0.348240
vt 0.189271 0.202651
vt 0.767500 0.720369
vt 0.767496 0.621108
vt 0.767393 0.270732
vt 0.767330 0.202582
vt 0.233883 0.202582
vt 0.233820 0.270732
vt 0.233745 0.433476
vt 0.233726 0.524959
vt 0.233717 0.621108
vt 0.113225 0.821185
vt 0.870930 0.821185
vt 0.188311 0.720369
vt 0.154341 0.621112
vt 0.154334 0.720369
vt 0.188329 0.524964
vt 0.154359 0.524970
vt 0.188355 0.433489
vt 0.154395 0.433501
vt 0.188462 0.270775
vt 0.188552 0.202651
vt 0.129566 0.720370
vt 0.129600 0.524974
vt 0.129647 0.433511
vt 0.129843 0.270852
vt 0.112551 0.524975
vt 0.112867 0.270865
vt 0.113079 0.202794
vt 0.871566 0.433511
vt 0.871370 0.270852
vt 0.888134 0.202794
vt 0.846671 0.270818
vt 0.846548 0.202720
vt 0.812903 0.720369
vt 0.812661 0.202651
vt 0.232994 0.821185
vt 0.232995 0.720369
vt 0.232998 0.621108
vt 0.233008 0.524959
vt 0.233056 0.348215
vt 0.233164 0.202582
vt 0.768049 0.202582
vt 0.768206 0.524959
vt 0.129565 0.821185
vt 0.289365 0.189271
vt 0.354559 0.189187
vt 0.354601 0.155269
vt 0.289434 0.155385
vt 0.425873 0.189136
vt 0.425893 0.155199
vt 0.500247 0.189119
vt 0.500247 0.155176
vt 0.574621 0.189136
vt 0.574602 0.155199
vt 0.645936 0.189187
vt 0.645894 0.155269
vt 0.711130 0.189271
vt 0.711061 0.155385
vt 0.354633 0.130572
vt 0.289487 0.130727
vt 0.425908 0.130479
vt 0.500247 0.130448
vt 0.574587 0.130479
vt 0.645862 0.130572
vt 0.711008 0.130727
vt 0.354646 0.113599
vt 0.289508 0.113800
vt 0.425914 0.113479
vt 0.500247 0.113439
vt 0.574581 0.113479
vt 0.645849 0.113599
vt 0.710987 0.113800
vt 0.425914 0.022836
vt 0.425908 0.040108
vt 0.574581 0.022836
vt 0.574587 0.040108
vt 0.354601 0.065303
vt 0.289434 0.065419
vt 0.645894 0.065303
vt 0.711061 0.065419
vt 0.425873 0.099737
vt 0.574621 0.099737
vt 0.645936 0.099787
vt 0.711130 0.099872
vt 0.289296 0.233883
vt 0.354517 0.233824
vt 0.425854 0.233788
vt 0.500247 0.233776
vt 0.574641 0.233788
vt 0.645977 0.233824
vt 0.711199 0.233883
vt 0.811942 0.290084
vt 0.812027 0.355278
vt 0.845945 0.355320
vt 0.845829 0.290152
vt 0.812077 0.426592
vt 0.846014 0.426612
vt 0.812094 0.500966
vt 0.846038 0.500966
vt 0.812077 0.575340
vt 0.846014 0.575320
vt 0.812027 0.646654
vt 0.845945 0.646612
vt 0.811942 0.711848
vt 0.845829 0.711780
vt 0.870641 0.355352
vt 0.870487 0.290205
vt 0.870734 0.426627
vt 0.870765 0.500966
vt 0.870734 0.575305
vt 0.870641 0.646580
vt 0.870487 0.711727
vt 0.887614 0.355365
vt 0.887414 0.290227
vt 0.887735 0.426633
vt 0.887775 0.500966
vt 0.887735 0.575299
vt 0.887614 0.646567
vt 0.887414 0.711705
vt 0.290227 0.023157
vt 0.355352 0.040201
vt 0.290205 0.040356
vt 0.426633 0.022836
vt 0.500966 0.022796
vt 0.500966 0.040078
vt 0.575299 0.022836
vt 0.575305 0.040108
vt 0.646580 0.040201
vt 0.711705 0.023157
vt 0.711727 0.040356
vt 0.355320 0.065303
vt 0.290152 0.065419
vt 0.500966 0.065210
vt 0.711780 0.065419
vt 0.355278 0.099787
vt 0.426592 0.099737
vt 0.500966 0.099720
vt 0.575340 0.099737
vt 0.767330 0.290015
vt 0.767389 0.355236
vt 0.767425 0.426572
vt 0.767437 0.500966
vt 0.767425 0.575360
vt 0.767389 0.646696
vt 0.767330 0.711917
vt 0.711917 0.145237
vt 0.575360 0.145142
vt 0.500966 0.145130
vt 0.426572 0.145142
vt 0.355236 0.145178
vt 0.290015 0.145237
vt 0.289240 0.202526
vt 0.289198 0.270696
vt 0.354458 0.270671
vt 0.354483 0.202486
vt 0.289168 0.348194
vt 0.354439 0.348180
vt 0.289148 0.433465
vt 0.354427 0.433458
vt 0.289136 0.524954
vt 0.354420 0.524951
vt 0.289130 0.621107
vt 0.354416 0.621106
vt 0.289127 0.720369
vt 0.354414 0.720369
vt 0.425825 0.270656
vt 0.425838 0.202462
vt 0.425817 0.348171
vt 0.425811 0.433453
vt 0.425808 0.524949
vt 0.425806 0.621105
vt 0.425805 0.720369
vt 0.500247 0.270651
vt 0.500247 0.202454
vt 0.500247 0.348168
vt 0.500247 0.433452
vt 0.500247 0.524949
vt 0.500247 0.621105
vt 0.500247 0.720369
vt 0.574669 0.270656
vt 0.574657 0.202462
vt 0.574678 0.348171
vt 0.574684 0.433453
vt 0.574687 0.524949
vt 0.574689 0.621105
vt 0.574690 0.720369
vt 0.646037 0.270671
vt 0.646011 0.202486
vt 0.646055 0.348180
vt 0.646068 0.433458
vt 0.646075 0.524951
vt 0.646079 0.621106
vt 0.646080 0.720369
vt 0.711296 0.270696
vt 0.711254 0.202526
vt 0.711326 0.348194
vt 0.711347 0.433465
vt 0.711359 0.524954
vt 0.711365 0.621107
vt 0.711367 0.720369
vt 0.289127 0.821185
vt 0.354414 0.821185
vt 0.425805 0.821185
vt 0.500247 0.821185
vt 0.574690 0.821185
vt 0.646080 0.821185
vt 0.711368 0.821185
vt 0.711973 0.202526
vt 0.712015 0.270696
vt 0.646756 0.270671
vt 0.646730 0.202486
vt 0.712045 0.348194
vt 0.646774 0.348180
vt 0.712065 0.433465
vt 0.646786 0.433458
vt 0.712078 0.524954
vt 0.646794 0.524951
vt 0.712084 0.621107
vt 0.646797 0.621106
vt 0.712086 0.720369
vt 0.646799 0.720369
vt 0.575388 0.270656
vt 0.575376 0.202462
vt 0.575397 0.348171
vt 0.575402 0.433453
vt 0.575406 0.524949
vt 0.575408 0.621105
vt 0.575408 0.720369
vt 0.500966 0.270651
vt 0.500966 0.202454
vt 0.500966 0.348168
vt 0.500966 0.433452
vt 0.500966 0.524949
vt 0.500966 0.621105
vt 0.500966 0.720369
vt 0.426544 0.270656
vt 0.426556 0.202462
vt 0.426535 0.348171
vt 0.426530 0.433453
vt 0.426526 0.524949
vt 0.426524 0.621105
vt 0.426524 0.720369
vt 0.355176 0.270671
vt 0.355202 0.202486
vt 0.355158 0.348180
vt 0.355146 0.433458
vt 0.355138 0.524951
vt 0.355135 0.621106
vt 0.355133 0.720369
vt 0.289917 0.270696
vt 0.289959 0.202526
vt 0.289887 0.348194
vt 0.289867 0.433465
vt 0.289854 0.524954
vt 0.289848 0.621107
vt 0.289846 0.720369
vt 0.712086 0.821185
vt 0.646799 0.821185
vt 0.575408 0.821185
vt 0.500966 0.821185
vt 0.426524 0.821185
vt 0.355133 0.821185
vt 0.289846 0.821185
vt 0.289241 0.711973
vt 0.354483 0.712012
vt 0.354459 0.646754
vt 0.289201 0.646730
vt 0.425838 0.712036
vt 0.425826 0.646769
vt 0.500247 0.712044
vt 0.500247 0.646773
vt 0.574657 0.712036
vt 0.574668 0.646769
vt 0.646011 0.712012
vt 0.646035 0.646754
vt 0.711254 0.711973
vt 0.711294 0.646730
vt 0.354445 0.575387
vt 0.289177 0.575376
vt 0.425819 0.575394
vt 0.500247 0.575396
vt 0.574675 0.575394
vt 0.646050 0.575387
vt 0.711318 0.575376
vt 0.354440 0.500966
vt 0.289169 0.500966
vt 0.425817 0.500966
vt 0.500247 0.500966
vt 0.574678 0.500966
vt 0.646055 0.500966
vt 0.711326 0.500966
vt 0.354445 0.426545
vt 0.289177 0.426556
vt 0.425819 0.426538
vt 0.500247 0.426536
vt 0.574675 0.426538
vt 0.646050 0.426545
vt 0.711318 0.426556
vt 0.354459 0.355178
vt 0.289201 0.355202
vt 0.425826 0.355164
vt 0.500247 0.355159
vt 0.574668 0.355164
vt 0.646035 0.355178
vt 0.711294 0.355202
vt 0.354483 0.289920
vt 0.289241 0.289959
vt 0.425838 0.289896
vt 0.500247 0.289888
vt 0.574657 0.289896
vt 0.646011 0.289920
vt 0.711254 0.289959
vt 0.711254 0.202526
vt 0.646011 0.202486
vt 0.711359 0.524954
vt 0.711365 0.621107
vt 0.574687 0.524949
vt 0.425837 0.202462
vt 0.425808 0.524949
vt 0.425805 0.720369
vt 0.354483 0.202486
vt 0.354439 0.348180
vt 0.354427 0.433458
vt 0.289240 0.202526
vt 0.711368 0.821185
vt 0.289959 0.202526
vt 0.355158 0.348180
vt 0.289854 0.524954
vt 0.289848 0.621107
vt 0.426544 0.270656
vt 0.426535 0.348171
vt 0.426526 0.524949
vt 0.500966 0.270651
vt 0.500966 0.202454
vt 0.575406 0.524949
vt 0.646730 0.202486
vt 0.646794 0.524951
vt 0.646797 0.621106
vt 0.711973 0.202526
vt 0.712045 0.348194
vt 0.712078 0.524954
vt 0.289845 0.821185
vt 0.088457 0.818780
vt 0.088457 1.000000
vt 0.103121 1.000000
vt 0.103121 0.818780
vt 0.910752 1.000000
vt 0.910752 0.818780
vt 0.896088 0.818780
vt 0.896088 1.000000
vt 0.894785 0.818780
vt 0.894785 1.000000
vt 0.103803 1.000000
vt 0.103803 0.818780
vt 0.111248 0.818780
vt 0.112561 0.818780
vt 0.112561 1.000000
vt 0.111248 1.000000
vt 0.887961 1.000000
vt 0.886647 1.000000
vt 0.886647 0.818780
vt 0.887961 0.818780
vt 0.885368 0.818780
vt 0.113220 0.818780
vt 0.113220 1.000000
vt 0.885368 1.000000
vt 0.103803 0.088457
vt 0.089176 0.103121
vt 0.111910 0.112561
vt 0.113220 0.111248
vt 0.103803 0.910752
vt 0.089176 0.896088
vt 0.111910 0.886647
vt 0.113220 0.887961
vt 0.909412 0.896088
vt 0.894785 0.910752
vt 0.885368 0.887961
vt 0.886678 0.886647
vt 0.894785 0.088457
vt 0.909412 0.103121
vt 0.886678 0.112561
vt 0.885368 0.111248
s 0
usemtl Material
f 274/1/1 275/2/1 279/3/1 278/4/1
f 275/2/2 276/5/2 280/6/2 279/3/2
f 276/5/3 277/7/3 281/8/3 280/6/3
f 278/4/4 279/3/4 283/9/4 282/10/4
f 279/3/5 280/6/5 284/11/5 283/9/5
f 280/6/6 281/8/6 285/12/6 284/11/6
f 286/13/7 287/14/7 291/15/7 290/16/7
f 287/14/8 288/17/8 292/18/8 291/15/8
f 288/17/9 289/19/9 293/20/9 292/18/9
f 290/16/10 291/15/10 295/21/10 294/22/10
f 291/15/11 292/18/11 296/23/11 295/21/11
f 292/18/12 293/20/12 297/24/12 296/23/12
f 298/25/13 299/26/13 303/27/13 302/28/13
f 299/26/14 300/29/14 304/30/14 303/27/14
f 300/29/15 301/31/15 305/32/15 304/30/15
f 302/28/16 303/27/16 307/33/16 306/34/16
f 303/27/17 304/30/17 308/35/17 307/33/17
f 304/30/18 305/32/18 309/36/18 308/35/18
f 294/22/19 295/21/19 281/37/19 277/38/19
f 295/21/20 296/23/20 285/39/20 281/37/20
f 306/34/21 307/33/21 293/40/21 289/41/21
f 307/33/22 308/35/22 297/42/22 293/40/22
f 282/10/23 283/9/23 305/43/23 301/44/23
f 283/9/24 284/11/24 309/45/24 305/43/24
f 284/11/25 285/12/25 273/46/25 309/45/25
f 296/23/26 297/24/26 273/47/26 285/39/26
f 308/35/27 309/36/27 273/48/27 297/42/27
f 3/49/28 28/50/28 274/1/28 27/51/28
f 28/50/29 29/52/29 275/2/29 274/1/29
f 29/52/30 30/53/30 276/5/30 275/2/30
f 30/53/31 31/54/31 277/7/31 276/5/31
f 27/51/32 274/1/32 278/4/32 26/55/32
f 26/55/33 278/4/33 282/10/33 25/56/33
f 25/56/34 282/10/34 301/44/34 24/57/34
f 4/58/35 35/59/35 286/13/35 34/60/35
f 35/59/36 36/61/36 287/14/36 286/13/36
f 36/61/37 37/62/37 288/17/37 287/14/37
f 37/62/38 38/63/38 289/19/38 288/17/38
f 34/60/39 286/13/39 290/16/39 33/64/39
f 33/64/40 290/16/40 294/22/40 32/65/40
f 32/65/41 294/22/41 277/38/41 31/66/41
f 5/67/42 21/68/42 298/25/42 41/69/42
f 21/68/43 22/70/43 299/26/43 298/25/43
f 22/70/44 23/71/44 300/29/44 299/26/44
f 23/71/45 24/72/45 301/31/45 300/29/45
f 41/69/46 298/25/46 302/28/46 40/73/46
f 40/73/47 302/28/47 306/34/47 39/74/47
f 39/74/48 306/34/48 289/41/48 38/75/48
f 311/76/49 312/77/49 316/78/49 315/79/49
f 312/77/50 313/80/50 317/81/50 316/78/50
f 313/80/51 314/82/51 318/83/51 317/81/51
f 315/79/52 316/78/52 320/84/52 319/85/52
f 316/78/53 317/81/53 321/86/53 320/84/53
f 317/81/54 318/83/54 322/87/54 321/86/54
f 323/13/55 324/16/55 328/15/55 327/88/55
f 324/16/56 325/89/56 329/21/56 328/15/56
f 325/89/57 326/38/57 330/37/57 329/21/57
f 327/88/58 328/15/58 332/90/58 331/91/58
f 328/15/59 329/21/59 333/92/59 332/90/59
f 329/21/60 330/37/60 334/93/60 333/92/60
f 335/94/61 336/95/61 340/96/61 339/97/61
f 336/95/62 337/98/62 341/99/62 340/96/62
f 337/98/63 338/100/63 342/101/63 341/99/63
f 339/97/64 340/96/64 344/102/64 343/103/64
f 340/96/65 341/99/65 345/104/65 344/102/65
f 341/99/66 342/101/66 346/105/66 345/104/66
f 331/91/67 332/90/67 318/20/67 314/19/67
f 332/90/68 333/92/68 322/24/68 318/20/68
f 343/103/69 344/102/69 330/106/69 326/107/69
f 344/102/70 345/104/70 334/108/70 330/106/70
f 319/85/71 320/84/71 342/109/71 338/110/71
f 320/84/72 321/86/72 346/111/72 342/109/72
f 321/86/73 322/87/73 310/112/73 346/111/73
f 333/92/74 334/93/74 310/47/74 322/24/74
f 345/104/75 346/105/75 310/113/75 334/108/75
f 8/114/76 49/115/76 311/76/76 48/116/76
f 49/115/77 50/117/77 312/77/77 311/76/77
f 50/117/78 51/118/78 313/80/78 312/77/78
f 51/118/79 52/119/79 314/82/79 313/80/79
f 48/116/80 311/76/80 315/79/80 47/120/80
f 47/120/81 315/79/81 319/85/81 46/121/81
f 46/121/82 319/85/82 338/110/82 45/122/82
f 9/58/83 56/60/83 323/13/83 55/59/83
f 56/60/84 57/64/84 324/16/84 323/13/84
f 57/64/85 58/65/85 325/89/85 324/16/85
f 58/65/86 59/66/86 326/38/86 325/89/86
f 55/59/87 323/13/87 327/88/87 54/123/87
f 54/123/88 327/88/88 331/91/88 53/124/88
f 53/124/89 331/91/89 314/19/89 52/125/89
f 10/126/90 42/127/90 335/94/90 62/128/90
f 42/127/91 43/129/91 336/95/91 335/94/91
f 43/129/92 44/130/92 337/98/92 336/95/92
f 44/130/93 45/131/93 338/100/93 337/98/93
f 62/128/94 335/94/94 339/97/94 61/132/94
f 61/132/95 339/97/95 343/103/95 60/133/95
f 60/133/96 343/103/96 326/107/96 59/134/96
f 348/135/97 349/28/97 353/27/97 352/26/97
f 349/28/98 350/136/98 354/137/98 353/27/98
f 350/136/99 351/41/99 355/40/99 354/137/99
f 352/26/100 353/27/100 357/30/100 356/138/100
f 353/27/101 354/137/101 358/35/101 357/30/101
f 354/137/102 355/40/102 359/42/102 358/35/102
f 360/139/103 361/140/103 365/141/103 364/142/103
f 361/140/104 362/143/104 366/144/104 365/141/104
f 362/143/105 363/145/105 367/146/105 366/144/105
f 364/142/106 365/141/106 369/147/106 368/148/106
f 365/141/107 366/144/107 370/149/107 369/147/107
f 366/144/108 367/146/108 371/150/108 370/149/108
f 372/151/109 373/152/109 377/153/109 376/154/109
f 373/152/110 374/155/110 378/156/110 377/153/110
f 374/155/111 375/157/111 379/158/111 378/156/111
f 376/154/112 377/153/112 381/159/112 380/160/112
f 377/153/113 378/156/113 382/161/113 381/159/113
f 378/156/114 379/158/114 383/162/114 382/161/114
f 368/148/115 369/147/115 355/163/115 351/164/115
f 369/147/116 370/149/116 359/165/116 355/163/116
f 380/160/117 381/159/117 367/166/117 363/167/117
f 381/159/118 382/161/118 371/168/118 367/166/118
f 356/138/119 357/30/119 379/32/119 375/31/119
f 357/30/120 358/35/120 383/36/120 379/32/120
f 358/35/121 359/42/121 347/48/121 383/36/121
f 370/149/122 371/150/122 347/169/122 359/165/122
f 382/161/123 383/162/123 347/170/123 371/168/123
f 13/171/124 70/69/124 348/135/124 69/68/124
f 70/69/125 71/172/125 349/28/125 348/135/125
f 71/172/126 72/74/126 350/136/126 349/28/126
f 72/74/127 73/173/127 351/41/127 350/136/127
f 69/68/128 348/135/128 352/26/128 68/70/128
f 68/70/129 352/26/129 356/138/129 67/71/129
f 67/71/130 356/138/130 375/31/130 66/72/130
f 14/174/131 77/175/131 360/139/131 76/176/131
f 77/175/132 78/177/132 361/140/132 360/139/132
f 78/177/133 79/178/133 362/143/133 361/140/133
f 79/178/134 80/179/134 363/145/134 362/143/134
f 76/176/135 360/139/135 364/142/135 75/180/135
f 75/180/136 364/142/136 368/148/136 74/181/136
f 74/181/137 368/148/137 351/164/137 73/182/137
f 15/183/138 63/184/138 372/151/138 83/185/138
f 63/184/139 64/186/139 373/152/139 372/151/139
f 64/186/140 65/187/140 374/155/140 373/152/140
f 65/187/141 66/188/141 375/157/141 374/155/141
f 83/185/142 372/151/142 376/154/142 82/189/142
f 82/189/143 376/154/143 380/160/143 81/190/143
f 81/190/144 380/160/144 363/167/144 80/191/144
f 385/192/145 386/193/145 390/194/145 389/195/145
f 386/193/146 387/196/146 391/197/146 390/194/146
f 387/196/147 388/198/147 392/199/147 391/197/147
f 389/195/148 390/194/148 394/200/148 393/201/148
f 390/194/149 391/197/149 395/202/149 394/200/149
f 391/197/150 392/199/150 396/203/150 395/202/150
f 397/139/151 398/142/151 402/204/151 401/205/151
f 398/142/152 399/206/152 403/207/152 402/204/152
f 399/206/153 400/164/153 404/208/153 403/207/153
f 401/205/154 402/204/154 406/144/154 405/209/154
f 402/204/155 403/207/155 407/149/155 406/144/155
f 403/207/156 404/208/156 408/165/156 407/149/156
f 409/210/157 410/79/157 414/78/157 413/77/157
f 410/79/158 411/211/158 415/212/158 414/78/158
f 411/211/159 412/110/159 416/109/159 415/212/159
f 413/77/160 414/78/160 418/213/160 417/214/160
f 414/78/161 415/212/161 419/86/161 418/213/161
f 415/212/162 416/109/162 420/111/162 419/86/162
f 405/209/163 406/144/163 392/215/163 388/145/163
f 406/144/164 407/149/164 396/150/164 392/215/164
f 417/214/165 418/213/165 404/83/165 400/82/165
f 418/213/166 419/86/166 408/87/166 404/83/166
f 393/201/167 394/200/167 416/216/167 412/217/167
f 394/200/168 395/202/168 420/218/168 416/216/168
f 395/202/169 396/203/169 384/219/169 420/218/169
f 407/149/170 408/165/170 384/169/170 396/150/170
f 419/86/171 420/111/171 384/112/171 408/87/171
f 18/220/172 91/221/172 385/192/172 90/222/172
f 91/221/173 92/223/173 386/193/173 385/192/173
f 92/223/174 93/224/174 387/196/174 386/193/174
f 93/224/175 94/225/175 388/198/175 387/196/175
f 90/222/176 385/192/176 389/195/176 89/226/176
f 89/226/177 389/195/177 393/201/177 88/227/177
f 88/227/178 393/201/178 412/217/178 87/228/178
f 19/174/179 98/229/179 397/139/179 97/230/179
f 98/229/180 99/231/180 398/142/180 397/139/180
f 99/231/181 100/181/181 399/206/181 398/142/181
f 100/181/182 101/232/182 400/164/182 399/206/182
f 97/230/183 397/139/183 401/205/183 96/177/183
f 96/177/184 401/205/184 405/209/184 95/178/184
f 95/178/185 405/209/185 388/145/185 94/179/185
f 20/114/186 84/116/186 409/210/186 104/233/186
f 84/116/187 85/120/187 410/79/187 409/210/187
f 85/120/188 86/121/188 411/211/188 410/79/188
f 86/121/189 87/122/189 412/110/189 411/211/189
f 104/233/190 409/210/190 413/77/190 103/234/190
f 103/234/191 413/77/191 417/214/191 102/118/191
f 102/118/192 417/214/192 400/82/192 101/235/192
f 421/236/193 422/237/193 429/238/193 428/239/193
f 422/237/194 423/240/194 430/241/194 429/238/194
f 423/240/195 424/242/195 431/243/195 430/241/195
f 424/242/196 425/244/196 432/245/196 431/243/196
f 425/244/197 426/246/197 433/247/197 432/245/197
f 426/246/198 427/248/198 434/249/198 433/247/198
f 428/239/199 429/238/199 436/250/199 435/251/199
f 429/238/200 430/241/200 437/252/200 436/250/200
f 430/241/201 431/243/201 438/253/201 437/252/201
f 431/243/202 432/245/202 439/254/202 438/253/202
f 432/245/203 433/247/203 440/255/203 439/254/203
f 433/247/204 434/249/204 441/256/204 440/255/204
f 435/251/205 436/250/205 443/257/205 442/258/205
f 436/250/206 437/252/206 444/259/206 443/257/206
f 437/252/207 438/253/207 445/260/207 444/259/207
f 438/253/208 439/254/208 446/261/208 445/260/208
f 439/254/209 440/255/209 447/262/209 446/261/209
f 440/255/210 441/256/210 448/263/210 447/262/210
f 442/264/211 443/265/211 450/266/211 449/267/211
f 443/265/212 444/268/212 451/269/212 450/266/212
f 444/268/213 445/270/213 452/271/213 451/269/213
f 445/270/214 446/272/214 453/273/214 452/271/214
f 446/272/215 447/274/215 454/275/215 453/273/215
f 447/274/216 448/276/216 455/277/216 454/275/216
f 449/267/217 450/266/217 457/278/217 456/279/217
f 450/266/218 451/269/218 458/280/218 457/278/218
f 451/269/219 452/271/219 459/281/219 458/280/219
f 452/271/220 453/273/220 460/282/220 459/281/220
f 453/273/221 454/275/221 461/283/221 460/282/221
f 454/275/222 455/277/222 462/284/222 461/283/222
f 456/279/223 457/278/223 464/285/223 463/286/223
f 457/278/224 458/280/224 465/287/224 464/285/224
f 458/280/225 459/281/225 466/288/225 465/287/225
f 459/281/226 460/282/226 467/289/226 466/288/226
f 460/282/227 461/283/227 468/290/227 467/289/227
f 461/283/228 462/284/228 469/291/228 468/290/228
f 15/183/229 105/292/229 421/236/229 63/184/229
f 105/292/230 106/293/230 422/237/230 421/236/230
f 106/293/231 107/294/231 423/240/231 422/237/231
f 107/294/232 108/295/232 424/242/232 423/240/232
f 108/295/233 109/296/233 425/244/233 424/242/233
f 109/296/234 110/297/234 426/246/234 425/244/234
f 110/297/235 111/298/235 427/248/235 426/246/235
f 111/298/236 18/220/236 90/222/236 427/248/236
f 427/248/237 90/222/237 89/226/237 434/249/237
f 434/249/238 89/226/238 88/227/238 441/256/238
f 441/256/239 88/227/239 87/228/239 448/263/239
f 448/276/240 87/122/240 86/121/240 455/277/240
f 455/277/241 86/121/241 85/120/241 462/284/241
f 462/284/242 85/120/242 84/116/242 469/291/242
f 469/291/243 84/116/243 20/114/243 112/299/243
f 468/290/244 469/291/244 112/299/244 113/300/244
f 467/289/245 468/290/245 113/300/245 114/301/245
f 466/288/246 467/289/246 114/301/246 115/302/246
f 465/287/247 466/288/247 115/302/247 116/303/247
f 464/285/248 465/287/248 116/303/248 117/304/248
f 463/286/249 464/285/249 117/304/249 118/305/249
f 69/68/250 463/286/250 118/305/250 13/171/250
f 68/70/251 456/279/251 463/286/251 69/68/251
f 67/71/252 449/267/252 456/279/252 68/70/252
f 66/72/253 442/264/253 449/267/253 67/71/253
f 65/187/254 435/251/254 442/258/254 66/188/254
f 64/186/255 428/239/255 435/251/255 65/187/255
f 63/184/256 421/236/256 428/239/256 64/186/256
f 470/306/257 471/307/257 478/308/257 477/309/257
f 471/307/258 472/310/258 479/311/258 478/308/258
f 472/310/259 473/312/259 480/313/259 479/311/259
f 473/312/260 474/314/260 481/315/260 480/313/260
f 474/314/261 475/316/261 482/317/261 481/315/261
f 475/316/262 476/318/262 483/319/262 482/317/262
f 477/309/263 478/308/263 485/320/263 484/321/263
f 478/308/264 479/311/264 486/322/264 485/320/264
f 479/311/265 480/313/265 487/323/265 486/322/265
f 480/313/266 481/315/266 488/324/266 487/323/266
f 481/315/267 482/317/267 489/325/267 488/324/267
f 482/317/268 483/319/268 490/326/268 489/325/268
f 484/321/269 485/320/269 492/327/269 491/328/269
f 485/320/270 486/322/270 493/329/270 492/327/270
f 486/322/271 487/323/271 494/330/271 493/329/271
f 487/323/272 488/324/272 495/331/272 494/330/272
f 488/324/273 489/325/273 496/332/273 495/331/273
f 489/325/274 490/326/274 497/333/274 496/332/274
f 491/334/275 492/335/275 499/336/275 498/337/275
f 492/335/276 493/338/276 500/339/276 499/336/276
f 493/338/277 494/340/277 501/341/277 500/339/277
f 494/340/278 495/342/278 502/343/278 501/341/278
f 495/342/279 496/344/279 503/345/279 502/343/279
f 496/344/280 497/346/280 504/347/280 503/345/280
f 498/337/281 499/336/281 506/348/281 505/349/281
f 499/336/282 500/339/282 507/350/282 506/348/282
f 500/339/283 501/341/283 508/351/283 507/350/283
f 501/341/284 502/343/284 509/352/284 508/351/284
f 502/343/285 503/345/285 510/353/285 509/352/285
f 503/345/286 504/347/286 511/354/286 510/353/286
f 505/349/287 506/348/287 513/355/287 512/356/287
f 506/348/288 507/350/288 514/357/288 513/355/288
f 507/350/289 508/351/289 515/358/289 514/357/289
f 508/351/290 509/352/290 516/359/290 515/358/290
f 509/352/291 510/353/291 517/360/291 516/359/291
f 510/353/292 511/354/292 518/361/292 517/360/292
f 3/49/293 119/362/293 470/306/293 28/50/293
f 119/362/294 120/363/294 471/307/294 470/306/294
f 120/363/295 121/364/295 472/310/295 471/307/295
f 121/364/296 122/365/296 473/312/296 472/310/296
f 122/365/297 123/366/297 474/314/297 473/312/297
f 123/366/298 124/367/298 475/316/298 474/314/298
f 124/367/299 125/368/299 476/318/299 475/316/299
f 125/368/300 15/183/300 83/185/300 476/318/300
f 476/318/301 83/185/301 82/189/301 483/319/301
f 483/319/302 82/189/302 81/190/302 490/326/302
f 490/326/303 81/190/303 80/191/303 497/333/303
f 497/346/304 80/179/304 79/178/304 504/347/304
f 504/347/305 79/178/305 78/177/305 511/354/305
f 511/354/306 78/177/306 77/175/306 518/361/306
f 518/361/307 77/175/307 14/174/307 126/369/307
f 517/360/308 518/361/308 126/369/308 127/370/308
f 516/359/309 517/360/309 127/370/309 128/371/309
f 515/358/310 516/359/310 128/371/310 129/372/310
f 514/357/311 515/358/311 129/372/311 130/373/311
f 513/355/312 514/357/312 130/373/312 131/374/312
f 512/356/313 513/355/313 131/374/313 132/375/313
f 34/60/314 512/356/314 132/375/314 4/58/314
f 33/64/315 505/349/315 512/356/315 34/60/315
f 32/65/316 498/337/316 505/349/316 33/64/316
f 31/66/317 491/334/317 498/337/317 32/65/317
f 30/53/318 484/321/318 491/328/318 31/54/318
f 29/52/319 477/309/319 484/321/319 30/53/319
f 28/50/320 470/306/320 477/309/320 29/52/320
f 519/376/321 520/377/321 527/378/321 526/379/321
f 520/377/322 521/380/322 528/381/322 527/378/322
f 521/380/323 522/382/323 529/383/323 528/381/323
f 522/382/324 523/384/324 530/385/324 529/383/324
f 523/384/325 524/386/325 531/387/325 530/385/325
f 524/386/326 525/388/326 532/389/326 531/387/326
f 526/379/327 527/378/327 534/390/327 533/391/327
f 527/378/328 528/381/328 535/392/328 534/390/328
f 528/381/329 529/383/329 536/393/329 535/392/329
f 529/383/330 530/385/330 537/394/330 536/393/330
f 530/385/331 531/387/331 538/395/331 537/394/331
f 531/387/332 532/389/332 539/396/332 538/395/332
f 533/391/333 534/390/333 541/397/333 540/398/333
f 534/390/334 535/392/334 542/399/334 541/397/334
f 535/392/335 536/393/335 543/400/335 542/399/335
f 536/393/336 537/394/336 544/401/336 543/400/336
f 537/394/337 538/395/337 545/402/337 544/401/337
f 538/395/338 539/396/338 546/403/338 545/402/338
f 540/404/339 541/405/339 548/406/339 547/407/339
f 541/405/340 542/408/340 549/409/340 548/406/340
f 542/408/341 543/410/341 550/411/341 549/409/341
f 543/410/342 544/412/342 551/413/342 550/411/342
f 544/412/343 545/414/343 552/415/343 551/413/343
f 545/414/344 546/416/344 553/417/344 552/415/344
f 547/407/345 548/406/345 555/418/345 554/419/345
f 548/406/346 549/409/346 556/420/346 555/418/346
f 549/409/347 550/411/347 557/421/347 556/420/347
f 550/411/348 551/413/348 558/422/348 557/421/348
f 551/413/349 552/415/349 559/423/349 558/422/349
f 552/415/350 553/417/350 560/424/350 559/423/350
f 554/419/351 555/418/351 562/425/351 561/426/351
f 555/418/352 556/420/352 563/427/352 562/425/352
f 556/420/353 557/421/353 564/428/353 563/427/353
f 557/421/354 558/422/354 565/429/354 564/428/354
f 558/422/355 559/423/355 566/430/355 565/429/355
f 559/423/356 560/424/356 567/431/356 566/430/356
f 1/432/357 140/433/357 519/376/357 139/434/357
f 140/433/358 141/435/358 520/377/358 519/376/358
f 141/435/359 142/436/359 521/380/359 520/377/359
f 142/436/360 143/437/360 522/382/360 521/380/360
f 143/437/361 144/438/361 523/384/361 522/382/361
f 144/438/362 145/439/362 524/386/362 523/384/362
f 145/439/363 146/440/363 525/388/363 524/386/363
f 146/440/364 5/67/364 41/69/364 525/388/364
f 525/388/365 41/69/365 40/73/365 532/389/365
f 532/389/366 40/73/366 39/74/366 539/396/366
f 539/396/367 39/74/367 38/75/367 546/403/367
f 546/416/368 38/63/368 37/62/368 553/417/368
f 553/417/369 37/62/369 36/61/369 560/424/369
f 560/424/370 36/61/370 35/59/370 567/431/370
f 567/431/371 35/59/371 4/58/371 147/441/371
f 566/430/372 567/431/372 147/441/372 148/442/372
f 565/429/373 566/430/373 148/442/373 149/443/373
f 564/428/374 565/429/374 149/443/374 150/444/374
f 563/427/375 564/428/375 150/444/375 151/445/375
f 562/425/376 563/427/376 151/445/376 152/446/376
f 561/426/377 562/425/377 152/446/377 153/447/377
f 133/448/378 561/426/378 153/447/378 2/449/378
f 134/450/379 554/419/379 561/426/379 133/448/379
f 135/451/380 547/407/380 554/419/380 134/450/380
f 136/452/381 540/404/381 547/407/381 135/451/381
f 137/453/382 533/391/382 540/398/382 136/454/382
f 138/455/383 526/379/383 533/391/383 137/453/383
f 139/434/384 519/376/384 526/379/384 138/455/384
f 568/456/385 569/457/385 576/458/385 575/459/385
f 569/457/386 570/460/386 577/461/386 576/458/386
f 570/460/387 571/462/387 578/463/387 577/461/387
f 571/462/388 572/464/388 579/465/388 578/463/388
f 572/464/389 573/466/389 580/467/389 579/465/389
f 573/466/390 574/468/390 581/469/390 580/467/390
f 575/459/391 576/458/391 583/470/391 582/471/391
f 576/458/392 577/461/392 584/472/392 583/470/392
f 577/461/393 578/463/393 585/473/393 584/472/393
f 578/463/394 579/465/394 586/474/394 585/473/394
f 579/465/395 580/467/395 587/475/395 586/474/395
f 580/467/396 581/469/396 588/476/396 587/475/396
f 582/471/397 583/470/397 590/477/397 589/478/397
f 583/470/398 584/472/398 591/479/398 590/477/398
f 584/472/399 585/473/399 592/480/399 591/479/399
f 585/473/400 586/474/400 593/481/400 592/480/400
f 586/474/401 587/475/401 594/482/401 593/481/401
f 587/475/402 588/476/402 595/483/402 594/482/402
f 589/484/403 590/485/403 597/486/403 596/487/403
f 590/485/404 591/488/404 598/489/404 597/486/404
f 591/488/405 592/490/405 599/491/405 598/489/405
f 592/490/406 593/492/406 600/493/406 599/491/406
f 593/492/407 594/494/407 601/495/407 600/493/407
f 594/494/408 595/496/408 602/497/408 601/495/408
f 596/487/409 597/486/409 604/498/409 603/499/409
f 597/486/410 598/489/410 605/500/410 604/498/410
f 598/489/411 599/491/411 606/501/411 605/500/411
f 599/491/412 600/493/412 607/502/412 606/501/412
f 600/493/413 601/495/413 608/503/413 607/502/413
f 601/495/414 602/497/414 609/504/414 608/503/414
f 603/499/415 604/498/415 611/505/415 610/506/415
f 604/498/416 605/500/416 612/507/416 611/505/416
f 605/500/417 606/501/417 613/508/417 612/507/417
f 606/501/418 607/502/418 614/509/418 613/508/418
f 607/502/419 608/503/419 615/510/419 614/509/419
f 608/503/420 609/504/420 616/511/420 615/510/420
f 19/174/421 154/512/421 568/456/421 98/229/421
f 154/512/422 155/513/422 569/457/422 568/456/422
f 155/513/423 156/514/423 570/460/423 569/457/423
f 156/514/424 157/515/424 571/462/424 570/460/424
f 157/515/425 158/516/425 572/464/425 571/462/425
f 158/516/426 159/517/426 573/466/426 572/464/426
f 159/517/427 160/518/427 574/468/427 573/466/427
f 160/518/428 17/519/428 161/520/428 574/468/428
f 574/468/429 161/520/429 162/521/429 581/469/429
f 581/469/430 162/521/430 163/522/430 588/476/430
f 588/476/431 163/522/431 164/523/431 595/483/431
f 595/496/432 164/524/432 165/525/432 602/497/432
f 602/497/433 165/525/433 166/526/433 609/504/433
f 609/504/434 166/526/434 167/527/434 616/511/434
f 616/511/435 167/527/435 16/528/435 168/529/435
f 615/510/436 616/511/436 168/529/436 169/530/436
f 614/509/437 615/510/437 169/530/437 170/531/437
f 613/508/438 614/509/438 170/531/438 171/532/438
f 612/507/439 613/508/439 171/532/439 172/533/439
f 611/505/440 612/507/440 172/533/440 173/534/440
f 610/506/441 611/505/441 173/534/441 174/535/441
f 104/233/442 610/506/442 174/535/442 20/114/442
f 103/234/443 603/499/443 610/506/443 104/233/443
f 102/118/444 596/487/444 603/499/444 103/234/444
f 101/235/445 589/484/445 596/487/445 102/118/445
f 100/181/446 582/471/446 589/478/446 101/232/446
f 99/231/447 575/459/447 582/471/447 100/181/447
f 98/229/448 568/456/448 575/459/448 99/231/448
f 617/426/449 618/425/449 625/418/449 624/419/449
f 618/425/450 619/427/450 626/536/450 625/418/450
f 619/427/451 620/428/451 627/421/451 626/536/451
f 620/428/452 621/537/452 628/422/452 627/421/452
f 621/537/453 622/538/453 629/423/453 628/422/453
f 622/538/454 623/539/454 630/424/454 629/423/454
f 624/419/455 625/418/455 632/406/455 631/407/455
f 625/418/456 626/536/456 633/409/456 632/406/456
f 626/536/457 627/421/457 634/540/457 633/409/457
f 627/421/458 628/422/458 635/541/458 634/540/458
f 628/422/459 629/423/459 636/415/459 635/541/459
f 629/423/460 630/424/460 637/417/460 636/415/460
f 631/407/461 632/406/461 639/542/461 638/404/461
f 632/406/462 633/409/462 640/408/462 639/542/462
f 633/409/463 634/540/463 641/410/463 640/408/463
f 634/540/464 635/541/464 642/412/464 641/410/464
f 635/541/465 636/415/465 643/543/465 642/412/465
f 636/415/466 637/417/466 644/416/466 643/543/466
f 638/544/467 639/545/467 646/495/467 645/497/467
f 639/545/468 640/546/468 647/493/468 646/495/468
f 640/546/469 641/547/469 648/548/469 647/493/469
f 641/547/470 642/488/470 649/549/470 648/548/470
f 642/488/471 643/550/471 650/551/471 649/549/471
f 643/550/472 644/552/472 651/553/472 650/551/472
f 645/497/473 646/495/473 653/503/473 652/554/473
f 646/495/474 647/493/474 654/555/474 653/503/474
f 647/493/475 648/548/475 655/556/475 654/555/475
f 648/548/476 649/549/476 656/500/476 655/556/476
f 649/549/477 650/551/477 657/557/477 656/500/477
f 650/551/478 651/553/478 658/499/478 657/557/478
f 652/554/479 653/503/479 660/558/479 659/511/479
f 653/503/480 654/555/480 661/509/480 660/558/480
f 654/555/481 655/556/481 662/508/481 661/509/481
f 655/556/482 656/500/482 663/559/482 662/508/482
f 656/500/483 657/557/483 664/505/483 663/559/483
f 657/557/484 658/499/484 665/560/484 664/505/484
f 6/449/485 182/561/485 617/426/485 181/448/485
f 182/561/486 183/562/486 618/425/486 617/426/486
f 183/562/487 184/445/487 619/427/487 618/425/487
f 184/445/488 185/444/488 620/428/488 619/427/488
f 185/444/489 186/443/489 621/537/489 620/428/489
f 186/443/490 187/563/490 622/538/490 621/537/490
f 187/563/491 188/564/491 623/539/491 622/538/491
f 188/564/492 9/58/492 55/59/492 623/539/492
f 623/539/493 55/59/493 54/123/493 630/424/493
f 630/424/494 54/123/494 53/124/494 637/417/494
f 637/417/495 53/124/495 52/125/495 644/416/495
f 644/552/496 52/119/496 51/118/496 651/553/496
f 651/553/497 51/118/497 50/117/497 658/499/497
f 658/499/498 50/117/498 49/115/498 665/560/498
f 665/560/499 49/115/499 8/114/499 189/565/499
f 664/505/500 665/560/500 189/565/500 190/566/500
f 663/559/501 664/505/501 190/566/501 191/533/501
f 662/508/502 663/559/502 191/533/502 192/567/502
f 661/509/503 662/508/503 192/567/503 193/568/503
f 660/558/504 661/509/504 193/568/504 194/569/504
f 659/511/505 660/558/505 194/569/505 195/529/505
f 175/527/506 659/511/506 195/529/506 7/528/506
f 176/526/507 652/554/507 659/511/507 175/527/507
f 177/525/508 645/497/508 652/554/508 176/526/508
f 178/570/509 638/544/509 645/497/509 177/525/509
f 179/571/510 631/407/510 638/404/510 178/452/510
f 180/450/511 624/419/511 631/407/511 179/571/511
f 181/448/512 617/426/512 624/419/512 180/450/512
f 666/572/513 667/466/513 674/573/513 673/574/513
f 667/466/514 668/575/514 675/576/514 674/573/514
f 668/575/515 669/577/515 676/578/515 675/576/515
f 669/577/516 670/460/516 677/461/516 676/578/516
f 670/460/517 671/579/517 678/458/517 677/461/517
f 671/579/518 672/580/518 679/459/518 678/458/518
f 673/574/519 674/573/519 681/475/519 680/581/519
f 674/573/520 675/576/520 682/582/520 681/475/520
f 675/576/521 676/578/521 683/583/521 682/582/521
f 676/578/522 677/461/522 684/472/522 683/583/522
f 677/461/523 678/458/523 685/584/523 684/472/523
f 678/458/524 679/459/524 686/471/524 685/584/524
f 680/581/525 681/475/525 688/482/525 687/483/525
f 681/475/526 682/582/526 689/585/526 688/482/526
f 682/582/527 683/583/527 690/480/527 689/585/527
f 683/583/528 684/472/528 691/479/528 690/480/528
f 684/472/529 685/584/529 692/586/529 691/479/529
f 685/584/530 686/471/530 693/587/530 692/586/530
f 687/398/531 688/397/531 695/390/531 694/391/531
f 688/397/532 689/399/532 696/392/532 695/390/532
f 689/399/533 690/400/533 697/588/533 696/392/533
f 690/400/534 691/401/534 698/394/534 697/588/534
f 691/401/535 692/402/535 699/589/535 698/394/535
f 692/402/536 693/590/536 700/396/536 699/589/536
f 694/391/537 695/390/537 702/378/537 701/379/537
f 695/390/538 696/392/538 703/381/538 702/378/538
f 696/392/539 697/588/539 704/383/539 703/381/539
f 697/588/540 698/394/540 705/385/540 704/383/540
f 698/394/541 699/589/541 706/591/541 705/385/541
f 699/589/542 700/396/542 707/592/542 706/591/542
f 701/379/543 702/378/543 709/377/543 708/593/543
f 702/378/544 703/381/544 710/380/544 709/377/544
f 703/381/545 704/383/545 711/382/545 710/380/545
f 704/383/546 705/385/546 712/384/546 711/382/546
f 705/385/547 706/591/547 713/386/547 712/384/547
f 706/591/548 707/592/548 714/594/548 713/386/548
f 11/595/549 203/596/549 666/572/549 202/520/549
f 203/596/550 204/597/550 667/466/550 666/572/550
f 204/597/551 205/598/551 668/575/551 667/466/551
f 205/598/552 206/515/552 669/577/552 668/575/552
f 206/515/553 207/599/553 670/460/553 669/577/553
f 207/599/554 208/513/554 671/579/554 670/460/554
f 208/513/555 209/600/555 672/580/555 671/579/555
f 209/600/556 14/174/556 76/176/556 672/580/556
f 672/580/557 76/176/557 75/180/557 679/459/557
f 679/459/558 75/180/558 74/181/558 686/471/558
f 686/471/559 74/181/559 73/182/559 693/587/559
f 693/590/560 73/173/560 72/74/560 700/396/560
f 700/396/561 72/74/561 71/172/561 707/592/561
f 707/592/562 71/172/562 70/69/562 714/594/562
f 714/594/563 70/69/563 13/171/563 210/601/563
f 713/386/564 714/594/564 210/601/564 211/439/564
f 712/384/565 713/386/565 211/439/565 212/438/565
f 711/382/566 712/384/566 212/438/566 213/437/566
f 710/380/567 711/382/567 213/437/567 214/602/567
f 709/377/568 710/380/568 214/602/568 215/435/568
f 708/593/569 709/377/569 215/435/569 216/433/569
f 196/434/570 708/593/570 216/433/570 12/432/570
f 197/455/571 701/379/571 708/593/571 196/434/571
f 198/453/572 694/391/572 701/379/572 197/455/572
f 199/454/573 687/398/573 694/391/573 198/453/573
f 200/603/574 680/581/574 687/483/574 199/523/574
f 201/521/575 673/574/575 680/581/575 200/603/575
f 202/520/576 666/572/576 673/574/576 201/521/576
f 715/604/577 716/605/577 723/606/577 722/607/577
f 716/605/578 717/608/578 724/609/578 723/606/578
f 717/608/579 718/610/579 725/611/579 724/609/579
f 718/610/580 719/612/580 726/613/580 725/611/580
f 719/612/581 720/614/581 727/615/581 726/613/581
f 720/614/582 721/616/582 728/617/582 727/615/582
f 722/607/583 723/606/583 730/618/583 729/619/583
f 723/606/584 724/609/584 731/620/584 730/618/584
f 724/609/585 725/611/585 732/621/585 731/620/585
f 725/611/586 726/613/586 733/622/586 732/621/586
f 726/613/587 727/615/587 734/623/587 733/622/587
f 727/615/588 728/617/588 735/624/588 734/623/588
f 729/619/589 730/618/589 737/625/589 736/626/589
f 730/618/590 731/620/590 738/627/590 737/625/590
f 731/620/591 732/621/591 739/628/591 738/627/591
f 732/621/592 733/622/592 740/629/592 739/628/592
f 733/622/593 734/623/593 741/630/593 740/629/593
f 734/623/594 735/624/594 742/631/594 741/630/594
f 736/346/595 737/344/595 744/345/595 743/347/595
f 737/344/596 738/632/596 745/633/596 744/345/596
f 738/632/597 739/340/597 746/341/597 745/633/597
f 739/340/598 740/634/598 747/635/598 746/341/598
f 740/634/599 741/335/599 748/336/599 747/635/599
f 741/335/600 742/334/600 749/337/600 748/336/600
f 743/347/601 744/345/601 751/636/601 750/637/601
f 744/345/602 745/633/602 752/352/602 751/636/602
f 745/633/603 746/341/603 753/351/603 752/352/603
f 746/341/604 747/635/604 754/350/604 753/351/604
f 747/635/605 748/336/605 755/638/605 754/350/605
f 748/336/606 749/337/606 756/639/606 755/638/606
f 750/637/607 751/636/607 758/360/607 757/361/607
f 751/636/608 752/352/608 759/640/608 758/360/608
f 752/352/609 753/351/609 760/358/609 759/640/609
f 753/351/610 754/350/610 761/641/610 760/358/610
f 754/350/611 755/638/611 762/642/611 761/641/611
f 755/638/612 756/639/612 763/643/612 762/642/612
f 18/220/613 217/644/613 715/604/613 91/221/613
f 217/644/614 218/645/614 716/605/614 715/604/614
f 218/645/615 219/646/615 717/608/615 716/605/615
f 219/646/616 220/647/616 718/610/616 717/608/616
f 220/647/617 221/648/617 719/612/617 718/610/617
f 221/648/618 222/649/618 720/614/618 719/612/618
f 222/649/619 223/650/619 721/616/619 720/614/619
f 223/650/620 10/126/620 62/128/620 721/616/620
f 721/616/621 62/128/621 61/132/621 728/617/621
f 728/617/622 61/132/622 60/133/622 735/624/622
f 735/624/623 60/133/623 59/134/623 742/631/623
f 742/334/624 59/66/624 58/65/624 749/337/624
f 749/337/625 58/65/625 57/64/625 756/639/625
f 756/639/626 57/64/626 56/60/626 763/643/626
f 763/643/627 56/60/627 9/58/627 224/375/627
f 762/642/628 763/643/628 224/375/628 225/374/628
f 761/641/629 762/642/629 225/374/629 226/373/629
f 760/358/630 761/641/630 226/373/630 227/372/630
f 759/640/631 760/358/631 227/372/631 228/371/631
f 758/360/632 759/640/632 228/371/632 229/370/632
f 757/361/633 758/360/633 229/370/633 230/369/633
f 97/230/634 757/361/634 230/369/634 19/174/634
f 96/177/635 750/637/635 757/361/635 97/230/635
f 95/178/636 743/347/636 750/637/636 96/177/636
f 94/179/637 736/346/637 743/347/637 95/178/637
f 93/224/638 729/619/638 736/626/638 94/225/638
f 92/223/639 722/607/639 729/619/639 93/224/639
f 91/221/640 715/604/640 722/607/640 92/223/640
f 764/651/641 765/652/641 772/653/641 771/654/641
f 765/652/642 766/655/642 773/656/642 772/653/642
f 766/655/643 767/657/643 774/658/643 773/656/643
f 767/657/644 768/659/644 775/660/644 774/658/644
f 768/659/645 769/661/645 776/662/645 775/660/645
f 769/661/646 770/663/646 777/664/646 776/662/646
f 771/654/647 772/653/647 779/665/647 778/666/647
f 772/653/648 773/656/648 780/667/648 779/665/648
f 773/656/649 774/658/649 781/668/649 780/667/649
f 774/658/650 775/660/650 782/669/650 781/668/650
f 775/660/651 776/662/651 783/670/651 782/669/651
f 776/662/652 777/664/652 784/671/652 783/670/652
f 778/666/653 779/665/653 786/672/653 785/673/653
f 779/665/654 780/667/654 787/674/654 786/672/654
f 780/667/655 781/668/655 788/675/655 787/674/655
f 781/668/656 782/669/656 789/676/656 788/675/656
f 782/669/657 783/670/657 790/677/657 789/676/657
f 783/670/658 784/671/658 791/678/658 790/677/658
f 785/679/659 786/274/659 793/680/659 792/681/659
f 786/274/660 787/682/660 794/273/660 793/680/660
f 787/682/661 788/683/661 795/684/661 794/273/661
f 788/683/662 789/685/662 796/686/662 795/684/662
f 789/685/663 790/265/663 797/687/663 796/686/663
f 790/265/664 791/688/664 798/689/664 797/687/664
f 792/681/665 793/680/665 800/690/665 799/691/665
f 793/680/666 794/273/666 801/282/666 800/690/666
f 794/273/667 795/684/667 802/692/667 801/282/667
f 795/684/668 796/686/668 803/280/668 802/692/668
f 796/686/669 797/687/669 804/278/669 803/280/669
f 797/687/670 798/689/670 805/693/670 804/278/670
f 799/691/671 800/690/671 807/694/671 806/291/671
f 800/690/672 801/282/672 808/695/672 807/694/672
f 801/282/673 802/692/673 809/696/673 808/695/673
f 802/692/674 803/280/674 810/697/674 809/696/674
f 803/280/675 804/278/675 811/285/675 810/697/675
f 804/278/676 805/693/676 812/286/676 811/285/676
f 10/126/677 231/698/677 764/651/677 42/127/677
f 231/698/678 232/699/678 765/652/678 764/651/678
f 232/699/679 233/700/679 766/655/679 765/652/679
f 233/700/680 234/701/680 767/657/680 766/655/680
f 234/701/681 235/702/681 768/659/681 767/657/681
f 235/702/682 236/703/682 769/661/682 768/659/682
f 236/703/683 237/704/683 770/663/683 769/661/683
f 237/704/684 3/49/684 27/51/684 770/663/684
f 770/663/685 27/51/685 26/55/685 777/664/685
f 777/664/686 26/55/686 25/56/686 784/671/686
f 784/671/687 25/56/687 24/57/687 791/678/687
f 791/688/688 24/72/688 23/71/688 798/689/688
f 798/689/689 23/71/689 22/70/689 805/693/689
f 805/693/690 22/70/690 21/68/690 812/286/690
f 812/286/691 21/68/691 5/67/691 238/705/691
f 811/285/692 812/286/692 238/705/692 239/304/692
f 810/697/693 811/285/693 239/304/693 240/706/693
f 809/696/694 810/697/694 240/706/694 241/707/694
f 808/695/695 809/696/695 241/707/695 242/708/695
f 807/694/696 808/695/696 242/708/696 243/709/696
f 806/291/697 807/694/697 243/709/697 244/710/697
f 48/116/698 806/291/698 244/710/698 8/114/698
f 47/120/699 799/691/699 806/291/699 48/116/699
f 46/121/700 792/681/700 799/691/700 47/120/700
f 45/122/701 785/679/701 792/681/701 46/121/701
f 44/130/702 778/666/702 785/673/702 45/131/702
f 43/129/703 771/654/703 778/666/703 44/130/703
f 42/127/704 764/651/704 771/654/704 43/129/704
f 813/711/705 814/712/705 821/713/705 820/714/705
f 814/712/706 815/715/706 822/716/706 821/713/706
f 815/715/707 816/717/707 823/718/707 822/716/707
f 816/717/708 817/719/708 824/720/708 823/718/708
f 817/719/709 818/721/709 825/722/709 824/720/709
f 818/721/710 819/723/710 826/724/710 825/722/710
f 820/714/711 821/713/711 828/725/711 827/726/711
f 821/713/712 822/716/712 829/727/712 828/725/712
f 822/716/713 823/718/713 830/728/713 829/727/713
f 823/718/714 824/720/714 831/729/714 830/728/714
f 824/720/715 825/722/715 832/730/715 831/729/715
f 825/722/716 826/724/716 833/731/716 832/730/716
f 827/726/717 828/725/717 835/732/717 834/733/717
f 828/725/718 829/727/718 836/734/718 835/732/718
f 829/727/719 830/728/719 837/735/719 836/734/719
f 830/728/720 831/729/720 838/736/720 837/735/720
f 831/729/721 832/730/721 839/737/721 838/736/721
f 832/730/722 833/731/722 840/738/722 839/737/722
f 834/733/723 835/732/723 842/739/723 841/740/723
f 835/732/724 836/734/724 843/741/724 842/739/724
f 836/734/725 837/735/725 844/742/725 843/741/725
f 837/735/726 838/736/726 845/743/726 844/742/726
f 838/736/727 839/737/727 846/744/727 845/743/727
f 839/737/728 840/738/728 847/745/728 846/744/728
f 841/740/729 842/739/729 849/746/729 848/747/729
f 842/739/730 843/741/730 850/748/730 849/746/730
f 843/741/731 844/742/731 851/749/731 850/748/731
f 844/742/732 845/743/732 852/750/732 851/749/732
f 845/743/733 846/744/733 853/751/733 852/750/733
f 846/744/734 847/745/734 854/752/734 853/751/734
f 848/747/735 849/746/735 856/753/735 855/754/735
f 849/746/736 850/748/736 857/755/736 856/753/736
f 850/748/737 851/749/737 858/756/737 857/755/737
f 851/749/738 852/750/738 859/757/738 858/756/738
f 852/750/739 853/751/739 860/758/739 859/757/739
f 853/751/740 854/752/740 861/759/740 860/758/740
f 14/174/741 209/600/741 813/711/741 126/369/741
f 209/600/742 208/513/742 814/712/742 813/711/742
f 208/513/743 207/599/743 815/715/743 814/712/743
f 207/599/744 206/515/744 816/717/744 815/715/744
f 206/515/745 205/598/745 817/719/745 816/717/745
f 205/598/746 204/597/746 818/721/746 817/719/746
f 204/597/747 203/596/747 819/723/747 818/721/747
f 203/596/748 11/595/748 245/760/748 819/723/748
f 819/723/749 245/760/749 246/761/749 826/724/749
f 826/724/750 246/761/750 247/762/750 833/731/750
f 833/731/751 247/762/751 248/763/751 840/738/751
f 840/738/752 248/763/752 249/764/752 847/745/752
f 847/745/753 249/764/753 250/765/753 854/752/753
f 854/752/754 250/765/754 251/766/754 861/759/754
f 861/759/755 251/766/755 2/449/755 153/447/755
f 860/758/756 861/759/756 153/447/756 152/446/756
f 859/757/757 860/758/757 152/446/757 151/445/757
f 858/756/758 859/757/758 151/445/758 150/444/758
f 857/755/759 858/756/759 150/444/759 149/443/759
f 856/753/760 857/755/760 149/443/760 148/442/760
f 855/754/761 856/753/761 148/442/761 147/441/761
f 132/375/762 855/754/762 147/441/762 4/58/762
f 131/374/763 848/747/763 855/754/763 132/375/763
f 130/373/764 841/740/764 848/747/764 131/374/764
f 129/372/765 834/733/765 841/740/765 130/373/765
f 128/371/766 827/726/766 834/733/766 129/372/766
f 127/370/767 820/714/767 827/726/767 128/371/767
f 126/369/768 813/711/768 820/714/768 127/370/768
f 862/767/769 863/768/769 870/769/769 869/770/769
f 863/768/770 864/771/770 871/772/770 870/769/770
f 864/771/771 865/773/771 872/774/771 871/772/771
f 865/773/772 866/775/772 873/776/772 872/774/772
f 866/775/773 867/777/773 874/778/773 873/776/773
f 867/777/774 868/779/774 875/780/774 874/778/774
f 869/770/775 870/769/775 877/781/775 876/782/775
f 870/769/776 871/772/776 878/783/776 877/781/776
f 871/772/777 872/774/777 879/784/777 878/783/777
f 872/774/778 873/776/778 880/785/778 879/784/778
f 873/776/779 874/778/779 881/786/779 880/785/779
f 874/778/780 875/780/780 882/787/780 881/786/780
f 876/782/781 877/781/781 884/788/781 883/789/781
f 877/781/782 878/783/782 885/790/782 884/788/782
f 878/783/783 879/784/783 886/791/783 885/790/783
f 879/784/784 880/785/784 887/792/784 886/791/784
f 880/785/785 881/786/785 888/793/785 887/792/785
f 881/786/786 882/787/786 889/794/786 888/793/786
f 883/789/787 884/788/787 891/795/787 890/796/787
f 884/788/788 885/790/788 892/797/788 891/795/788
f 885/790/789 886/791/789 893/798/789 892/797/789
f 886/791/790 887/792/790 894/799/790 893/798/790
f 887/792/791 888/793/791 895/800/791 894/799/791
f 888/793/792 889/794/792 896/801/792 895/800/792
f 890/796/793 891/795/793 898/802/793 897/803/793
f 891/795/794 892/797/794 899/804/794 898/802/794
f 892/797/795 893/798/795 900/805/795 899/804/795
f 893/798/796 894/799/796 901/806/796 900/805/796
f 894/799/797 895/800/797 902/807/797 901/806/797
f 895/800/798 896/801/798 903/808/798 902/807/798
f 897/803/799 898/802/799 905/809/799 904/810/799
f 898/802/800 899/804/800 906/811/800 905/809/800
f 899/804/801 900/805/801 907/812/801 906/811/801
f 900/805/802 901/806/802 908/813/802 907/812/802
f 901/806/803 902/807/803 909/814/803 908/813/803
f 902/807/804 903/808/804 910/815/804 909/814/804
f 5/67/805 146/440/805 862/767/805 238/705/805
f 146/440/806 145/439/806 863/768/806 862/767/806
f 145/439/807 144/438/807 864/771/807 863/768/807
f 144/438/808 143/437/808 865/773/808 864/771/808
f 143/437/809 142/436/809 866/775/809 865/773/809
f 142/436/810 141/435/810 867/777/810 866/775/810
f 141/435/811 140/433/811 868/779/811 867/777/811
f 140/433/812 1/432/812 252/816/812 868/779/812
f 868/779/813 252/816/813 253/817/813 875/780/813
f 875/780/814 253/817/814 254/818/814 882/787/814
f 882/787/815 254/818/815 255/819/815 889/794/815
f 889/794/816 255/819/816 256/820/816 896/801/816
f 896/801/817 256/820/817 257/821/817 903/808/817
f 903/808/818 257/821/818 258/822/818 910/815/818
f 910/815/819 258/822/819 7/528/819 195/529/819
f 909/814/820 910/815/820 195/529/820 194/569/820
f 908/813/821 909/814/821 194/569/821 193/568/821
f 907/812/822 908/813/822 193/568/822 192/567/822
f 906/811/823 907/812/823 192/567/823 191/533/823
f 905/809/824 906/811/824 191/533/824 190/566/824
f 904/810/825 905/809/825 190/566/825 189/565/825
f 244/710/826 904/810/826 189/565/826 8/114/826
f 243/709/827 897/803/827 904/810/827 244/710/827
f 242/708/828 890/796/828 897/803/828 243/709/828
f 241/707/829 883/789/829 890/796/829 242/708/829
f 240/706/830 876/782/830 883/789/830 241/707/830
f 239/304/831 869/770/831 876/782/831 240/706/831
f 238/705/832 862/767/832 869/770/832 239/304/832
f 911/823/833 912/824/833 919/825/833 918/826/833
f 912/824/834 913/827/834 920/828/834 919/825/834
f 913/827/835 914/829/835 921/830/835 920/828/835
f 914/829/836 915/831/836 922/832/836 921/830/836
f 915/831/837 916/833/837 923/834/837 922/832/837
f 916/833/838 917/835/838 924/836/838 923/834/838
f 918/826/839 919/825/839 926/837/839 925/838/839
f 919/825/840 920/828/840 927/839/840 926/837/840
f 920/828/841 921/830/841 928/840/841 927/839/841
f 921/830/842 922/832/842 929/841/842 928/840/842
f 922/832/843 923/834/843 930/842/843 929/841/843
f 923/834/844 924/836/844 931/843/844 930/842/844
f 925/838/845 926/837/845 933/844/845 932/845/845
f 926/837/846 927/839/846 934/846/846 933/844/846
f 927/839/847 928/840/847 935/847/847 934/846/847
f 928/840/848 929/841/848 936/848/848 935/847/848
f 929/841/849 930/842/849 937/849/849 936/848/849
f 930/842/850 931/843/850 938/850/850 937/849/850
f 932/845/851 933/844/851 940/851/851 939/852/851
f 933/844/852 934/846/852 941/853/852 940/851/852
f 934/846/853 935/847/853 942/854/853 941/853/853
f 935/847/854 936/848/854 943/855/854 942/854/854
f 936/848/855 937/849/855 944/856/855 943/855/855
f 937/849/856 938/850/856 945/857/856 944/856/856
f 939/852/857 940/851/857 947/858/857 946/859/857
f 940/851/858 941/853/858 948/860/858 947/858/858
f 941/853/859 942/854/859 949/861/859 948/860/859
f 942/854/860 943/855/860 950/862/860 949/861/860
f 943/855/861 944/856/861 951/863/861 950/862/861
f 944/856/862 945/857/862 952/864/862 951/863/862
f 946/859/863 947/858/863 954/865/863 953/866/863
f 947/858/864 948/860/864 955/867/864 954/865/864
f 948/860/865 949/861/865 956/868/865 955/867/865
f 949/861/866 950/862/866 957/869/866 956/868/866
f 950/862/867 951/863/867 958/870/867 957/869/867
f 951/863/868 952/864/868 959/871/868 958/870/868
f 15/183/869 125/368/869 911/823/869 105/292/869
f 125/368/870 124/367/870 912/824/870 911/823/870
f 124/367/871 123/366/871 913/827/871 912/824/871
f 123/366/872 122/365/872 914/829/872 913/827/872
f 122/365/873 121/364/873 915/831/873 914/829/873
f 121/364/874 120/363/874 916/833/874 915/831/874
f 120/363/875 119/362/875 917/835/875 916/833/875
f 119/362/876 3/49/876 237/704/876 917/835/876
f 917/835/877 237/704/877 236/703/877 924/836/877
f 924/836/878 236/703/878 235/702/878 931/843/878
f 931/843/879 235/702/879 234/701/879 938/850/879
f 938/850/880 234/701/880 233/700/880 945/857/880
f 945/857/881 233/700/881 232/699/881 952/864/881
f 952/864/882 232/699/882 231/698/882 959/871/882
f 959/871/883 231/698/883 10/126/883 223/650/883
f 958/870/884 959/871/884 223/650/884 222/649/884
f 957/869/885 958/870/885 222/649/885 221/648/885
f 956/868/886 957/869/886 221/648/886 220/647/886
f 955/867/887 956/868/887 220/647/887 219/646/887
f 954/865/888 955/867/888 219/646/888 218/645/888
f 953/866/889 954/865/889 218/645/889 217/644/889
f 111/298/890 953/866/890 217/644/890 18/220/890
f 110/297/891 946/859/891 953/866/891 111/298/891
f 109/296/892 939/852/892 946/859/892 110/297/892
f 108/295/893 932/845/893 939/852/893 109/296/893
f 107/294/894 925/838/894 932/845/894 108/295/894
f 106/293/895 918/826/895 925/838/895 107/294/895
f 105/292/896 911/823/896 918/826/896 106/293/896
f 960/872/897 961/753/897 968/746/897 967/873/897
f 961/753/898 962/755/898 969/748/898 968/746/898
f 962/755/899 963/756/899 970/749/899 969/748/899
f 963/756/900 964/874/900 971/750/900 970/749/900
f 964/874/901 965/875/901 972/751/901 971/750/901
f 965/875/902 966/759/902 973/752/902 972/751/902
f 967/873/903 968/746/903 975/739/903 974/740/903
f 968/746/904 969/748/904 976/741/904 975/739/904
f 969/748/905 970/749/905 977/742/905 976/741/905
f 970/749/906 971/750/906 978/876/906 977/742/906
f 971/750/907 972/751/907 979/744/907 978/876/907
f 972/751/908 973/752/908 980/745/908 979/744/908
f 974/740/909 975/739/909 982/732/909 981/733/909
f 975/739/910 976/741/910 983/734/910 982/732/910
f 976/741/911 977/742/911 984/735/911 983/734/911
f 977/742/912 978/876/912 985/736/912 984/735/912
f 978/876/913 979/744/913 986/737/913 985/736/913
f 979/744/914 980/745/914 987/738/914 986/737/914
f 981/733/915 982/732/915 989/725/915 988/877/915
f 982/732/916 983/734/916 990/727/916 989/725/916
f 983/734/917 984/735/917 991/728/917 990/727/917
f 984/735/918 985/736/918 992/878/918 991/728/918
f 985/736/919 986/737/919 993/730/919 992/878/919
f 986/737/920 987/738/920 994/879/920 993/730/920
f 988/877/921 989/725/921 996/713/921 995/880/921
f 989/725/922 990/727/922 997/881/922 996/713/922
f 990/727/923 991/728/923 998/882/923 997/881/923
f 991/728/924 992/878/924 999/720/924 998/882/924
f 992/878/925 993/730/925 1000/722/925 999/720/925
f 993/730/926 994/879/926 1001/724/926 1000/722/926
f 995/880/927 996/713/927 1003/712/927 1002/883/927
f 996/713/928 997/881/928 1004/715/928 1003/712/928
f 997/881/929 998/882/929 1005/717/929 1004/715/929
f 998/882/930 999/720/930 1006/719/930 1005/717/930
f 999/720/931 1000/722/931 1007/721/931 1006/719/931
f 1000/722/932 1001/724/932 1008/723/932 1007/721/932
f 9/58/933 188/564/933 960/872/933 224/375/933
f 188/564/934 187/563/934 961/753/934 960/872/934
f 187/563/935 186/443/935 962/755/935 961/753/935
f 186/443/936 185/444/936 963/756/936 962/755/936
f 185/444/937 184/445/937 964/874/937 963/756/937
f 184/445/938 183/562/938 965/875/938 964/874/938
f 183/562/939 182/561/939 966/759/939 965/875/939
f 182/561/940 6/449/940 259/884/940 966/759/940
f 966/759/941 259/884/941 260/765/941 973/752/941
f 973/752/942 260/765/942 261/764/942 980/745/942
f 980/745/943 261/764/943 262/763/943 987/738/943
f 987/738/944 262/763/944 263/762/944 994/879/944
f 994/879/945 263/762/945 264/761/945 1001/724/945
f 1001/724/946 264/761/946 265/760/946 1008/723/946
f 1008/723/947 265/760/947 17/519/947 160/518/947
f 1007/721/948 1008/723/948 160/518/948 159/517/948
f 1006/719/949 1007/721/949 159/517/949 158/516/949
f 1005/717/950 1006/719/950 158/516/950 157/515/950
f 1004/715/951 1005/717/951 157/515/951 156/514/951
f 1003/712/952 1004/715/952 156/514/952 155/513/952
f 1002/883/953 1003/712/953 155/513/953 154/512/953
f 230/369/954 1002/883/954 154/512/954 19/174/954
f 229/370/955 995/880/955 1002/883/955 230/369/955
f 228/371/956 988/877/956 995/880/956 229/370/956
f 227/372/957 981/733/957 988/877/957 228/371/957
f 226/373/958 974/740/958 981/733/958 227/372/958
f 225/374/959 967/873/959 974/740/959 226/373/959
f 224/375/960 960/872/960 967/873/960 225/374/960
f 1009/885/961 1010/809/961 1017/802/961 1016/803/961
f 1010/809/962 1011/811/962 1018/886/962 1017/802/962
f 1011/811/963 1012/812/963 1019/805/963 1018/886/963
f 1012/812/964 1013/887/964 1020/806/964 1019/805/964
f 1013/887/965 1014/888/965 1021/807/965 1020/806/965
f 1014/888/966 1015/815/966 1022/808/966 1021/807/966
f 1016/803/967 1017/802/967 1024/889/967 1023/796/967
f 1017/802/968 1018/886/968 1025/890/968 1024/889/968
f 1018/886/969 1019/805/969 1026/798/969 1025/890/969
f 1019/805/970 1020/806/970 1027/891/970 1026/798/970
f 1020/806/971 1021/807/971 1028/800/971 1027/891/971
f 1021/807/972 1022/808/972 1029/801/972 1028/800/972
f 1023/796/973 1024/889/973 1031/892/973 1030/893/973
f 1024/889/974 1025/890/974 1032/790/974 1031/892/974
f 1025/890/975 1026/798/975 1033/791/975 1032/790/975
f 1026/798/976 1027/891/976 1034/792/976 1033/791/976
f 1027/891/977 1028/800/977 1035/793/977 1034/792/977
f 1028/800/978 1029/801/978 1036/794/978 1035/793/978
f 1030/893/979 1031/892/979 1038/781/979 1037/782/979
f 1031/892/980 1032/790/980 1039/783/980 1038/781/980
f 1032/790/981 1033/791/981 1040/784/981 1039/783/981
f 1033/791/982 1034/792/982 1041/894/982 1040/784/982
f 1034/792/983 1035/793/983 1042/786/983 1041/894/983
f 1035/793/984 1036/794/984 1043/787/984 1042/786/984
f 1037/782/985 1038/781/985 1045/769/985 1044/895/985
f 1038/781/986 1039/783/986 1046/772/986 1045/769/986
f 1039/783/987 1040/784/987 1047/774/987 1046/772/987
f 1040/784/988 1041/894/988 1048/896/988 1047/774/988
f 1041/894/989 1042/786/989 1049/897/989 1048/896/989
f 1042/786/990 1043/787/990 1050/780/990 1049/897/990
f 1044/895/991 1045/769/991 1052/768/991 1051/898/991
f 1045/769/992 1046/772/992 1053/899/992 1052/768/992
f 1046/772/993 1047/774/993 1054/773/993 1053/899/993
f 1047/774/994 1048/896/994 1055/900/994 1054/773/994
f 1048/896/995 1049/897/995 1056/777/995 1055/900/995
f 1049/897/996 1050/780/996 1057/779/996 1056/777/996
f 20/114/997 174/535/997 1009/885/997 112/299/997
f 174/535/998 173/534/998 1010/809/998 1009/885/998
f 173/534/999 172/533/999 1011/811/999 1010/809/999
f 172/533/1000 171/532/1000 1012/812/1000 1011/811/1000
f 171/532/1001 170/531/1001 1013/887/1001 1012/812/1001
f 170/531/1002 169/530/1002 1014/888/1002 1013/887/1002
f 169/530/1003 168/529/1003 1015/815/1003 1014/888/1003
f 168/529/1004 16/528/1004 266/901/1004 1015/815/1004
f 1015/815/1005 266/901/1005 267/821/1005 1022/808/1005
f 1022/808/1006 267/821/1006 268/820/1006 1029/801/1006
f 1029/801/1007 268/820/1007 269/819/1007 1036/794/1007
f 1036/794/1008 269/819/1008 270/818/1008 1043/787/1008
f 1043/787/1009 270/818/1009 271/817/1009 1050/780/1009
f 1050/780/1010 271/817/1010 272/816/1010 1057/779/1010
f 1057/779/1011 272/816/1011 12/432/1011 216/433/1011
f 1056/777/1012 1057/779/1012 216/433/1012 215/435/1012
f 1055/900/1013 1056/777/1013 215/435/1013 214/602/1013
f 1054/773/1014 1055/900/1014 214/602/1014 213/437/1014
f 1053/899/1015 1054/773/1015 213/437/1015 212/438/1015
f 1052/768/1016 1053/899/1016 212/438/1016 211/439/1016
f 1051/898/1017 1052/768/1017 211/439/1017 210/601/1017
f 118/305/1018 1051/898/1018 210/601/1018 13/171/1018
f 117/304/1019 1044/895/1019 1051/898/1019 118/305/1019
f 116/303/1020 1037/782/1020 1044/895/1020 117/304/1020
f 115/302/1021 1030/893/1021 1037/782/1021 116/303/1021
f 114/301/1022 1023/796/1022 1030/893/1022 115/302/1022
f 113/300/1023 1016/803/1023 1023/796/1023 114/301/1023
f 112/299/1024 1009/885/1024 1016/803/1024 113/300/1024
f 1058/902/1025 1061/903/1025 1060/904/1025 1059/905/1025
f 1064/906/1026 1063/907/1026 1062/908/1026 1065/909/1026
f 1072/909/1027 1071/908/1027 1070/907/1027 1073/906/1027
f 1068/903/1028 1067/902/1028 1066/905/1028 1069/904/1028
f 1059/905/1029 1060/904/1029 1065/909/1029 1062/908/1029
f 1067/910/1030 1068/911/1030 1061/912/1030 1058/913/1030
f 1063/913/1031 1064/912/1031 1073/911/1031 1070/910/1031
f 1071/908/1032 1072/909/1032 1069/904/1032 1066/905/1032
f 1074/914/1027 1075/915/1027 1076/916/1027 1077/917/1027
f 1080/918/1028 1081/919/1028 1078/920/1028 1079/921/1028
f 1088/919/1025 1089/918/1025 1086/921/1025 1087/920/1025
f 1084/917/1026 1085/916/1026 1082/915/1026 1083/914/1026
f 1075/915/1032 1078/920/1032 1081/919/1032 1076/916/1032
f 1083/922/1031 1074/923/1031 1077/924/1031 1084/925/1031
f 1079/923/1030 1086/922/1030 1089/925/1030 1080/924/1030
f 1087/920/1029 1082/915/1029 1085/916/1029 1088/919/1029
f 1058/926/1033 1059/927/1033 1075/928/1033 1074/929/1033
f 1060/927/1034 1061/926/1034 1077/929/1034 1076/928/1034
f 1064/930/1034 1065/931/1034 1081/932/1034 1080/933/1034
f 1062/931/1033 1063/930/1033 1079/933/1033 1078/932/1033
f 1072/934/1034 1073/935/1034 1089/936/1034 1088/937/1034
f 1070/935/1033 1071/934/1033 1087/937/1033 1086/936/1033
f 1068/938/1034 1069/939/1034 1085/940/1034 1084/941/1034
f 1066/939/1033 1067/938/1033 1083/941/1033 1082/940/1033
f 1059/927/1033 1062/931/1033 1078/932/1033 1075/928/1033
f 1065/931/1034 1060/927/1034 1076/928/1034 1081/932/1034
f 1067/938/1033 1058/926/1033 1074/929/1033 1083/941/1033
f 1061/926/1034 1068/938/1034 1084/941/1034 1077/929/1034
f 1063/930/1033 1070/935/1033 1086/936/1033 1079/933/1033
f 1073/935/1034 1064/930/1034 1080/933/1034 1089/936/1034
f 1071/934/1033 1066/939/1033 1082/940/1033 1087/937/1033
f 1069/939/1034 1072/934/1034 1088/937/1034 1085/940/1034
